timestamp,accel_x,accel_y,accel_z,gyro_x,gyro_y,gyro_z,mag_x,mag_y,mag_z
2026-09-28T14:54:09.016803,-4.86328125,-2.03125,8.078125,0.0078125,-0.00390625,-0.001953125,21.375,-37.3125,-92.0625
2026-09-28T14:54:09.123654,-4.90234375,-2.0703125,8.12109375,-0.00390625,-0.00390625,0.01171875,21.75,-39.5,-95.25
2026-09-28T14:54:09.151214,-4.90234375,-2.03125,8.078125,-0.021484375,-0.009765625,0.0,21.75,-39.5,-95.25
2026-09-28T14:54:09.170436,-4.90234375,-2.03125,8.078125,-0.021484375,-0.009765625,0.0,22.8125,-38.8125,-92.0625
2026-09-28T14:54:09.193661,-4.90234375,-2.0703125,8.12109375,0.00390625,-0.0078125,-0.001953125,22.8125,-38.8125,-92.0625
2026-09-28T14:54:09.217192,-4.90234375,-2.03125,8.1171875,0.00390625,-0.0078125,-0.001953125,21.75,-38.0625,-96.0
2026-09-28T14:54:09.230836,-4.90234375,-2.03125,8.1171875,0.00390625,-0.0078125,-0.001953125,21.75,-38.0625,-96.0
2026-09-28T14:54:09.256955,-4.90234375,-2.0703125,8.08203125,0.052734375,0.013671875,-0.01171875,21.75,-38.4375,-92.4375
2026-09-28T14:54:09.271181,-4.90234375,-2.0703125,8.08203125,0.052734375,0.013671875,-0.01171875,21.75,-38.4375,-92.4375
2026-09-28T14:54:09.294447,-4.90234375,-2.03125,8.1171875,0.0078125,-0.013671875,-0.009765625,21.75,-38.4375,-92.4375
2026-09-28T14:54:09.317048,-4.90234375,-2.0703125,8.08203125,0.0078125,-0.013671875,-0.009765625,23.1875,-39.125,-94.8125
2026-09-28T14:54:09.330546,-4.90234375,-2.0703125,8.08203125,0.0078125,-0.013671875,-0.009765625,23.1875,-39.125,-94.8125
2026-09-28T14:54:09.352801,-4.90234375,-2.03125,8.1171875,0.017578125,0.017578125,0.0078125,23.1875,-39.125,-94.8125
2026-09-28T14:54:09.374876,-4.90234375,-2.10546875,8.08203125,0.017578125,0.017578125,0.0078125,22.125,-38.0625,-91.625
2026-09-28T14:54:09.392160,-4.90234375,-2.10546875,8.08203125,-0.0703125,-0.0390625,0.01171875,22.125,-38.0625,-91.625
2026-09-28T14:54:09.414948,-4.86328125,-2.03125,8.1171875,-0.0703125,-0.0390625,0.01171875,22.125,-37.3125,-94.4375
2026-09-28T14:54:09.428150,-4.86328125,-2.03125,8.1171875,-0.0703125,-0.0390625,0.01171875,22.125,-37.3125,-94.4375
2026-09-28T14:54:09.450637,-4.90234375,-2.0703125,8.08203125,0.046875,-0.0078125,-0.01171875,22.125,-37.3125,-94.4375
2026-09-28T14:54:09.472063,-4.90234375,-1.9921875,8.15625,0.046875,-0.0078125,-0.01171875,22.4375,-38.0625,-92.0625
2026-09-28T14:54:09.490276,-4.90234375,-1.9921875,8.15625,0.107421875,0.02734375,-0.009765625,22.4375,-38.0625,-92.0625
2026-09-28T14:54:09.510696,-4.90234375,-2.0703125,8.08203125,0.107421875,0.02734375,-0.009765625,22.125,-39.5,-94.875
2026-09-28T14:54:09.528782,-4.90234375,-2.0703125,8.08203125,0.107421875,0.02734375,-0.009765625,22.125,-39.5,-94.875
2026-09-28T14:54:09.546295,-4.90234375,-2.03125,8.15625,-0.0390625,0.005859375,0.021484375,22.125,-39.5,-94.875
2026-09-28T14:54:09.568054,-4.90234375,-2.03125,8.0390625,-0.0390625,0.005859375,0.021484375,22.4375,-38.4375,-94.8125
2026-09-28T14:54:09.580941,-4.90234375,-2.03125,8.0390625,-0.0390625,0.005859375,0.021484375,22.4375,-38.4375,-94.8125
2026-09-28T14:54:09.602599,-4.86328125,-2.0703125,8.12109375,-0.07421875,-0.0234375,0.01953125,22.4375,-38.4375,-94.8125
2026-09-28T14:54:09.624330,-4.90234375,-2.03125,8.078125,-0.07421875,-0.0234375,0.01953125,22.4375,-38.0625,-92.875
2026-09-28T14:54:09.641119,-4.90234375,-2.03125,8.078125,0.025390625,0.015625,0.001953125,22.4375,-38.0625,-92.875
2026-09-28T14:54:09.661203,-4.90234375,-2.03125,8.1171875,0.025390625,0.015625,0.001953125,21.375,-39.125,-94.0625
2026-09-28T14:54:09.675173,-4.90234375,-2.03125,8.1171875,0.025390625,0.015625,0.001953125,21.375,-39.125,-94.0625
2026-09-28T14:54:09.696870,-4.86328125,-2.03125,8.078125,0.001953125,0.009765625,0.009765625,21.375,-39.125,-94.0625
2026-09-28T14:54:09.718416,-4.90234375,-2.0703125,8.12109375,0.001953125,0.009765625,0.009765625,21.75,-37.6875,-92.875
2026-09-28T14:54:09.730842,-4.90234375,-2.0703125,8.12109375,0.001953125,0.009765625,0.009765625,21.75,-37.6875,-92.875
2026-09-28T14:54:09.750591,-4.90234375,-2.03125,8.1171875,-0.0546875,-0.013671875,0.0234375,21.75,-37.6875,-92.875
2026-09-28T14:54:09.768160,-4.90234375,-2.03125,8.1171875,-0.0546875,-0.013671875,0.0234375,21.75,-39.5,-92.4375
2026-09-28T14:54:09.789455,-4.86328125,-2.0703125,8.08203125,0.013671875,0.005859375,0.005859375,21.75,-39.5,-92.4375
2026-09-28T14:54:09.801179,-4.86328125,-2.0703125,8.08203125,0.013671875,0.005859375,0.005859375,21.75,-39.5,-92.4375
2026-09-28T14:54:09.822726,-4.90234375,-2.03125,8.1171875,0.013671875,0.005859375,0.005859375,23.5625,-39.125,-96.0625
2026-09-28T14:54:09.843482,-4.90234375,-2.03125,8.078125,0.04296875,0.017578125,0.001953125,23.5625,-39.125,-96.0625
2026-09-28T14:54:09.860539,-4.90234375,-2.03125,8.078125,0.04296875,0.017578125,0.001953125,22.125,-39.5,-94.875
2026-09-28T14:54:09.877144,-4.90234375,-2.0703125,8.12109375,0.04296875,0.017578125,0.001953125,22.125,-39.5,-94.875
2026-09-28T14:54:09.894111,-4.90234375,-2.0703125,8.12109375,-0.029296875,-0.009765625,0.00390625,22.125,-39.5,-94.875
2026-09-28T14:54:09.915531,-4.90234375,-2.0703125,8.08203125,-0.029296875,-0.009765625,0.00390625,22.125,-39.125,-94.0625
2026-09-28T14:54:09.928866,-4.90234375,-2.0703125,8.08203125,-0.029296875,-0.009765625,0.00390625,22.125,-39.125,-94.0625
2026-09-28T14:54:09.950396,-4.90234375,-2.03125,8.1171875,-0.017578125,-0.00390625,0.0,22.125,-39.125,-94.0625
2026-09-28T14:54:09.969961,-4.90234375,-2.03125,8.078125,-0.017578125,-0.00390625,0.0,22.4375,-39.125,-93.3125
2026-09-28T14:54:09.986883,-4.90234375,-2.03125,8.078125,-0.017578125,-0.00390625,0.0,22.4375,-39.125,-93.3125
2026-09-28T14:54:10.002702,-4.90234375,-2.03125,8.078125,0.0234375,0.00390625,-0.0078125,22.4375,-39.125,-93.3125
2026-09-28T14:54:10.020334,-4.90234375,-2.03125,8.078125,0.0234375,0.00390625,-0.0078125,21.75,-38.0625,-94.875
2026-09-28T14:54:10.040660,-4.86328125,-2.03125,8.1171875,-0.001953125,-0.01171875,-0.005859375,21.75,-38.0625,-94.875
2026-09-28T14:54:10.052410,-4.86328125,-2.03125,8.1171875,-0.001953125,-0.01171875,-0.005859375,21.75,-38.0625,-94.875
2026-09-28T14:54:10.074315,-4.90234375,-2.03125,8.1171875,-0.001953125,-0.01171875,-0.005859375,21.75,-39.5,-95.6875
2026-09-28T14:54:10.096136,-4.90234375,-2.0703125,8.12109375,0.0078125,0.00390625,-0.01171875,21.75,-39.5,-95.6875
2026-09-28T14:54:10.112707,-4.90234375,-2.0703125,8.12109375,0.0078125,0.00390625,-0.01171875,23.1875,-38.8125,-92.9375
2026-09-28T14:54:10.129933,-4.90234375,-2.03125,8.1171875,0.0078125,0.00390625,-0.01171875,23.1875,-38.8125,-92.9375
2026-09-28T14:54:10.146461,-4.90234375,-2.03125,8.1171875,0.0,-0.005859375,-0.0078125,23.1875,-38.8125,-92.9375
2026-09-28T14:54:10.167639,-4.90234375,-2.03125,8.078125,0.0,-0.005859375,-0.0078125,22.125,-39.5,-92.5
2026-09-28T14:54:10.179707,-4.90234375,-2.03125,8.078125,0.0,-0.005859375,-0.0078125,22.125,-39.5,-92.5
2026-09-28T14:54:10.200267,-4.90234375,-2.03125,8.078125,0.0078125,-0.0078125,-0.005859375,22.125,-39.5,-92.5
2026-09-28T14:54:10.220061,-4.90234375,-2.03125,8.1171875,0.0078125,-0.0078125,-0.005859375,22.4375,-37.6875,-93.3125
2026-09-28T14:54:10.231729,-4.90234375,-2.03125,8.1171875,0.0078125,-0.0078125,-0.005859375,22.4375,-37.6875,-93.3125
2026-09-28T14:54:10.252959,-4.90234375,-2.0703125,8.12109375,0.0390625,0.0078125,-0.009765625,22.4375,-37.6875,-93.3125
2026-09-28T14:54:10.270037,-4.90234375,-2.0703125,8.12109375,0.0390625,0.0078125,-0.009765625,21.375,-39.125,-92.0625
2026-09-28T14:54:10.290288,-4.90234375,-2.03125,8.1171875,0.001953125,-0.001953125,-0.005859375,21.375,-39.125,-92.0625
2026-09-28T14:54:10.301991,-4.90234375,-2.03125,8.1171875,0.001953125,-0.001953125,-0.005859375,21.375,-39.125,-92.0625
2026-09-28T14:54:10.323921,-4.90234375,-2.03125,8.078125,0.001953125,-0.001953125,-0.005859375,23.1875,-39.125,-94.875
2026-09-28T14:54:10.345712,-4.90234375,-2.03125,8.1171875,-0.0390625,-0.013671875,0.001953125,23.1875,-39.125,-94.875
2026-09-28T14:54:10.362740,-4.90234375,-2.03125,8.1171875,-0.0390625,-0.013671875,0.001953125,23.1875,-38.0625,-94.125
2026-09-28T14:54:10.379779,-4.90234375,-2.03125,8.1171875,-0.0390625,-0.013671875,0.001953125,23.1875,-38.0625,-94.125
2026-09-28T14:54:10.396341,-4.90234375,-2.03125,8.1171875,0.00390625,0.0078125,-0.0078125,23.1875,-38.0625,-94.125
2026-09-28T14:54:10.417552,-4.90234375,-2.0703125,8.12109375,0.00390625,0.0078125,-0.0078125,21.75,-38.0625,-92.875
2026-09-28T14:54:10.429712,-4.90234375,-2.0703125,8.12109375,0.00390625,0.0078125,-0.0078125,21.75,-38.0625,-92.875
2026-09-28T14:54:10.450175,-4.90234375,-2.03125,8.1171875,0.0078125,-0.0078125,-0.005859375,21.75,-38.0625,-92.875
2026-09-28T14:54:10.470207,-4.90234375,-2.03125,8.1171875,0.0078125,-0.0078125,-0.005859375,23.5625,-38.8125,-92.875
2026-09-28T14:54:10.487680,-4.90234375,-2.03125,8.1171875,0.0,-0.001953125,0.005859375,23.5625,-38.8125,-92.875
2026-09-28T14:54:10.508908,-4.90234375,-2.0703125,8.12109375,0.0,-0.001953125,0.005859375,22.4375,-38.8125,-94.875
2026-09-28T14:54:10.520791,-4.90234375,-2.0703125,8.12109375,0.0,-0.001953125,0.005859375,22.4375,-38.8125,-94.875
2026-09-28T14:54:10.542521,-4.90234375,-2.0703125,8.12109375,-0.03515625,-0.013671875,0.00390625,22.4375,-38.8125,-94.875
2026-09-28T14:54:10.563792,-4.90234375,-2.0703125,8.08203125,-0.03515625,-0.013671875,0.00390625,22.8125,-38.8125,-94.125
2026-09-28T14:54:10.577165,-4.90234375,-2.0703125,8.08203125,-0.03515625,-0.013671875,0.00390625,22.8125,-38.8125,-94.125
2026-09-28T14:54:10.598674,-4.86328125,-2.03125,8.1171875,0.01171875,0.0,-0.009765625,22.8125,-38.8125,-94.125
2026-09-28T14:54:10.615428,-4.86328125,-2.03125,8.1171875,0.01171875,0.0,-0.009765625,21.375,-39.5,-93.3125
2026-09-28T14:54:10.637495,-4.90234375,-2.03125,8.078125,0.01171875,0.0,-0.009765625,21.375,-39.5,-93.3125
2026-09-28T14:54:10.649782,-4.90234375,-2.03125,8.078125,0.021484375,-0.001953125,0.0078125,21.375,-39.5,-93.3125
2026-09-28T14:54:10.669389,-4.86328125,-2.0703125,8.12109375,0.021484375,-0.001953125,0.0078125,23.1875,-38.0625,-94.5
2026-09-28T14:54:10.681204,-4.86328125,-2.0703125,8.12109375,0.021484375,-0.001953125,0.0078125,23.1875,-38.0625,-94.5
2026-09-28T14:54:10.701989,-4.90234375,-2.03125,8.1171875,0.013671875,0.00390625,0.005859375,23.1875,-38.0625,-94.5
2026-09-28T14:54:10.722211,-4.90234375,-2.03125,8.1171875,0.013671875,0.00390625,0.005859375,22.125,-40.25,-91.75
2026-09-28T14:54:10.739695,-4.90234375,-2.03125,8.1171875,0.01953125,-0.001953125,0.001953125,22.125,-40.25,-91.75
2026-09-28T14:54:10.760142,-4.86328125,-2.0703125,8.12109375,0.01953125,-0.001953125,0.001953125,22.4375,-38.4375,-95.3125
2026-09-28T14:54:10.772536,-4.86328125,-2.0703125,8.12109375,0.01953125,-0.001953125,0.001953125,22.4375,-38.4375,-95.3125
2026-09-28T14:54:10.795088,-4.90234375,-2.03125,8.1171875,0.013671875,0.00390625,-0.005859375,22.4375,-38.4375,-95.3125
2026-09-28T14:54:10.815931,-4.90234375,-2.03125,8.078125,0.013671875,0.00390625,-0.005859375,21.375,-39.5,-95.25
2026-09-28T14:54:10.828710,-4.90234375,-2.03125,8.078125,0.013671875,0.00390625,-0.005859375,21.375,-39.5,-95.25
2026-09-28T14:54:10.849333,-4.86328125,-2.0703125,8.12109375,0.001953125,-0.005859375,0.009765625,21.375,-39.5,-95.25
2026-09-28T14:54:10.865920,-4.86328125,-2.0703125,8.12109375,0.001953125,-0.005859375,0.009765625,23.1875,-38.0625,-92.5625
2026-09-28T14:54:10.887130,-4.90234375,-2.03125,8.078125,0.009765625,0.005859375,0.00390625,23.1875,-38.0625,-92.5625
2026-09-28T14:54:10.899305,-4.90234375,-2.03125,8.078125,0.009765625,0.005859375,0.00390625,23.1875,-38.0625,-92.5625
2026-09-28T14:54:10.919654,-4.90234375,-2.03125,8.1171875,0.009765625,0.005859375,0.00390625,21.75,-39.125,-95.6875
2026-09-28T14:54:10.939388,-4.90234375,-2.03125,8.1171875,0.009765625,0.005859375,0.00390625,21.75,-39.125,-95.6875
2026-09-28T14:54:10.951295,-4.90234375,-2.10546875,8.16015625,0.01171875,-0.001953125,0.015625,21.75,-39.125,-95.6875
2026-09-28T14:54:10.971970,-4.90234375,-2.03125,8.1171875,0.01171875,-0.001953125,0.015625,22.8125,-39.125,-95.6875
2026-09-28T14:54:10.989621,-4.90234375,-2.03125,8.1171875,0.056640625,0.0234375,-0.0078125,22.8125,-39.125,-95.6875
2026-09-28T14:54:11.010024,-4.90234375,-2.0703125,8.12109375,0.056640625,0.0234375,-0.0078125,23.1875,-39.5,-94.5
2026-09-28T14:54:11.022356,-4.90234375,-2.0703125,8.12109375,0.056640625,0.0234375,-0.0078125,23.1875,-39.5,-94.5
2026-09-28T14:54:11.044786,-4.90234375,-2.03125,8.1171875,-0.029296875,-0.017578125,0.0,23.1875,-39.5,-94.5
2026-09-28T14:54:11.065751,-4.90234375,-2.0703125,8.12109375,-0.029296875,-0.017578125,0.0,22.4375,-38.8125,-93.75
2026-09-28T14:54:11.078501,-4.90234375,-2.0703125,8.12109375,-0.029296875,-0.017578125,0.0,22.4375,-38.8125,-93.75
2026-09-28T14:54:11.099209,-4.90234375,-2.03125,8.1171875,-0.0234375,0.0078125,0.0078125,22.4375,-38.8125,-93.75
2026-09-28T14:54:11.115801,-4.90234375,-2.03125,8.1171875,-0.0234375,0.0078125,0.0078125,22.4375,-39.5,-93.375
2026-09-28T14:54:11.137133,-4.90234375,-2.03125,8.078125,0.02734375,-0.001953125,-0.009765625,22.4375,-39.5,-93.375
2026-09-28T14:54:11.149261,-4.90234375,-2.03125,8.078125,0.02734375,-0.001953125,-0.009765625,22.4375,-39.5,-93.375
2026-09-28T14:54:11.169663,-4.90234375,-2.0703125,8.12109375,0.02734375,-0.001953125,-0.009765625,21.0,-38.0625,-96.5
2026-09-28T14:54:11.190749,-4.90234375,-2.0703125,8.12109375,0.02734375,-0.001953125,-0.009765625,21.0,-38.0625,-96.5
2026-09-28T14:54:11.208057,-4.90234375,-2.03125,8.1171875,-0.02734375,0.0,-0.009765625,21.75,-38.4375,-95.6875
2026-09-28T14:54:11.225025,-4.86328125,-2.0703125,8.08203125,-0.02734375,0.0,-0.009765625,21.75,-38.4375,-95.6875
2026-09-28T14:54:11.242085,-4.86328125,-2.0703125,8.08203125,-0.05078125,-0.021484375,0.0,21.75,-38.4375,-95.6875
2026-09-28T14:54:11.263385,-4.90234375,-2.03125,8.078125,-0.05078125,-0.021484375,0.0,23.1875,-39.125,-94.5
2026-09-28T14:54:11.276749,-4.90234375,-2.03125,8.078125,-0.05078125,-0.021484375,0.0,23.1875,-39.125,-94.5
2026-09-28T14:54:11.297963,-4.90234375,-2.03125,8.1171875,0.0234375,0.00390625,-0.015625,23.1875,-39.125,-94.5
2026-09-28T14:54:11.319397,-4.90234375,-2.0703125,8.12109375,0.0234375,0.00390625,-0.015625,21.75,-38.8125,-92.5625
2026-09-28T14:54:11.336111,-4.90234375,-2.0703125,8.12109375,0.0234375,0.00390625,-0.015625,21.75,-38.8125,-92.5625
2026-09-28T14:54:11.351831,-4.90234375,-2.03125,8.1171875,-0.001953125,0.001953125,-0.0078125,21.75,-38.8125,-92.5625
2026-09-28T14:54:11.368858,-4.90234375,-2.03125,8.1171875,-0.001953125,0.001953125,-0.0078125,21.75,-39.5,-94.125
2026-09-28T14:54:11.389163,-4.90234375,-2.0703125,8.12109375,-0.046875,-0.017578125,0.0078125,21.75,-39.5,-94.125
2026-09-28T14:54:11.400953,-4.90234375,-2.0703125,8.12109375,-0.046875,-0.017578125,0.0078125,21.75,-39.5,-94.125
2026-09-28T14:54:11.422323,-4.90234375,-2.03125,8.1171875,-0.046875,-0.017578125,0.0078125,21.75,-38.8125,-96.125
2026-09-28T14:54:11.442068,-4.90234375,-2.03125,8.1171875,0.00390625,0.0,-0.00390625,21.75,-38.8125,-96.125
2026-09-28T14:54:11.459152,-4.90234375,-2.03125,8.1171875,0.00390625,0.0,-0.00390625,22.4375,-38.8125,-94.5625
2026-09-28T14:54:11.475791,-4.90234375,-2.0703125,8.12109375,0.00390625,0.0,-0.00390625,22.4375,-38.8125,-94.5625
2026-09-28T14:54:11.492911,-4.90234375,-2.0703125,8.12109375,-0.00390625,-0.005859375,-0.001953125,22.4375,-38.8125,-94.5625
2026-09-28T14:54:11.514486,-4.90234375,-2.03125,8.1171875,-0.00390625,-0.005859375,-0.001953125,22.4375,-39.5,-94.9375
2026-09-28T14:54:11.527312,-4.90234375,-2.03125,8.1171875,-0.00390625,-0.005859375,-0.001953125,22.4375,-39.5,-94.9375
2026-09-28T14:54:11.549102,-4.90234375,-2.0703125,8.12109375,0.0,0.0,0.015625,22.4375,-39.5,-94.9375
2026-09-28T14:54:11.571987,-4.90234375,-2.03125,8.078125,0.0,0.0,0.015625,22.125,-39.125,-92.5625
2026-09-28T14:54:11.589630,-4.90234375,-2.03125,8.078125,0.005859375,0.015625,0.00390625,22.125,-39.125,-92.5625
2026-09-28T14:54:11.612789,-4.86328125,-2.0703125,8.08203125,0.005859375,0.015625,0.00390625,22.4375,-39.125,-95.75
2026-09-28T14:54:11.635493,-4.90234375,-2.0703125,8.12109375,0.005859375,0.015625,0.00390625,22.4375,-39.125,-95.75
2026-09-28T14:54:11.648703,-4.90234375,-2.0703125,8.12109375,-0.041015625,-0.015625,0.021484375,22.4375,-39.125,-95.75
2026-09-28T14:54:11.671534,-4.90234375,-2.03125,8.1171875,-0.041015625,-0.015625,0.021484375,21.375,-38.0625,-95.3125
2026-09-28T14:54:11.694423,-4.86328125,-2.0703125,8.16015625,-0.033203125,0.01171875,0.025390625,21.375,-38.0625,-95.3125
2026-09-28T14:54:11.711788,-4.86328125,-2.0703125,8.16015625,-0.033203125,0.01171875,0.025390625,23.9375,-39.125,-94.5
2026-09-28T14:54:11.729189,-4.90234375,-2.03125,8.078125,-0.033203125,0.01171875,0.025390625,23.9375,-39.125,-94.5
2026-09-28T14:54:11.750489,-4.90234375,-2.03125,8.078125,0.0390625,0.017578125,0.01171875,23.9375,-39.125,-94.5
2026-09-28T14:54:11.768567,-4.90234375,-2.0703125,8.12109375,0.0390625,0.017578125,0.01171875,21.75,-37.6875,-92.1875
2026-09-28T14:54:11.790397,-4.90234375,-2.03125,8.078125,-0.017578125,0.001953125,0.013671875,21.75,-37.6875,-92.1875
2026-09-28T14:54:11.808518,-4.90234375,-2.03125,8.078125,-0.017578125,0.001953125,0.013671875,21.75,-38.4375,-95.75
2026-09-28T14:54:11.826779,-4.90234375,-2.0703125,8.12109375,-0.017578125,0.001953125,0.013671875,21.75,-38.4375,-95.75
2026-09-28T14:54:11.848288,-4.90234375,-2.03125,8.1171875,-0.0390625,-0.001953125,0.01953125,21.75,-38.4375,-95.75
2026-09-28T14:54:11.866697,-4.90234375,-2.03125,8.1171875,-0.0390625,-0.001953125,0.01953125,22.4375,-38.4375,-93.0
2026-09-28T14:54:11.889018,-4.86328125,-2.0703125,8.08203125,0.048828125,0.013671875,-0.001953125,22.4375,-38.4375,-93.0
2026-09-28T14:54:11.909816,-4.86328125,-2.0703125,8.08203125,0.048828125,0.013671875,-0.001953125,22.125,-38.8125,-94.5625
2026-09-28T14:54:11.924223,-4.90234375,-2.03125,8.15625,0.048828125,0.013671875,-0.001953125,22.125,-38.8125,-94.5625
2026-09-28T14:54:11.946805,-4.90234375,-2.03125,8.078125,0.0234375,0.017578125,-0.00390625,22.125,-38.8125,-94.5625
2026-09-28T14:54:11.964934,-4.90234375,-2.03125,8.078125,0.0234375,0.017578125,-0.00390625,22.125,-37.6875,-93.0
2026-09-28T14:54:11.987639,-4.86328125,-2.0703125,8.16015625,-0.072265625,-0.021484375,0.01171875,22.125,-37.6875,-93.0
2026-09-28T14:54:12.009410,-4.90234375,-2.03125,8.078125,-0.072265625,-0.021484375,0.01171875,22.4375,-38.8125,-95.75
2026-09-28T14:54:12.024078,-4.90234375,-2.03125,8.078125,-0.072265625,-0.021484375,0.01171875,22.4375,-38.8125,-95.75
2026-09-28T14:54:12.046447,-4.90234375,-2.0703125,8.12109375,0.021484375,0.0,-0.009765625,22.4375,-38.8125,-95.75
2026-09-28T14:54:12.068138,-4.90234375,-2.0703125,8.12109375,0.021484375,0.0,-0.009765625,22.8125,-38.8125,-93.0
2026-09-28T14:54:12.086578,-4.90234375,-2.0703125,8.08203125,0.0546875,0.01171875,-0.015625,22.8125,-38.8125,-93.0
2026-09-28T14:54:12.108162,-4.90234375,-2.03125,8.078125,0.0546875,0.01171875,-0.015625,20.625,-38.8125,-95.375
2026-09-28T14:54:12.122343,-4.90234375,-2.03125,8.078125,0.0546875,0.01171875,-0.015625,20.625,-38.8125,-95.375
2026-09-28T14:54:12.145009,-4.90234375,-2.0703125,8.16015625,-0.060546875,-0.017578125,0.0078125,20.625,-38.8125,-95.375
2026-09-28T14:54:12.167358,-4.90234375,-2.0703125,8.08203125,-0.060546875,-0.017578125,0.0078125,23.1875,-38.8125,-92.9375
2026-09-28T14:54:12.185211,-4.90234375,-2.0703125,8.08203125,-0.060546875,-0.017578125,0.0078125,23.1875,-38.8125,-92.9375
2026-09-28T14:54:12.207032,-4.90234375,-2.03125,8.1171875,-0.013671875,-0.005859375,-0.001953125,21.75,-38.4375,-95.375
2026-09-28T14:54:12.225007,-4.90234375,-2.0703125,8.08203125,-0.013671875,-0.005859375,-0.001953125,21.75,-38.4375,-95.375
2026-09-28T14:54:12.242433,-4.90234375,-2.0703125,8.08203125,0.060546875,0.01171875,-0.013671875,21.75,-38.4375,-95.375
2026-09-28T14:54:12.264863,-4.90234375,-2.0703125,8.12109375,0.060546875,0.01171875,-0.013671875,22.125,-38.8125,-95.75
2026-09-28T14:54:12.278710,-4.90234375,-2.0703125,8.12109375,0.060546875,0.01171875,-0.013671875,22.125,-38.8125,-95.75
2026-09-28T14:54:12.300718,-4.86328125,-2.0703125,8.08203125,-0.021484375,-0.0078125,0.0078125,22.125,-38.8125,-95.75
2026-09-28T14:54:12.324251,-4.90234375,-2.03125,8.1171875,-0.021484375,-0.0078125,0.0078125,21.75,-38.8125,-92.5625
2026-09-28T14:54:12.341796,-4.90234375,-2.03125,8.1171875,-0.029296875,-0.015625,0.00390625,21.75,-38.8125,-92.5625
2026-09-28T14:54:12.364320,-4.90234375,-2.0703125,8.12109375,-0.029296875,-0.015625,0.00390625,23.1875,-39.875,-94.9375
2026-09-28T14:54:12.387534,-4.90234375,-2.03125,8.078125,0.05859375,0.01171875,-0.00390625,23.1875,-39.875,-94.9375
2026-09-28T14:54:12.400463,-4.90234375,-2.03125,8.078125,0.05859375,0.01171875,-0.00390625,23.1875,-39.875,-94.9375
2026-09-28T14:54:12.424166,-4.90234375,-2.03125,8.1171875,0.05859375,0.01171875,-0.00390625,22.125,-39.875,-94.9375
2026-09-28T14:54:12.445621,-4.90234375,-2.03125,8.078125,0.001953125,0.01171875,0.00390625,22.125,-39.875,-94.9375
2026-09-28T14:54:12.464114,-4.90234375,-2.03125,8.078125,0.001953125,0.01171875,0.00390625,23.1875,-38.4375,-93.0
2026-09-28T14:54:12.486514,-4.90234375,-2.0703125,8.12109375,-0.056640625,-0.0234375,0.01953125,23.1875,-38.4375,-93.0
2026-09-28T14:54:12.499363,-4.90234375,-2.0703125,8.12109375,-0.056640625,-0.0234375,0.01953125,23.1875,-38.4375,-93.0
2026-09-28T14:54:12.522710,-4.90234375,-2.03125,8.1171875,-0.056640625,-0.0234375,0.01953125,21.375,-39.5,-96.5625
2026-09-28T14:54:12.545141,-4.90234375,-2.0703125,8.12109375,0.041015625,0.017578125,0.0,21.375,-39.5,-96.5625
2026-09-28T14:54:12.567434,-4.90234375,-2.0703125,8.12109375,0.041015625,0.017578125,0.0,22.8125,-38.4375,-93.0
2026-09-28T14:54:12.585304,-4.90234375,-2.03125,8.1171875,0.041015625,0.017578125,0.0,22.8125,-38.4375,-93.0
2026-09-28T14:54:12.607736,-4.90234375,-2.0703125,8.08203125,0.03515625,0.005859375,-0.001953125,22.125,-38.0625,-94.5625
2026-09-28T14:54:12.621260,-4.90234375,-2.0703125,8.08203125,0.03515625,0.005859375,-0.001953125,22.125,-38.0625,-94.5625
2026-09-28T14:54:12.644144,-4.90234375,-2.03125,8.1171875,-0.00390625,0.0,0.005859375,22.125,-38.0625,-94.5625
2026-09-28T14:54:12.666906,-4.90234375,-2.03125,8.078125,-0.00390625,0.0,0.005859375,22.4375,-38.8125,-94.5625
2026-09-28T14:54:12.679763,-4.90234375,-2.03125,8.078125,-0.00390625,0.0,0.005859375,22.4375,-38.8125,-94.5625
2026-09-28T14:54:12.705817,-4.86328125,-2.0703125,8.12109375,0.01171875,-0.0078125,0.0,22.4375,-39.125,-93.0
2026-09-28T14:54:12.718771,-4.86328125,-2.0703125,8.12109375,0.01171875,-0.0078125,0.0,22.4375,-39.125,-93.0
2026-09-28T14:54:12.741950,-4.90234375,-2.03125,8.078125,0.03515625,0.009765625,-0.01171875,22.4375,-39.125,-93.0
2026-09-28T14:54:12.764533,-4.86328125,-2.0703125,8.12109375,0.03515625,0.009765625,-0.01171875,22.125,-38.8125,-94.5625
2026-09-28T14:54:12.777898,-4.86328125,-2.0703125,8.12109375,0.03515625,0.009765625,-0.01171875,22.125,-38.8125,-94.5625
2026-09-28T14:54:12.800153,-4.90234375,-2.0703125,8.08203125,0.001953125,-0.001953125,0.00390625,22.125,-38.8125,-94.5625
2026-09-28T14:54:12.822425,-4.90234375,-2.03125,8.078125,0.001953125,-0.001953125,0.00390625,22.125,-39.5,-93.0
2026-09-28T14:54:12.840705,-4.90234375,-2.03125,8.078125,0.005859375,-0.001953125,-0.00390625,22.125,-39.5,-93.0
2026-09-28T14:54:12.863441,-4.90234375,-2.0703125,8.12109375,0.005859375,-0.001953125,-0.00390625,22.125,-38.4375,-95.375
2026-09-28T14:54:12.886178,-4.90234375,-2.0703125,8.12109375,0.015625,0.0,-0.0078125,22.125,-38.4375,-95.375
2026-09-28T14:54:12.899070,-4.90234375,-2.03125,8.078125,0.015625,0.0,-0.0078125,22.125,-38.4375,-95.375
2026-09-28T14:54:12.922351,-4.90234375,-2.0703125,8.12109375,0.015625,0.0,-0.0078125,21.375,-38.4375,-96.1875
2026-09-28T14:54:12.939974,-4.90234375,-2.0703125,8.12109375,-0.01171875,0.005859375,0.009765625,21.375,-38.4375,-96.1875
2026-09-28T14:54:12.963570,-4.90234375,-2.03125,8.078125,-0.01171875,0.005859375,0.009765625,22.4375,-39.5,-95.75
2026-09-28T14:54:12.986122,-4.90234375,-2.03125,8.1171875,-0.0234375,-0.01171875,0.0078125,22.4375,-39.5,-95.75
2026-09-28T14:54:12.999053,-4.90234375,-2.03125,8.1171875,-0.0234375,-0.01171875,0.0078125,22.4375,-39.5,-95.75
2026-09-28T14:54:13.022256,-4.90234375,-2.03125,8.1171875,-0.0234375,-0.01171875,0.0078125,22.4375,-38.4375,-96.5625
2026-09-28T14:54:13.044718,-4.90234375,-2.03125,8.1171875,0.015625,0.017578125,0.0,22.4375,-38.4375,-96.5625
2026-09-28T14:54:13.062683,-4.90234375,-2.03125,8.1171875,0.015625,0.017578125,0.0,22.8125,-39.5,-93.0
2026-09-28T14:54:13.085950,-4.90234375,-2.0703125,8.12109375,0.015625,0.017578125,0.0,22.8125,-39.5,-93.0
2026-09-28T14:54:13.107243,-4.90234375,-2.0703125,8.12109375,-0.013671875,0.00390625,0.00390625,22.8125,-39.125,-94.1875
2026-09-28T14:54:13.120799,-4.90234375,-2.0703125,8.12109375,-0.013671875,0.00390625,0.00390625,22.8125,-39.125,-94.1875
2026-09-28T14:54:13.143753,-4.98046875,-1.953125,8.12109375,-0.380859375,-0.2109375,-0.203125,22.8125,-39.125,-94.1875
2026-09-28T14:54:13.165570,-4.63671875,-2.453125,8.16015625,-0.380859375,-0.2109375,-0.203125,22.125,-37.6875,-94.1875
2026-09-28T14:54:13.178577,-4.63671875,-2.453125,8.16015625,-0.380859375,-0.2109375,-0.203125,22.125,-37.6875,-94.1875
2026-09-28T14:54:13.200498,-4.90234375,-2.18359375,7.96875,0.1875,0.396484375,-0.427734375,22.125,-37.6875,-94.1875
2026-09-28T14:54:13.218371,-4.90234375,-2.18359375,7.96875,0.1875,0.396484375,-0.427734375,23.5625,-38.4375,-92.1875
2026-09-28T14:54:13.241498,-5.171875,-1.72265625,8.1171875,-0.341796875,-0.423828125,-0.021484375,23.5625,-38.4375,-92.1875
2026-09-28T14:54:13.264141,-4.94140625,-2.0703125,8.15625,-0.341796875,-0.423828125,-0.021484375,21.0,-38.4375,-94.5625
2026-09-28T14:54:13.277502,-4.94140625,-2.0703125,8.15625,-0.341796875,-0.423828125,-0.021484375,21.0,-38.4375,-94.5625
2026-09-28T14:54:13.299714,-4.59765625,-2.453125,8.23828125,0.083984375,0.205078125,0.2578125,21.0,-38.4375,-94.5625
2026-09-28T14:54:13.321607,-4.98046875,-2.0703125,8.01171875,0.083984375,0.205078125,0.2578125,21.75,-38.4375,-93.0
2026-09-28T14:54:13.339294,-4.98046875,-2.0703125,8.01171875,0.06640625,0.185546875,0.03125,21.75,-38.4375,-93.0
2026-09-28T14:54:13.362439,-5.01953125,-2.14453125,8.01171875,0.06640625,0.185546875,0.03125,23.1875,-37.3125,-94.9375
2026-09-28T14:54:13.376416,-5.01953125,-2.14453125,8.01171875,0.06640625,0.185546875,0.03125,23.1875,-37.3125,-94.9375
2026-09-28T14:54:13.398002,-5.01953125,-2.22265625,7.9296875,-0.220703125,-0.185546875,-0.1796875,23.1875,-37.3125,-94.9375
2026-09-28T14:54:13.420819,-4.75,-2.52734375,8.078125,-0.220703125,-0.185546875,-0.1796875,23.1875,-37.3125,-93.0
2026-09-28T14:54:13.438547,-4.75,-2.52734375,8.078125,0.376953125,0.32421875,0.052734375,23.1875,-37.3125,-93.0
2026-09-28T14:54:13.461960,-4.828125,-2.48828125,7.89453125,0.376953125,0.32421875,0.052734375,23.5625,-38.4375,-96.9375
2026-09-28T14:54:13.485152,-5.2109375,-1.83984375,7.734375,-0.181640625,-1.14453125,0.28125,23.5625,-38.4375,-96.9375
2026-09-28T14:54:13.498147,-5.2109375,-1.83984375,7.734375,-0.181640625,-1.14453125,0.28125,23.5625,-38.4375,-96.9375
2026-09-28T14:54:13.521315,-4.75,-0.8046875,5.859375,-0.181640625,-1.14453125,0.28125,18.8125,-37.0,-96.125
2026-09-28T14:54:13.543995,-5.36328125,1.45703125,7.2734375,-2.46875,-7.9609375,5.244140625,18.8125,-37.0,-96.125
2026-09-28T14:54:13.562850,-5.36328125,1.45703125,7.2734375,-2.46875,-7.9609375,5.244140625,4.6875,-48.25,-89.0625
2026-09-28T14:54:13.586076,-0.3828125,-3.02734375,13.17578125,-0.064453125,-0.376953125,-0.6796875,4.6875,-48.25,-89.0625
2026-09-28T14:54:13.604964,-3.140625,0.765625,10.03515625,-0.064453125,-0.376953125,-0.6796875,-1.0625,-47.875,-88.6875
2026-09-28T14:54:13.618091,-3.140625,0.765625,10.03515625,-0.064453125,-0.376953125,-0.6796875,-1.0625,-47.875,-88.6875
2026-09-28T14:54:13.641343,-0.15234375,-0.99609375,9.58203125,-0.26953125,0.349609375,0.046875,-1.0625,-47.875,-88.6875
2026-09-28T14:54:13.659092,-0.15234375,-0.99609375,9.58203125,-0.26953125,0.349609375,0.046875,0.0,-47.875,-89.8125
2026-09-28T14:54:13.677496,-1.41796875,-0.69140625,9.9609375,-0.26953125,0.349609375,0.046875,0.0,-47.875,-89.8125
2026-09-28T14:54:13.699832,-2.26171875,-2.296875,10.109375,-1.546875,1.109375,1.435546875,0.0,-47.875,-89.8125
2026-09-28T14:54:13.717609,-2.26171875,-2.296875,10.109375,-1.546875,1.109375,1.435546875,2.875,-42.4375,-89.8125
2026-09-28T14:54:13.740922,-2.22265625,-2.4140625,9.8828125,-0.294921875,5.328125,-1.18359375,2.875,-42.4375,-89.8125
2026-09-28T14:54:13.762315,-2.22265625,-2.4140625,9.8828125,-0.294921875,5.328125,-1.18359375,18.5,-40.625,-92.625
2026-09-28T14:54:13.777052,-4.13671875,0.49609375,6.0859375,-0.294921875,5.328125,-1.18359375,18.5,-40.625,-92.625
2026-09-28T14:54:13.799495,-4.3671875,-2.18359375,6.93359375,-2.6640625,-4.283203125,1.154296875,18.5,-40.625,-92.625
2026-09-28T14:54:13.823321,-2.87109375,-2.48828125,11.21875,-2.6640625,-4.283203125,1.154296875,6.125,-31.5625,-93.8125
2026-09-28T14:54:13.841754,-2.87109375,-2.48828125,11.21875,1.4921875,4.1640625,-0.310546875,6.125,-31.5625,-93.8125
2026-09-28T14:54:13.863146,-3.8671875,-2.22265625,8.421875,1.4921875,4.1640625,-0.310546875,17.75,-36.625,-92.625
2026-09-28T14:54:13.877397,-3.8671875,-2.22265625,8.421875,1.4921875,4.1640625,-0.310546875,17.75,-36.625,-92.625
2026-09-28T14:54:13.899619,-5.32421875,-1.41796875,6.93359375,0.029296875,0.333984375,-0.080078125,17.75,-36.625,-92.625
2026-09-28T14:54:13.922685,-2.296875,-2.375,8.35546875,0.029296875,0.333984375,-0.080078125,21.0,-38.8125,-91.375
2026-09-28T14:54:13.940528,-2.296875,-2.375,8.35546875,4.646484375,2.24609375,0.259765625,21.0,-38.8125,-91.375
2026-09-28T14:54:13.963641,-6.47265625,2.4140625,10.26953125,4.646484375,2.24609375,0.259765625,25.75,-48.9375,-89.0625
2026-09-28T14:54:13.986970,-6.58984375,-0.19140625,8.9609375,5.318359375,4.818359375,1.697265625,25.75,-48.9375,-89.0625
2026-09-28T14:54:14.003095,-6.58984375,-0.19140625,8.9609375,5.318359375,4.818359375,1.697265625,36.25,-59.125,-79.5625
2026-09-28T14:54:14.021626,-5.5546875,-0.69140625,4.7109375,5.318359375,4.818359375,1.697265625,36.25,-59.125,-79.5625
2026-09-28T14:54:14.043877,-8.8828125,0.3046875,7.046875,2.546875,1.73046875,0.494140625,36.25,-59.125,-79.5625
2026-09-28T14:54:14.062611,-8.8828125,0.3046875,7.046875,2.546875,1.73046875,0.494140625,39.875,-64.1875,-71.625
2026-09-28T14:54:14.085835,-10.0,1.07421875,1.72265625,2.560546875,1.861328125,-0.029296875,39.875,-64.1875,-71.625
2026-09-28T14:54:14.098895,-10.0,1.07421875,1.72265625,2.560546875,1.861328125,-0.029296875,39.875,-64.1875,-71.625
2026-09-28T14:54:14.122914,-7.5078125,1.1875,4.48046875,2.560546875,1.861328125,-0.029296875,44.625,-66.0,-69.6875
2026-09-28T14:54:14.146283,-8.12109375,2.0703125,2.94921875,2.080078125,1.3515625,-0.712890625,44.625,-66.0,-69.6875
2026-09-28T14:54:14.168613,-8.12109375,1.45703125,3.484375,2.080078125,1.3515625,-0.712890625,48.9375,-68.9375,-61.75
2026-09-28T14:54:14.187313,-8.12109375,1.45703125,3.484375,-3.494140625,-0.63671875,0.2109375,48.9375,-68.9375,-61.75
2026-09-28T14:54:14.206543,-9.765625,2.18359375,4.48046875,-3.494140625,-0.63671875,0.2109375,47.875,-63.8125,-70.875
2026-09-28T14:54:14.221062,-9.765625,2.18359375,4.48046875,-3.494140625,-0.63671875,0.2109375,47.875,-63.8125,-70.875
2026-09-28T14:54:14.244621,-8.84375,1.68359375,4.40625,-5.21484375,-1.78125,0.236328125,47.875,-63.8125,-70.875
2026-09-28T14:54:14.267248,-11.53125,2.52734375,6.6640625,-5.21484375,-1.78125,0.236328125,43.5,-52.5625,-80.75
2026-09-28T14:54:14.290550,-11.53125,2.52734375,6.6640625,2.8125,-5.681640625,-0.529296875,43.5,-52.5625,-80.75
2026-09-28T14:54:14.306565,-7.0859375,1.1875,8.69921875,2.8125,-5.681640625,-0.529296875,27.1875,-52.9375,-86.3125
2026-09-28T14:54:14.325859,-6.70703125,0.57421875,3.2578125,2.8125,-5.681640625,-0.529296875,27.1875,-52.9375,-86.3125
2026-09-28T14:54:14.344567,-6.70703125,0.57421875,3.2578125,-4.119140625,-1.04296875,1.6875,27.1875,-52.9375,-86.3125
2026-09-28T14:54:14.366926,-4.0625,-2.03125,6.08984375,-4.119140625,-1.04296875,1.6875,15.9375,-44.625,-86.3125
2026-09-28T14:54:14.389551,-4.17578125,-1.109375,9.0390625,0.623046875,-1.921875,-0.412109375,15.9375,-44.625,-86.3125
2026-09-28T14:54:14.407648,-4.17578125,-1.109375,9.0390625,0.623046875,-1.921875,-0.412109375,11.5625,-40.25,-91.0625
2026-09-28T14:54:14.427140,-4.17578125,-0.765625,7.89453125,0.623046875,-1.921875,-0.412109375,11.5625,-40.25,-91.0625
2026-09-28T14:54:14.448904,-4.7109375,-0.8046875,10.34375,0.02734375,-1.201171875,-0.048828125,11.5625,-40.25,-91.0625
2026-09-28T14:54:14.467008,-4.7109375,-0.8046875,10.34375,0.02734375,-1.201171875,-0.048828125,7.9375,-37.0,-88.25
2026-09-28T14:54:14.490595,-4.75,0.11328125,7.81640625,-2.001953125,-2.125,0.603515625,7.9375,-37.0,-88.25
2026-09-28T14:54:14.513240,-3.71484375,-1.2265625,9.0390625,-2.001953125,-2.125,0.603515625,2.125,-31.5625,-90.625
2026-09-28T14:54:14.527057,-3.71484375,-1.2265625,9.0390625,-2.001953125,-2.125,0.603515625,2.125,-31.5625,-90.625
2026-09-28T14:54:14.554560,-3.33203125,-2.10546875,8.7734375,0.3984375,-1.572265625,0.72265625,-1.8125,-31.5625,-85.5
2026-09-28T14:54:14.568080,-3.33203125,-2.10546875,8.7734375,0.3984375,-1.572265625,0.72265625,-1.8125,-31.5625,-85.5
2026-09-28T14:54:14.592249,-2.8359375,-1.76171875,7.23828125,-0.40625,-0.076171875,0.05859375,-1.8125,-31.5625,-85.5
2026-09-28T14:54:14.608741,-2.8359375,-1.76171875,7.23828125,-0.40625,-0.076171875,0.05859375,-2.125,-30.0625,-86.25
2026-09-28T14:54:14.626923,-1.1484375,-2.0703125,10.03515625,-0.40625,-0.076171875,0.05859375,-2.125,-30.0625,-86.25
2026-09-28T14:54:14.653776,-2.60546875,-4.40625,10.1484375,0.72265625,-0.8828125,-2.017578125,-4.3125,-37.0,-84.6875
2026-09-28T14:54:14.672511,-3.90625,-4.86328125,7.31640625,0.72265625,-0.8828125,-2.017578125,-4.3125,-37.0,-84.6875
2026-09-28T14:54:14.690916,-3.90625,-4.86328125,7.31640625,-2.513671875,0.34375,-6.12890625,-4.3125,-37.0,-84.6875
2026-09-28T14:54:14.711362,-4.0625,5.28515625,9.80859375,-2.513671875,0.34375,-6.12890625,2.125,-44.25,-85.9375
2026-09-28T14:54:14.733336,-4.0625,5.28515625,9.80859375,-2.513671875,0.34375,-6.12890625,2.125,-44.25,-85.9375
2026-09-28T14:54:14.747176,-3.37109375,3.37109375,9.8046875,-0.11328125,-0.609375,0.9140625,2.125,-44.25,-85.9375
2026-09-28T14:54:14.770932,-3.37109375,-1.109375,8.96484375,-0.11328125,-0.609375,0.9140625,-0.6875,-48.25,-85.5
2026-09-28T14:54:14.794007,-1.83984375,-0.61328125,9.69140625,0.5,-0.64453125,-0.396484375,-0.6875,-48.25,-85.5
2026-09-28T14:54:14.812834,-1.83984375,-0.61328125,9.69140625,0.5,-0.64453125,-0.396484375,-3.625,-48.9375,-81.5625
2026-09-28T14:54:14.836470,-1.07421875,0.765625,12.41015625,-1.734375,-3.587890625,-0.03125,-3.625,-48.9375,-81.5625
2026-09-28T14:54:14.852985,-1.07421875,0.765625,12.41015625,-1.734375,-3.587890625,-0.03125,-11.9375,-46.0625,-79.5625
2026-09-28T14:54:14.872160,-1.80078125,-0.3828125,8.69921875,-1.734375,-3.587890625,-0.03125,-11.9375,-46.0625,-79.5625
2026-09-28T14:54:14.895968,-0.53515625,0.7265625,10.03125,0.515625,-2.009765625,-0.404296875,-11.9375,-46.0625,-79.5625
2026-09-28T14:54:14.920043,-0.26953125,0.4609375,9.34765625,0.515625,-2.009765625,-0.404296875,-15.5625,-46.0625,-74.0
2026-09-28T14:54:14.938964,-0.26953125,0.4609375,9.34765625,-0.705078125,-1.888671875,0.60546875,-15.5625,-46.0625,-74.0
2026-09-28T14:54:14.958482,1.45703125,-0.15234375,8.62109375,-0.705078125,-1.888671875,0.60546875,-19.9375,-45.3125,-71.25
2026-09-28T14:54:14.973697,1.45703125,-0.15234375,8.62109375,-0.705078125,-1.888671875,0.60546875,-19.9375,-45.3125,-71.25
2026-09-28T14:54:14.996751,2.03125,-0.69140625,9.00390625,0.318359375,-1.166015625,0.158203125,-19.9375,-45.3125,-71.25
2026-09-28T14:54:15.020568,1.83984375,-0.078125,9.50390625,0.318359375,-1.166015625,0.158203125,-21.375,-44.25,-66.125
2026-09-28T14:54:15.038826,1.83984375,-0.078125,9.50390625,-0.439453125,-2.205078125,0.634765625,-21.375,-44.25,-66.125
2026-09-28T14:54:15.062317,2.64453125,-0.23046875,9.609375,-0.439453125,-2.205078125,0.634765625,-25.75,-41.6875,-64.125
2026-09-28T14:54:15.084748,3.29296875,-1.953125,7.390625,-0.39453125,-1.25,-0.1796875,-25.75,-41.6875,-64.125
2026-09-28T14:54:15.098393,3.29296875,-1.953125,7.390625,-0.39453125,-1.25,-0.1796875,-25.75,-41.6875,-64.125
2026-09-28T14:54:15.122225,4.17578125,-2.0703125,8.77734375,-0.39453125,-1.25,-0.1796875,-27.9375,-41.0,-61.75
2026-09-28T14:54:15.146195,4.7109375,-1.68359375,6.78125,-1.0234375,-1.283203125,-0.65234375,-27.9375,-41.0,-61.75
2026-09-28T14:54:15.169986,4.94140625,-1.41796875,7.5078125,-1.0234375,-1.283203125,-0.65234375,-30.8125,-40.625,-56.1875
2026-09-28T14:54:15.188967,4.94140625,-1.41796875,7.5078125,2.154296875,-0.388671875,-0.919921875,-30.8125,-40.625,-56.1875
2026-09-28T14:54:15.208417,5.74609375,0.15234375,9.265625,2.154296875,-0.388671875,-0.919921875,-29.375,-46.0625,-56.1875
2026-09-28T14:54:15.223666,5.74609375,0.15234375,9.265625,2.154296875,-0.388671875,-0.919921875,-29.375,-46.0625,-56.1875
2026-09-28T14:54:15.246375,4.98046875,-0.84375,7.23828125,0.720703125,-0.302734375,-0.50390625,-29.375,-46.0625,-56.1875
2026-09-28T14:54:15.270175,5.2109375,-0.421875,9.0390625,0.720703125,-0.302734375,-0.50390625,-30.0625,-47.5,-52.25
2026-09-28T14:54:15.288474,5.2109375,-0.421875,9.0390625,-2.4453125,-0.63671875,-1.759765625,-30.0625,-47.5,-52.25
2026-09-28T14:54:15.312137,5.32421875,0.4609375,7.5078125,-2.4453125,-0.63671875,-1.759765625,-29.0,-48.9375,-56.625
2026-09-28T14:54:15.335448,4.55859375,1.265625,7.73828125,1.2265625,0.662109375,-0.591796875,-29.0,-48.9375,-56.625
2026-09-28T14:54:15.357675,4.55859375,1.265625,7.73828125,1.2265625,0.662109375,-0.591796875,-26.8125,-50.75,-55.8125
2026-09-28T14:54:15.372960,4.94140625,0.61328125,10.45703125,1.2265625,0.662109375,-0.591796875,-26.8125,-50.75,-55.8125
2026-09-28T14:54:15.396476,4.90234375,0.99609375,7.62890625,0.404296875,-1.41796875,-0.134765625,-26.8125,-50.75,-55.8125
2026-09-28T14:54:15.420476,5.70703125,0.3828125,8.3515625,0.404296875,-1.41796875,-0.134765625,-27.1875,-51.5,-49.875
2026-09-28T14:54:15.438878,5.70703125,0.3828125,8.3515625,-0.65625,-2.3984375,-0.37890625,-27.1875,-51.5,-49.875
2026-09-28T14:54:15.458745,5.9765625,-0.34375,6.85546875,-0.65625,-2.3984375,-0.37890625,-29.375,-50.4375,-47.125
2026-09-28T14:54:15.474402,5.9765625,-0.34375,6.85546875,-0.65625,-2.3984375,-0.37890625,-29.375,-50.4375,-47.125
2026-09-28T14:54:15.497070,6.51171875,0.61328125,7.046875,-0.712890625,-1.609375,-0.33203125,-29.375,-50.4375,-47.125
2026-09-28T14:54:15.521858,6.703125,-0.26953125,6.93359375,-0.712890625,-1.609375,-0.33203125,-29.0,-51.875,-41.5625
2026-09-28T14:54:15.545315,7.125,1.1484375,6.4375,-0.48828125,-1.80078125,-0.330078125,-29.0,-51.875,-41.5625
2026-09-28T14:54:15.564982,7.125,1.1484375,6.4375,-0.48828125,-1.80078125,-0.330078125,-28.625,-51.5,-38.0
2026-09-28T14:54:15.587608,7.35546875,0.0390625,5.40234375,-0.033203125,-1.208984375,-0.8671875,-28.625,-51.5,-38.0
2026-09-28T14:54:15.610785,7.69921875,0.99609375,5.25,-0.033203125,-1.208984375,-0.8671875,-27.5625,-53.3125,-38.8125
2026-09-28T14:54:15.625308,7.69921875,0.99609375,5.25,-0.033203125,-1.208984375,-0.8671875,-27.5625,-53.3125,-38.8125
2026-09-28T14:54:15.648115,8.31640625,0.26953125,4.4453125,-0.1875,-1.134765625,-0.359375,-27.5625,-53.3125,-38.8125
2026-09-28T14:54:15.671821,8.12109375,0.91796875,4.55859375,-0.1875,-1.134765625,-0.359375,-27.9375,-53.3125,-34.0625
2026-09-28T14:54:15.691383,8.12109375,0.91796875,4.55859375,-0.392578125,-0.1328125,-0.4140625,-27.9375,-53.3125,-34.0625
2026-09-28T14:54:15.714820,8.01171875,0.95703125,4.94140625,-0.392578125,-0.1328125,-0.4140625,-25.75,-55.125,-34.8125
2026-09-28T14:54:15.737518,8.0078125,1.76171875,5.1328125,-0.6484375,-0.41796875,-0.01953125,-25.75,-55.125,-34.8125
2026-09-28T14:54:15.756699,8.0078125,1.76171875,5.1328125,-0.6484375,-0.41796875,-0.01953125,-26.4375,-56.1875,-36.8125
2026-09-28T14:54:15.775816,7.7734375,1.1484375,4.63671875,-0.6484375,-0.41796875,-0.01953125,-26.4375,-56.1875,-36.8125
2026-09-28T14:54:15.798005,8.234375,1.76171875,5.0546875,0.15234375,-0.3515625,-0.078125,-26.4375,-56.1875,-36.8125
2026-09-28T14:54:15.816486,8.234375,1.76171875,5.0546875,0.15234375,-0.3515625,-0.078125,-26.4375,-56.9375,-32.0625
2026-09-28T14:54:15.839791,8.4609375,1.4921875,5.1328125,-0.849609375,-0.87890625,0.5,-26.4375,-56.9375,-32.0625
2026-09-28T14:54:15.864114,7.96875,0.421875,3.640625,-0.849609375,-0.87890625,0.5,-25.375,-55.875,-32.4375
2026-09-28T14:54:15.882910,7.96875,0.421875,3.640625,-0.5859375,-0.416015625,0.27734375,-25.375,-55.875,-32.4375
2026-09-28T14:54:15.905962,8.0078125,0.99609375,4.86328125,-0.5859375,-0.416015625,0.27734375,-26.8125,-56.5625,-34.8125
2026-09-28T14:54:15.925742,8.5390625,1.41796875,4.59765625,-0.5859375,-0.416015625,0.27734375,-26.8125,-56.5625,-34.8125
2026-09-28T14:54:15.945659,8.5390625,1.41796875,4.59765625,-0.150390625,0.05078125,0.033203125,-26.8125,-56.5625,-34.8125
2026-09-28T14:54:15.969735,8.66015625,1.30078125,4.671875,-0.150390625,0.05078125,0.033203125,-27.1875,-55.875,-31.25
2026-09-28T14:54:15.993730,8.5,1.07421875,4.40625,-0.509765625,0.623046875,0.318359375,-27.1875,-55.875,-31.25
2026-09-28T14:54:16.016256,8.19921875,0.23046875,3.8671875,-0.509765625,0.623046875,0.318359375,-28.25,-54.0625,-34.4375
2026-09-28T14:54:16.035434,8.19921875,0.23046875,3.8671875,-0.6796875,1.900390625,-0.439453125,-28.25,-54.0625,-34.4375
2026-09-28T14:54:16.058513,8.08203125,0.8828125,4.75,-0.6796875,1.900390625,-0.439453125,-27.9375,-56.5625,-41.9375
2026-09-28T14:54:16.076716,8.08203125,0.8828125,4.75,-0.6796875,1.900390625,-0.439453125,-27.9375,-56.5625,-41.9375
2026-09-28T14:54:16.095996,7.0859375,0.49609375,5.32421875,0.72265625,2.8359375,0.3984375,-27.9375,-56.5625,-41.9375
2026-09-28T14:54:16.120280,6.359375,-0.421875,8.12109375,0.72265625,2.8359375,0.3984375,-26.125,-55.125,-44.75
2026-09-28T14:54:16.143273,5.70703125,0.3046875,6.5078125,-1.349609375,1.701171875,0.24609375,-26.125,-55.125,-44.75
2026-09-28T14:54:16.163312,5.70703125,0.3046875,6.5078125,-1.349609375,1.701171875,0.24609375,-25.375,-53.3125,-49.875
2026-09-28T14:54:16.186359,4.7890625,-0.8828125,6.47265625,-1.5,4.068359375,-1.26171875,-25.375,-53.3125,-49.875
2026-09-28T14:54:16.203599,4.7890625,-0.8828125,6.47265625,-1.5,4.068359375,-1.26171875,-18.125,-56.5625,-62.1875
2026-09-28T14:54:16.223371,4.40625,0.078125,9.04296875,-1.5,4.068359375,-1.26171875,-18.125,-56.5625,-62.1875
2026-09-28T14:54:16.246268,3.79296875,0.49609375,6.203125,1.171875,4.25390625,-1.11328125,-18.125,-56.5625,-62.1875
2026-09-28T14:54:16.269452,0.0,2.14453125,8.19921875,1.171875,4.25390625,-1.11328125,-8.3125,-57.3125,-67.3125
2026-09-28T14:54:16.288464,0.0,2.14453125,8.19921875,-2.65625,7.06640625,3.421875,-8.3125,-57.3125,-67.3125
2026-09-28T14:54:16.307960,-0.26953125,6.55078125,11.49609375,-2.65625,7.06640625,3.421875,1.4375,-63.125,-69.6875
2026-09-28T14:54:16.322695,-0.26953125,6.55078125,11.49609375,-2.65625,7.06640625,3.421875,1.4375,-63.125,-69.6875
2026-09-28T14:54:16.345763,-3.2578125,-2.03125,5.78515625,2.771484375,10.01171875,-1.083984375,1.4375,-63.125,-69.6875
2026-09-28T14:54:16.369644,-7.35546875,4.63671875,9.76953125,2.771484375,10.01171875,-1.083984375,19.1875,-65.625,-69.3125
2026-09-28T14:54:16.392164,-5.9375,2.56640625,9.58203125,0.0859375,5.693359375,2.642578125,19.1875,-65.625,-69.3125
2026-09-28T14:54:16.411208,-5.9375,2.56640625,9.58203125,0.0859375,5.693359375,2.642578125,29.375,-68.1875,-66.125
2026-09-28T14:54:16.435270,-6.890625,-0.15234375,5.78515625,0.734375,5.232421875,-1.025390625,29.375,-68.1875,-66.125
2026-09-28T14:54:16.456952,-6.890625,-0.15234375,5.78515625,0.734375,5.232421875,-1.025390625,37.375,-70.0,-62.9375
2026-09-28T14:54:16.472305,-7.58984375,3.1015625,6.05078125,0.734375,5.232421875,-1.025390625,37.375,-70.0,-62.9375
2026-09-28T14:54:16.495634,-8.23828125,2.87109375,4.13671875,0.083984375,3.603515625,0.0,37.375,-70.0,-62.9375
2026-09-28T14:54:16.518996,-8.5,1.76171875,2.71875,0.083984375,3.603515625,0.0,43.875,-68.9375,-53.8125
2026-09-28T14:54:16.538132,-8.5,1.76171875,2.71875,-0.185546875,3.751953125,-0.75,43.875,-68.9375,-53.8125
2026-09-28T14:54:16.561725,-9.765625,2.71875,0.8046875,-0.185546875,3.751953125,-0.75,50.0625,-68.9375,-49.875
2026-09-28T14:54:16.585484,-10.34765625,3.06640625,0.65234375,0.51953125,5.01953125,-0.720703125,50.0625,-68.9375,-49.875
2026-09-28T14:54:16.604140,-10.34765625,3.06640625,0.65234375,0.51953125,5.01953125,-0.720703125,55.5,-67.125,-40.0
2026-09-28T14:54:16.624431,-10.49609375,2.98828125,-0.0390625,0.51953125,5.01953125,-0.720703125,55.5,-67.125,-40.0
2026-09-28T14:54:16.647840,-9.8828125,1.87890625,-1.109375,0.94921875,4.720703125,-0.328125,55.5,-67.125,-40.0
2026-09-28T14:54:16.666786,-9.8828125,1.87890625,-1.109375,0.94921875,4.720703125,-0.328125,55.875,-67.4375,-24.9375
2026-09-28T14:54:16.690660,-7.390625,1.33984375,-1.1875,2.544921875,2.06640625,-0.2890625,55.875,-67.4375,-24.9375
2026-09-28T14:54:16.715060,-8.84765625,1.30078125,-5.0546875,2.544921875,2.06640625,-0.2890625,57.3125,-66.0,-21.375
2026-09-28T14:54:16.738146,-8.65625,2.8359375,-4.40625,0.0078125,0.591796875,-0.16796875,57.3125,-66.0,-21.375
2026-09-28T14:54:16.757557,-8.65625,2.8359375,-4.40625,0.0078125,0.591796875,-0.16796875,55.5,-64.9375,-22.1875
2026-09-28T14:54:16.776148,-8.390625,2.56640625,-6.3984375,0.0078125,0.591796875,-0.16796875,55.5,-64.9375,-22.1875
2026-09-28T14:54:16.804483,-7.77734375,3.21875,-5.36328125,-0.978515625,-0.57421875,-0.01171875,54.75,-67.125,-23.375
2026-09-28T14:54:16.820025,-7.77734375,3.21875,-5.36328125,-0.978515625,-0.57421875,-0.01171875,54.75,-67.125,-23.375
2026-09-28T14:54:16.844078,-8.27734375,2.48828125,-4.13671875,-2.123046875,-1.4375,0.603515625,54.75,-67.125,-23.375
2026-09-28T14:54:16.868701,-8.3515625,1.72265625,-3.984375,-2.123046875,-1.4375,0.603515625,54.75,-68.9375,-30.5
2026-09-28T14:54:16.887582,-8.3515625,1.72265625,-3.984375,-1.919921875,-2.265625,-0.595703125,54.75,-68.9375,-30.5
2026-09-28T14:54:16.911520,-8.81640625,4.21484375,-1.76171875,-1.919921875,-2.265625,-0.595703125,56.1875,-66.375,-41.9375
2026-09-28T14:54:16.935211,-9.265625,3.5234375,-0.99609375,-4.31640625,-4.498046875,-0.080078125,56.1875,-66.375,-41.9375
2026-09-28T14:54:16.952423,-9.265625,3.5234375,-0.99609375,-4.31640625,-4.498046875,-0.080078125,52.9375,-64.5625,-60.5625
2026-09-28T14:54:16.971273,-9.1953125,4.13671875,-1.30078125,-4.31640625,-4.498046875,-0.080078125,52.9375,-64.5625,-60.5625
2026-09-28T14:54:16.995274,-9.6484375,4.0234375,-0.65234375,-2.37109375,-1.517578125,0.458984375,52.9375,-64.5625,-60.5625
2026-09-28T14:54:17.018788,-9.04296875,2.64453125,3.21875,-2.37109375,-1.517578125,0.458984375,47.875,-60.5625,-65.3125
2026-09-28T14:54:17.038077,-9.04296875,2.64453125,3.21875,-3.767578125,-3.203125,-0.771484375,47.875,-60.5625,-65.3125
2026-09-28T14:54:17.061000,-8.88671875,2.375,3.41015625,-3.767578125,-3.203125,-0.771484375,43.875,-51.5,-76.8125
2026-09-28T14:54:17.083948,-8.88671875,2.375,3.41015625,-3.767578125,-3.203125,-0.771484375,43.875,-51.5,-76.8125
2026-09-28T14:54:17.103080,-8.81640625,2.296875,4.98046875,-3.43359375,-4.244140625,-1.607421875,35.875,-39.5,-87.5
2026-09-28T14:54:17.123648,-8.88671875,2.10546875,4.828125,-3.43359375,-4.244140625,-1.607421875,35.875,-39.5,-87.5
2026-09-28T14:54:17.147266,-7.69921875,1.109375,6.359375,-4.384765625,-3.66796875,-2.30078125,35.875,-39.5,-87.5
2026-09-28T14:54:17.166417,-7.69921875,1.109375,6.359375,-4.384765625,-3.66796875,-2.30078125,26.4375,-24.625,-88.6875
2026-09-28T14:54:17.190788,-6.58984375,0.11328125,6.58984375,-5.673828125,-3.638671875,-0.646484375,26.4375,-24.625,-88.6875
2026-09-28T14:54:17.215064,-5.9375,-2.8359375,7.8515625,-5.673828125,-3.638671875,-0.646484375,13.0625,-9.375,-87.5
2026-09-28T14:54:17.238944,-4.671875,-3.5234375,7.3515625,-5.0625,-3.7265625,-0.88671875,13.0625,-9.375,-87.5
2026-09-28T14:54:17.256312,-4.671875,-3.5234375,7.3515625,-5.0625,-3.7265625,-0.88671875,1.4375,5.75,-79.5625
2026-09-28T14:54:17.274919,-3.37109375,-4.55859375,6.32421875,-5.0625,-3.7265625,-0.88671875,1.4375,5.75,-79.5625
2026-09-28T14:54:17.302880,-3.37109375,-4.55859375,6.32421875,-3.67578125,-3.482421875,-0.6171875,-7.25,12.3125,-68.9375
2026-09-28T14:54:17.317530,-2.71875,-5.8984375,6.40234375,-3.67578125,-3.482421875,-0.6171875,-7.25,12.3125,-68.9375
2026-09-28T14:54:17.341211,-2.375,-6.5859375,5.9765625,-2.46875,-2.90625,-0.666015625,-7.25,12.3125,-68.9375
2026-09-28T14:54:17.364211,-0.99609375,-8.0078125,6.3203125,-2.46875,-2.90625,-0.666015625,-12.3125,14.875,-60.1875
2026-09-28T14:54:17.384201,-0.99609375,-8.0078125,6.3203125,-1.681640625,-2.517578125,0.107421875,-12.3125,14.875,-60.1875
2026-09-28T14:54:17.407495,-0.3046875,-9.0,4.90234375,-1.681640625,-2.517578125,0.107421875,-17.0,17.75,-55.4375
2026-09-28T14:54:17.431270,-0.53515625,-9.61328125,5.8984375,-1.681640625,-2.517578125,0.107421875,-17.0,17.75,-55.4375
2026-09-28T14:54:17.445322,-0.53515625,-9.61328125,5.8984375,1.94140625,0.16015625,-0.3515625,-17.0,17.75,-55.4375
2026-09-28T14:54:17.470088,-0.23046875,-7.85546875,7.0859375,1.94140625,0.16015625,-0.3515625,-19.1875,12.3125,-60.5625
2026-09-28T14:54:17.493800,-0.0390625,-6.7421875,6.3984375,3.029296875,1.359375,0.103515625,-19.1875,12.3125,-60.5625
2026-09-28T14:54:17.516784,-0.0390625,-6.7421875,6.3984375,3.029296875,1.359375,0.103515625,-15.9375,9.0625,-64.125
2026-09-28T14:54:17.535538,-0.49609375,-5.9375,8.3515625,4.359375,1.12109375,-0.77734375,-15.9375,9.0625,-64.125
2026-09-28T14:54:17.555458,-0.84375,-5.515625,8.69921875,4.359375,1.12109375,-0.77734375,-14.5,-2.5,-73.25
2026-09-28T14:54:17.571499,-0.84375,-5.515625,8.69921875,4.359375,1.12109375,-0.77734375,-14.5,-2.5,-73.25
2026-09-28T14:54:17.594721,-0.61328125,-3.37109375,8.7734375,7.28125,0.271484375,-1.4921875,-14.5,-2.5,-73.25
2026-09-28T14:54:17.619381,-1.03515625,-2.0703125,9.3046875,7.28125,0.271484375,-1.4921875,-14.875,-14.875,-75.625
2026-09-28T14:54:17.638445,-1.03515625,-2.0703125,9.3046875,0.755859375,2.03515625,-0.857421875,-14.875,-14.875,-75.625
2026-09-28T14:54:17.660860,-1.07421875,-2.6796875,8.6171875,0.755859375,2.03515625,-0.857421875,-10.5,-17.375,-80.375
2026-09-28T14:54:17.684735,-2.10546875,-1.953125,8.81640625,2.9296875,2.359375,-1.2890625,-10.5,-17.375,-80.375
2026-09-28T14:54:17.709872,-3.33203125,-0.84375,9.19921875,2.9296875,2.359375,-1.2890625,-4.3125,-24.3125,-85.125
2026-09-28T14:54:17.724389,-3.33203125,-0.84375,9.19921875,2.9296875,2.359375,-1.2890625,-4.3125,-24.3125,-85.125
2026-09-28T14:54:17.750403,-3.8671875,-0.0390625,7.9296875,2.37890625,1.953125,-1.216796875,2.125,-31.1875,-82.0
2026-09-28T14:54:17.768523,-3.8671875,-0.0390625,7.9296875,2.37890625,1.953125,-1.216796875,2.125,-31.1875,-82.0
2026-09-28T14:54:17.788176,-4.25390625,0.0390625,7.0078125,4.396484375,2.3828125,-1.630859375,2.125,-31.1875,-82.0
2026-09-28T14:54:17.812957,-5.09375,1.1875,7.890625,4.396484375,2.3828125,-1.630859375,9.75,-42.8125,-82.75
2026-09-28T14:54:17.836000,-5.515625,4.0625,7.390625,7.205078125,-0.03125,0.771484375,9.75,-42.8125,-82.75
2026-09-28T14:54:17.853527,-5.515625,4.0625,7.390625,7.205078125,-0.03125,0.771484375,13.75,-62.75,-72.0625
2026-09-28T14:54:17.873708,-5.36328125,2.98828125,5.94140625,7.205078125,-0.03125,0.771484375,13.75,-62.75,-72.0625
2026-09-28T14:54:17.896944,-5.90234375,4.98046875,3.9453125,3.68359375,0.796875,-0.060546875,13.75,-62.75,-72.0625
2026-09-28T14:54:17.915892,-5.90234375,4.98046875,3.9453125,3.68359375,0.796875,-0.060546875,11.5625,-72.1875,-59.375
2026-09-28T14:54:17.940215,-5.859375,7.39453125,4.7890625,5.392578125,1.025390625,0.548828125,11.5625,-72.1875,-59.375
2026-09-28T14:54:17.963228,-5.8984375,7.125,2.796875,5.392578125,1.025390625,0.548828125,11.1875,-78.375,-47.5
2026-09-28T14:54:17.983507,-5.8984375,7.125,2.796875,3.1171875,1.591796875,-0.142578125,11.1875,-78.375,-47.5
2026-09-28T14:54:18.006927,-5.66796875,5.28515625,1.37890625,3.1171875,1.591796875,-0.142578125,14.125,-80.5,-38.8125
2026-09-28T14:54:18.030855,-6.16796875,6.44140625,-0.421875,3.1171875,1.591796875,-0.142578125,14.125,-80.5,-38.8125
2026-09-28T14:54:18.045113,-6.16796875,6.44140625,-0.421875,2.251953125,2.001953125,-1.583984375,14.125,-80.5,-38.8125
2026-09-28T14:54:18.070008,-7.31640625,8.81640625,-0.69140625,2.251953125,2.001953125,-1.583984375,18.5,-82.0,-32.0625
2026-09-28T14:54:18.094386,-5.59765625,5.44140625,0.8828125,2.89453125,0.796875,-1.5234375,18.5,-82.0,-32.0625
2026-09-28T14:54:18.118256,-7.546875,6.62890625,-3.5234375,2.89453125,0.796875,-1.5234375,6.0,-55.375,7.1875
2026-09-28T14:54:18.137759,-7.546875,6.62890625,-3.5234375,1.345703125,1.001953125,-1.314453125,6.0,-55.375,7.1875
2026-09-28T14:54:18.159981,-7.8515625,8.7734375,-1.1875,1.345703125,1.001953125,-1.314453125,11.6875,-53.0,12.6875
2026-09-28T14:54:18.184318,-6.703125,4.48046875,-2.94921875,2.75390625,1.162109375,-1.6328125,11.6875,-53.0,12.6875
2026-09-28T14:54:18.209971,-8.3515625,5.82421875,-4.4453125,2.75390625,1.162109375,-1.6328125,15.375,-49.4375,20.5625
2026-09-28T14:54:18.224910,-8.3515625,5.82421875,-4.4453125,2.75390625,1.162109375,-1.6328125,15.375,-49.4375,20.5625
2026-09-28T14:54:18.253325,-7.3125,5.515625,-3.8671875,0.958984375,0.240234375,-0.05078125,16.9375,-49.1875,26.1875
2026-09-28T14:54:18.274063,-7.55078125,4.0625,-4.40625,0.958984375,0.240234375,-0.05078125,16.9375,-49.1875,26.1875
2026-09-28T14:54:18.294074,-7.55078125,4.0625,-4.40625,1.318359375,0.03125,-0.623046875,16.9375,-49.1875,26.1875
2026-09-28T14:54:18.319400,-8.1171875,5.32421875,-5.2109375,1.318359375,0.03125,-0.623046875,16.9375,-46.4375,29.375
2026-09-28T14:54:18.344305,-7.0859375,4.48046875,-4.0234375,-0.826171875,0.119140625,-0.134765625,16.9375,-46.4375,29.375
2026-09-28T14:54:18.367801,-7.6953125,4.25390625,-4.17578125,-0.826171875,0.119140625,-0.134765625,17.0625,-48.125,28.125
2026-09-28T14:54:18.386722,-7.6953125,4.25390625,-4.17578125,-1.078125,-0.2578125,-0.51953125,17.0625,-48.125,28.125
2026-09-28T14:54:18.411322,-7.5078125,4.3671875,-4.0625,-1.078125,-0.2578125,-0.51953125,18.125,-49.3125,24.25
2026-09-28T14:54:18.434375,-7.2734375,4.63671875,-3.21875,-0.626953125,-0.044921875,-0.3671875,18.125,-49.3125,24.25
2026-09-28T14:54:18.457861,-7.2734375,4.63671875,-3.21875,-0.626953125,-0.044921875,-0.3671875,19.625,-49.4375,20.5
2026-09-28T14:54:18.473517,-8.1953125,4.90234375,-3.67578125,-0.626953125,-0.044921875,-0.3671875,19.625,-49.4375,20.5
2026-09-28T14:54:18.499437,-7.55078125,4.75,-3.21875,-1.4453125,-0.703125,-0.158203125,19.6875,-51.375,17.6875
2026-09-28T14:54:18.514433,-7.55078125,4.75,-3.21875,-1.4453125,-0.703125,-0.158203125,19.6875,-51.375,17.6875
2026-09-28T14:54:18.539395,-8.12109375,4.59765625,-2.7578125,-1.55859375,-1.072265625,-0.24609375,19.6875,-51.375,17.6875
2026-09-28T14:54:18.564077,-8.39453125,5.44140625,-3.2578125,-1.55859375,-1.072265625,-0.24609375,21.8125,-53.75,11.0
2026-09-28T14:54:18.587684,-7.77734375,5.171875,-1.83984375,-1.7890625,-0.64453125,0.5703125,21.8125,-53.75,11.0
2026-09-28T14:54:18.605328,-7.77734375,5.171875,-1.83984375,-1.7890625,-0.64453125,0.5703125,18.8125,-54.8125,4.5
2026-09-28T14:54:18.624549,-8.1171875,5.171875,-0.7265625,-1.7890625,-0.64453125,0.5703125,18.8125,-54.8125,4.5
2026-09-28T14:54:18.652953,-7.89453125,5.82421875,-0.0390625,-2.271484375,-1.173828125,0.388671875,18.4375,-56.6875,-3.75
2026-09-28T14:54:18.669231,-7.89453125,5.82421875,-0.0390625,-2.271484375,-1.173828125,0.388671875,18.4375,-56.6875,-3.75
2026-09-28T14:54:18.693967,-7.7734375,5.6328125,0.26953125,-2.625,-2.0546875,0.8671875,18.4375,-56.6875,-3.75
2026-09-28T14:54:18.719399,-7.58984375,5.515625,1.30078125,-2.625,-2.0546875,0.8671875,14.125,-56.8125,-13.0625
2026-09-28T14:54:18.743411,-7.43359375,5.9765625,3.41015625,-3.794921875,-2.3984375,0.53515625,14.125,-56.8125,-13.0625
2026-09-28T14:54:18.763456,-7.43359375,5.9765625,3.41015625,-3.794921875,-2.3984375,0.53515625,8.3125,-54.875,-24.3125
2026-09-28T14:54:18.788491,-7.55078125,6.4375,1.68359375,-11.7421875,0.078125,2.578125,8.3125,-54.875,-24.3125
2026-09-28T14:54:18.810383,-7.55078125,6.4375,1.68359375,-11.7421875,0.078125,2.578125,1.8125,-37.5625,-46.6875
2026-09-28T14:54:18.825132,-6.3984375,3.02734375,5.59375,-11.7421875,0.078125,2.578125,1.8125,-37.5625,-46.6875
2026-09-28T14:54:18.853354,-5.70703125,1.953125,6.703125,-8.09375,-1.509765625,0.0234375,-3.0,-18.25,-58.0
2026-09-28T14:54:18.873532,-5.66796875,-0.19140625,8.92578125,-8.09375,-1.509765625,0.0234375,-3.0,-18.25,-58.0
2026-09-28T14:54:18.900013,-5.66796875,-0.19140625,8.92578125,-3.513671875,-2.28125,-1.572265625,-7.9375,-3.0,-58.9375
2026-09-28T14:54:18.914795,-5.25,-0.65234375,7.546875,-3.513671875,-2.28125,-1.572265625,-7.9375,-3.0,-58.9375
2026-09-28T14:54:18.939494,-4.63671875,-2.14453125,8.921875,-2.17578125,-1.662109375,-1.19921875,-7.9375,-3.0,-58.9375
2026-09-28T14:54:18.963264,-4.0625,-2.6796875,8.19921875,-2.17578125,-1.662109375,-1.19921875,-11.375,6.875,-57.75
2026-09-28T14:54:18.983352,-4.0625,-2.6796875,8.19921875,-2.35546875,-1.580078125,-0.6328125,-11.375,6.875,-57.75
2026-09-28T14:54:19.003950,-3.33203125,-3.75390625,7.97265625,-2.35546875,-1.580078125,-0.6328125,-16.1875,12.6875,-57.0625
2026-09-28T14:54:19.023756,-3.33203125,-3.75390625,7.97265625,-2.35546875,-1.580078125,-0.6328125,-16.1875,12.6875,-57.0625
2026-09-28T14:54:19.044077,-3.21875,-4.40625,8.0390625,-1.857421875,-1.22265625,-0.421875,-16.1875,12.6875,-57.0625
2026-09-28T14:54:19.069561,-2.8359375,-4.94140625,8.16015625,-1.857421875,-1.22265625,-0.421875,-19.1875,18.625,-52.8125
2026-09-28T14:54:19.093697,-2.296875,-5.25,7.31640625,-1.328125,-0.83203125,-0.189453125,-19.1875,18.625,-52.8125
2026-09-28T14:54:19.118938,-2.18359375,-5.78515625,7.55078125,-1.328125,-0.83203125,-0.189453125,-21.625,22.75,-49.6875
2026-09-28T14:54:19.139263,-2.18359375,-5.78515625,7.55078125,-0.54296875,-0.333984375,0.060546875,-21.625,22.75,-49.6875
2026-09-28T14:54:19.162337,-2.10546875,-6.05078125,7.43359375,-0.54296875,-0.333984375,0.060546875,-21.1875,24.125,-49.625
2026-09-28T14:54:19.187390,-2.18359375,-6.12890625,7.3515625,0.880859375,0.41015625,0.068359375,-21.1875,24.125,-49.625
2026-09-28T14:54:19.211931,-2.18359375,-6.12890625,7.3515625,0.880859375,0.41015625,0.068359375,-21.25,22.25,-53.1875
2026-09-28T14:54:19.232765,-2.375,-6.08984375,7.8515625,2.13671875,0.880859375,-0.23828125,-21.25,22.25,-53.1875
2026-09-28T14:54:19.258071,-1.6484375,-6.12890625,8.2734375,2.13671875,0.880859375,-0.23828125,-20.0625,15.625,-54.5
2026-09-28T14:54:19.282510,-2.60546875,-4.4453125,8.5,3.220703125,1.4375,0.103515625,-20.0625,15.625,-54.5
2026-09-28T14:54:19.299978,-2.60546875,-4.4453125,8.5,3.220703125,1.4375,0.103515625,-16.875,7.0,-59.25
2026-09-28T14:54:19.319563,-3.21875,-3.41015625,8.3125,3.220703125,1.4375,0.103515625,-16.875,7.0,-59.25
2026-09-28T14:54:19.343540,-3.44921875,-2.3359375,8.390625,3.580078125,1.55859375,0.466796875,-16.875,7.0,-59.25
2026-09-28T14:54:19.366867,-3.44921875,-2.3359375,8.390625,3.580078125,1.55859375,0.466796875,-12.75,-4.5,-55.875
2026-09-28T14:54:19.386794,-4.13671875,-0.53515625,8.234375,3.353515625,1.880859375,1.685546875,-12.75,-4.5,-55.875
2026-09-28T14:54:19.404745,-4.13671875,-0.53515625,8.234375,3.353515625,1.880859375,1.685546875,-10.0,-14.4375,-57.3125
2026-09-28T14:54:19.424055,-4.40625,1.33984375,8.62109375,3.353515625,1.880859375,1.685546875,-10.0,-14.4375,-57.3125
2026-09-28T14:54:19.452307,-5.28515625,0.0,8.23828125,4.234375,1.787109375,1.91015625,-6.75,-24.0625,-53.125
2026-09-28T14:54:19.472840,-5.1328125,1.265625,8.234375,4.234375,1.787109375,1.91015625,-6.75,-24.0625,-53.125
2026-09-28T14:54:19.495838,-5.44140625,3.06640625,6.55078125,3.8125,0.841796875,0.705078125,-6.75,-24.0625,-53.125
2026-09-28T14:54:19.515794,-5.44140625,3.06640625,6.55078125,3.8125,0.841796875,0.705078125,-5.1875,-33.75,-46.75
2026-09-28T14:54:19.539628,-5.9765625,3.90625,6.24609375,2.5234375,1.826171875,-0.01953125,-5.1875,-33.75,-46.75
2026-09-28T14:54:19.563173,-5.9765625,4.48046875,5.5546875,2.5234375,1.826171875,-0.01953125,-0.8125,-39.75,-43.5
2026-09-28T14:54:19.588983,-6.44140625,4.94140625,4.75,2.6328125,1.748046875,0.013671875,-0.8125,-39.75,-43.5
2026-09-28T14:54:19.608904,-6.44140625,4.94140625,4.75,2.6328125,1.748046875,0.013671875,2.625,-46.0,-37.625
2026-09-28T14:54:19.633299,-6.546875,6.20703125,4.328125,3.0390625,1.626953125,0.619140625,2.625,-46.0,-37.625
2026-09-28T14:54:19.658953,-6.82421875,5.66796875,2.8359375,3.0390625,1.626953125,0.619140625,4.1875,-51.0,-33.0625
2026-09-28T14:54:19.673906,-6.82421875,5.66796875,2.8359375,3.0390625,1.626953125,0.619140625,4.1875,-51.0,-33.0625
2026-09-28T14:54:19.699581,-6.890625,6.05078125,2.3359375,2.666015625,1.50390625,-0.080078125,7.5,-53.0,-22.375
2026-09-28T14:54:19.719256,-6.97265625,5.9765625,1.45703125,2.666015625,1.50390625,-0.080078125,7.5,-53.0,-22.375
2026-09-28T14:54:19.738673,-6.97265625,5.9765625,1.45703125,5.7109375,0.08984375,-0.998046875,7.5,-53.0,-22.375
2026-09-28T14:54:19.763214,-7.16796875,6.3203125,0.65234375,5.7109375,0.08984375,-0.998046875,9.8125,-56.0625,-9.5
2026-09-28T14:54:19.788715,-7.43359375,7.01171875,-0.765625,1.671875,0.58203125,0.142578125,9.8125,-56.0625,-9.5
2026-09-28T14:54:19.812328,-7.234375,5.74609375,-0.95703125,1.671875,0.58203125,0.142578125,12.0,-56.1875,-4.25
2026-09-28T14:54:19.832352,-7.234375,5.74609375,-0.95703125,1.44140625,0.703125,-0.306640625,12.0,-56.1875,-4.25
2026-09-28T14:54:19.857320,-7.234375,5.859375,-1.53125,1.44140625,0.703125,-0.306640625,11.4375,-57.5,-1.1875
2026-09-28T14:54:19.882274,-7.39453125,6.28125,-1.83984375,0.919921875,0.400390625,0.146484375,11.4375,-57.5,-1.1875
2026-09-28T14:54:19.906484,-7.390625,6.16796875,-2.22265625,0.919921875,0.400390625,0.146484375,12.4375,-55.5625,1.25
2026-09-28T14:54:19.922585,-7.390625,6.16796875,-2.22265625,0.919921875,0.400390625,0.146484375,12.4375,-55.5625,1.25
2026-09-28T14:54:19.952225,-7.2734375,5.515625,-2.87109375,0.64453125,0.736328125,-0.158203125,13.3125,-55.625,7.5625
2026-09-28T14:54:19.972663,-7.31640625,5.515625,-2.52734375,0.64453125,0.736328125,-0.158203125,13.3125,-55.625,7.5625
2026-09-28T14:54:19.998507,-7.31640625,5.82421875,-2.98828125,0.484375,0.56640625,-0.634765625,15.5,-56.3125,8.875
2026-09-28T14:54:20.013341,-7.31640625,5.82421875,-2.98828125,0.484375,0.56640625,-0.634765625,15.5,-56.3125,8.875
2026-09-28T14:54:20.038048,-7.3125,5.44140625,-3.484375,0.671875,0.525390625,-0.369140625,15.5,-56.3125,8.875
2026-09-28T14:54:20.062581,-7.5078125,5.40234375,-3.5625,0.671875,0.525390625,-0.369140625,14.9375,-54.8125,10.375
2026-09-28T14:54:20.082741,-7.5078125,5.40234375,-3.5625,-0.0078125,-0.20703125,0.017578125,14.9375,-54.8125,10.375
2026-09-28T14:54:20.108115,-7.51171875,5.5546875,-3.33203125,-0.0078125,-0.20703125,0.017578125,16.1875,-54.4375,8.1875
2026-09-28T14:54:20.132892,-7.203125,5.171875,-2.94921875,-3.490234375,-1.033203125,0.15234375,16.1875,-54.4375,8.1875
2026-09-28T14:54:20.157493,-7.39453125,5.5546875,-1.33984375,-3.490234375,-1.033203125,0.15234375,13.25,-54.1875,-2.1875
2026-09-28T14:54:20.172662,-7.39453125,5.5546875,-1.33984375,-3.490234375,-1.033203125,0.15234375,13.25,-54.1875,-2.1875
2026-09-28T14:54:20.199496,-7.734375,6.015625,-0.57421875,-3.189453125,-2.759765625,0.111328125,12.0625,-55.4375,-12.8125
2026-09-28T14:54:20.219415,-7.65625,6.62890625,-0.61328125,-3.189453125,-2.759765625,0.111328125,12.0625,-55.4375,-12.8125
2026-09-28T14:54:20.239309,-7.65625,6.62890625,-0.61328125,-3.421875,-1.623046875,0.873046875,12.0625,-55.4375,-12.8125
2026-09-28T14:54:20.262945,-7.51171875,6.47265625,0.99609375,-3.421875,-1.623046875,0.873046875,9.625,-53.3125,-22.5625
2026-09-28T14:54:20.288538,-7.08984375,5.859375,2.18359375,-2.701171875,-1.419921875,0.60546875,9.625,-53.3125,-22.5625
2026-09-28T14:54:20.312181,-7.08984375,5.859375,2.18359375,-2.701171875,-1.419921875,0.60546875,6.1875,-51.875,-30.25
2026-09-28T14:54:20.332317,-6.890625,5.5546875,2.48828125,-2.189453125,-0.869140625,0.466796875,6.1875,-51.875,-30.25
2026-09-28T14:54:20.357295,-6.46875,5.4765625,3.41015625,-2.189453125,-0.869140625,0.466796875,2.875,-49.375,-37.75
2026-09-28T14:54:20.382317,-6.58984375,5.70703125,4.7109375,-2.517578125,-1.54296875,0.322265625,2.875,-49.375,-37.75
2026-09-28T14:54:20.400033,-6.58984375,5.70703125,4.7109375,-2.517578125,-1.54296875,0.322265625,0.125,-43.0,-43.5625
2026-09-28T14:54:20.420283,-6.28125,4.94140625,4.828125,-2.517578125,-1.54296875,0.322265625,0.125,-43.0,-43.5625
2026-09-28T14:54:20.444333,-5.90234375,5.40234375,4.7109375,-6.240234375,-0.322265625,1.548828125,0.125,-43.0,-43.5625
2026-09-28T14:54:20.468349,-5.70703125,3.2578125,7.0859375,-6.240234375,-0.322265625,1.548828125,-3.875,-32.6875,-48.5
2026-09-28T14:54:20.488278,-5.70703125,3.2578125,7.0859375,-5.2265625,-1.1640625,0.3515625,-3.875,-32.6875,-48.5
2026-09-28T14:54:20.511919,-5.28515625,2.98828125,7.1640625,-5.2265625,-1.1640625,0.3515625,-8.1875,-18.6875,-55.6875
2026-09-28T14:54:20.537840,-4.94140625,0.99609375,7.93359375,-4.90625,-1.16015625,0.193359375,-8.1875,-18.6875,-55.6875
2026-09-28T14:54:20.562693,-4.55859375,-0.11328125,8.58203125,-4.90625,-1.16015625,0.193359375,-11.8125,-2.75,-58.875
2026-09-28T14:54:20.582595,-4.55859375,-0.11328125,8.58203125,-4.47265625,-1.205078125,0.275390625,-11.8125,-2.75,-58.875
2026-09-28T14:54:20.603852,-4.3671875,-1.53125,8.19921875,-4.47265625,-1.205078125,0.275390625,-14.875,12.25,-58.5625
2026-09-28T14:54:20.628817,-4.09765625,-2.48828125,8.66015625,-4.47265625,-1.205078125,0.275390625,-14.875,12.25,-58.5625
2026-09-28T14:54:20.643821,-4.09765625,-2.48828125,8.66015625,-2.80078125,-0.98046875,-0.28125,-14.875,12.25,-58.5625
2026-09-28T14:54:20.668698,-3.79296875,-3.140625,8.390625,-2.80078125,-0.98046875,-0.28125,-16.0625,21.9375,-55.125
2026-09-28T14:54:20.692411,-3.44921875,-3.8671875,8.23828125,-2.359375,-0.998046875,0.138671875,-16.0625,21.9375,-55.125
2026-09-28T14:54:20.718079,-3.29296875,-4.55859375,7.93359375,-2.359375,-0.998046875,0.138671875,-19.1875,27.5625,-48.1875
2026-09-28T14:54:20.738127,-3.29296875,-4.55859375,7.93359375,-0.728515625,-0.478515625,-0.083984375,-19.1875,27.5625,-48.1875
2026-09-28T14:54:20.762435,-3.140625,-4.7890625,8.1953125,-0.728515625,-0.478515625,-0.083984375,-18.8125,29.4375,-48.0625
2026-09-28T14:54:20.788329,-3.02734375,-4.7109375,8.078125,0.271484375,-0.103515625,-0.1328125,-18.8125,29.4375,-48.0625
2026-09-28T14:54:20.812211,-2.98828125,-4.48046875,8.27734375,0.271484375,-0.103515625,-0.1328125,-19.9375,27.5625,-48.625
2026-09-28T14:54:20.832434,-2.98828125,-4.48046875,8.27734375,1.560546875,0.044921875,-0.41796875,-19.9375,27.5625,-48.625
2026-09-28T14:54:20.858033,-2.796875,-4.25390625,8.5,1.560546875,0.044921875,-0.41796875,-21.75,24.0625,-51.625
2026-09-28T14:54:20.882221,-2.48828125,-3.90625,7.89453125,0.416015625,0.005859375,-0.05859375,-21.75,24.0625,-51.625
2026-09-28T14:54:20.907563,-2.6796875,-3.9453125,8.578125,0.416015625,0.005859375,-0.05859375,-22.9375,22.625,-52.1875
2026-09-28T14:54:20.922942,-2.6796875,-3.9453125,8.578125,0.416015625,0.005859375,-0.05859375,-22.9375,22.625,-52.1875
2026-09-28T14:54:20.951866,-2.56640625,-3.140625,7.4296875,0.46484375,0.01171875,-0.783203125,-24.5625,17.375,-52.875
2026-09-28T14:54:20.972574,-2.6796875,-2.56640625,6.47265625,0.46484375,0.01171875,-0.783203125,-24.5625,17.375,-52.875
2026-09-28T14:54:20.992533,-2.6796875,-2.56640625,6.47265625,0.875,1.79296875,-0.107421875,-24.5625,17.375,-52.875
2026-09-28T14:54:21.017428,-2.98828125,-2.796875,9.0390625,0.875,1.79296875,-0.107421875,-21.625,12.5625,-54.4375
2026-09-28T14:54:21.042287,-2.64453125,-4.09765625,11.875,5.11328125,-1.296875,-1.818359375,-21.625,12.5625,-54.4375
2026-09-28T14:54:21.068086,-3.1796875,-1.76171875,9.265625,5.11328125,-1.296875,-1.818359375,-20.875,4.4375,-55.4375
2026-09-28T14:54:21.092674,-3.1796875,-1.76171875,9.265625,-0.462890625,-0.615234375,-2.099609375,-20.875,4.4375,-55.4375
2026-09-28T14:54:21.112320,-2.71875,-2.03125,10.00390625,-0.462890625,-0.615234375,-2.099609375,-23.5,2.1875,-55.3125
2026-09-28T14:54:21.138063,-2.4140625,-1.76171875,9.80859375,-1.193359375,-1.208984375,-1.650390625,-23.5,2.1875,-55.3125
2026-09-28T14:54:21.161989,-1.109375,-3.71484375,10.3046875,-1.193359375,-1.208984375,-1.650390625,-26.5625,3.1875,-54.3125
2026-09-28T14:54:21.187778,-0.61328125,-3.83203125,9.19921875,-0.5625,-2.88671875,-2.958984375,-26.5625,3.1875,-54.3125
2026-09-28T14:54:21.208195,-0.61328125,-3.83203125,9.19921875,-0.5625,-2.88671875,-2.958984375,-32.9375,2.0,-52.1875
2026-09-28T14:54:21.232281,-0.61328125,-2.8359375,9.42578125,-1.96484375,-2.671875,-1.59375,-32.9375,2.0,-52.1875
2026-09-28T14:54:21.257298,0.3828125,-3.484375,8.12109375,-1.96484375,-2.671875,-1.59375,-40.375,5.125,-48.75
2026-09-28T14:54:21.272805,0.3828125,-3.484375,8.12109375,-1.96484375,-2.671875,-1.59375,-40.375,5.125,-48.75
2026-09-28T14:54:21.298929,2.14453125,-4.17578125,8.84375,-1.857421875,-1.462890625,0.5234375,-41.625,9.0,-43.625
2026-09-28T14:54:21.319493,3.37109375,-6.4375,9.1171875,-1.857421875,-1.462890625,0.5234375,-41.625,9.0,-43.625
2026-09-28T14:54:21.343886,0.61328125,-4.21484375,5.8984375,-0.853515625,-2.056640625,-0.34765625,-41.625,9.0,-43.625
2026-09-28T14:54:21.364262,0.61328125,-4.21484375,5.8984375,-0.853515625,-2.056640625,-0.34765625,-44.4375,12.875,-35.5
2026-09-28T14:54:21.389715,2.796875,-6.08984375,8.08203125,-0.248046875,-1.037109375,0.380859375,-44.4375,12.875,-35.5
2026-09-28T14:54:21.414586,2.4140625,-5.78515625,7.0859375,-0.248046875,-1.037109375,0.380859375,-45.8125,14.375,-34.8125
2026-09-28T14:54:21.439276,3.79296875,-6.28515625,5.859375,0.486328125,-0.58203125,-0.5,-45.8125,14.375,-34.8125
2026-09-28T14:54:21.460583,3.79296875,-6.28515625,5.859375,0.486328125,-0.58203125,-0.5,-46.75,13.3125,-33.375
2026-09-28T14:54:21.486031,2.4140625,-5.09375,9.15625,1.390625,-1.84375,-0.1015625,-46.75,13.3125,-33.375
2026-09-28T14:54:21.511677,3.5234375,-6.12890625,8.62109375,1.390625,-1.84375,-0.1015625,-49.8125,12.5,-30.9375
2026-09-28T14:54:21.537117,3.41015625,-5.9375,7.3515625,2.087890625,-1.7734375,-0.49609375,-49.8125,12.5,-30.9375
2026-09-28T14:54:21.561655,3.41015625,-5.9375,7.3515625,2.087890625,-1.7734375,-0.49609375,-50.6875,9.6875,-27.1875
2026-09-28T14:54:21.581870,3.8671875,-5.01953125,6.546875,2.05078125,-0.619140625,-1.47265625,-50.6875,9.6875,-27.1875
2026-09-28T14:54:21.604378,4.2890625,-4.40625,6.85546875,2.05078125,-0.619140625,-1.47265625,-52.625,1.8125,-29.9375
2026-09-28T14:54:21.628245,4.2890625,-4.40625,6.85546875,2.05078125,-0.619140625,-1.47265625,-52.625,1.8125,-29.9375
2026-09-28T14:54:21.643410,4.3671875,-3.5625,6.46875,2.701171875,1.052734375,-2.33984375,-52.625,1.8125,-29.9375
2026-09-28T14:54:21.668037,3.29296875,-2.6796875,6.2421875,2.701171875,1.052734375,-2.33984375,-52.0625,-8.25,-32.25
2026-09-28T14:54:21.691859,1.9140625,-1.609375,6.74609375,4.1171875,4.556640625,-4.880859375,-52.0625,-8.25,-32.25
2026-09-28T14:54:21.712491,1.9140625,-1.609375,6.74609375,4.1171875,4.556640625,-4.880859375,-45.6875,-24.0625,-35.5
2026-09-28T14:54:21.738017,0.49609375,1.265625,7.625,0.697265625,6.419921875,-5.36328125,-45.6875,-24.0625,-35.5
2026-09-28T14:54:21.763045,-1.07421875,4.51953125,9.84375,0.697265625,6.419921875,-5.36328125,-27.0,-36.375,-47.375
2026-09-28T14:54:21.789194,-2.48828125,2.22265625,10.76953125,-0.02734375,4.736328125,-0.642578125,-27.0,-36.375,-47.375
2026-09-28T14:54:21.815012,-2.0703125,1.03515625,10.69140625,-0.02734375,4.736328125,-0.642578125,-12.4375,-33.875,-52.75
2026-09-28T14:54:21.835459,-2.0703125,1.03515625,10.69140625,-1.763671875,3.14453125,0.087890625,-12.4375,-33.875,-52.75
2026-09-28T14:54:21.860935,-3.41015625,0.91796875,9.578125,-1.763671875,3.14453125,0.087890625,-5.0625,-29.6875,-56.3125
2026-09-28T14:54:21.886913,-4.51953125,-0.53515625,8.8125,-1.57421875,1.505859375,-0.01953125,-5.0625,-29.6875,-56.3125
2026-09-28T14:54:21.911374,-4.48046875,0.65234375,8.390625,-1.57421875,1.505859375,-0.01953125,-1.25,-26.3125,-59.0
2026-09-28T14:54:21.931580,-4.48046875,0.65234375,8.390625,-1.0390625,-0.544921875,1.966796875,-1.25,-26.3125,-59.0
2026-09-28T14:54:21.956800,-5.0546875,-0.0390625,8.42578125,-1.0390625,-0.544921875,1.966796875,-0.6875,-23.5,-62.375
2026-09-28T14:54:21.981414,-4.21484375,-2.4140625,7.12890625,-0.357421875,0.9765625,-0.060546875,-0.6875,-23.5,-62.375
2026-09-28T14:54:22.006727,-4.48046875,-0.61328125,8.2734375,-0.357421875,0.9765625,-0.060546875,2.125,-23.4375,-63.3125
2026-09-28T14:54:22.022372,-4.48046875,-0.61328125,8.2734375,-0.357421875,0.9765625,-0.060546875,2.125,-23.4375,-63.3125
2026-09-28T14:54:22.048843,-4.671875,-1.6484375,6.3203125,-0.2734375,2.205078125,0.0390625,8.0625,-25.3125,-59.0
2026-09-28T14:54:22.070472,-6.6640625,-1.609375,12.18359375,-0.2734375,2.205078125,0.0390625,8.0625,-25.3125,-59.0
2026-09-28T14:54:22.100591,-4.51953125,-0.19140625,10.49609375,-6.46484375,-5.29296875,1.1484375,-1.0625,-21.75,-63.0625
2026-09-28T14:54:22.117539,-4.51953125,-0.19140625,10.49609375,-6.46484375,-5.29296875,1.1484375,-1.0625,-21.75,-63.0625
2026-09-28T14:54:22.141437,-4.59765625,-2.03125,5.90234375,4.287109375,2.6171875,-0.44921875,-1.0625,-21.75,-63.0625
2026-09-28T14:54:22.166701,-4.63671875,-1.1875,9.8828125,4.287109375,2.6171875,-0.44921875,3.25,-28.4375,-59.9375
2026-09-28T14:54:22.191466,-4.0234375,-1.41796875,8.88671875,-1.056640625,3.1796875,0.060546875,3.25,-28.4375,-59.9375
2026-09-28T14:54:22.211921,-4.0234375,-1.41796875,8.88671875,-1.056640625,3.1796875,0.060546875,14.25,-30.125,-56.0
2026-09-28T14:54:22.237625,-6.359375,-0.95703125,6.46875,-1.51953125,-2.98046875,-1.720703125,14.25,-30.125,-56.0
2026-09-28T14:54:22.261324,-6.28125,-0.23046875,8.04296875,-1.51953125,-2.98046875,-1.720703125,8.9375,-27.5,-61.0
2026-09-28T14:54:22.287187,-5.859375,0.34375,7.5859375,-0.443359375,0.244140625,-0.486328125,8.9375,-27.5,-61.0
2026-09-28T14:54:22.307865,-5.859375,0.34375,7.5859375,-0.443359375,0.244140625,-0.486328125,6.125,-23.25,-61.8125
2026-09-28T14:54:22.333605,-4.94140625,-1.76171875,8.01171875,-0.4140625,0.095703125,-0.01171875,6.125,-23.25,-61.8125
2026-09-28T14:54:22.359696,-5.09375,-1.2265625,8.46484375,-0.4140625,0.095703125,-0.01171875,8.125,-23.625,-63.625
2026-09-28T14:54:22.384998,-5.1328125,-1.45703125,7.62890625,0.5703125,-0.064453125,-0.00390625,8.125,-23.625,-63.625
2026-09-28T14:54:22.409533,-5.1328125,-1.45703125,7.62890625,0.5703125,-0.064453125,-0.00390625,7.25,-22.0625,-62.0625
2026-09-28T14:54:22.430942,-5.09375,-1.265625,8.5,-0.25390625,0.033203125,0.0078125,7.25,-22.0625,-62.0625
2026-09-28T14:54:22.457049,-5.1328125,-1.41796875,7.7734375,-0.25390625,0.033203125,0.0078125,7.125,-24.75,-62.5625
2026-09-28T14:54:22.481029,-5.09375,-1.30078125,8.2734375,-0.19140625,0.03125,0.0078125,7.125,-24.75,-62.5625
2026-09-28T14:54:22.506641,-5.09375,-1.30078125,8.0390625,-0.19140625,0.03125,0.0078125,7.5625,-25.1875,-65.6875
2026-09-28T14:54:22.527210,-5.09375,-1.30078125,8.0390625,-0.19140625,0.03125,0.0078125,7.5625,-25.1875,-65.6875
2026-09-28T14:54:22.551351,-5.1328125,-1.30078125,7.96875,0.263671875,-0.01953125,0.0,7.125,-23.6875,-62.9375
2026-09-28T14:54:22.577449,-5.09375,-1.265625,8.19921875,0.263671875,-0.01953125,0.0,7.125,-23.6875,-62.9375
2026-09-28T14:54:22.601837,-5.1328125,-1.30078125,7.96875,0.01953125,0.021484375,0.001953125,8.5,-24.3125,-63.25
2026-09-28T14:54:22.618977,-5.1328125,-1.30078125,7.96875,0.01953125,0.021484375,0.001953125,8.5,-24.3125,-63.25
2026-09-28T14:54:22.643377,-5.1328125,-1.265625,8.15625,-0.00390625,0.03125,0.0,8.5,-24.3125,-63.25
2026-09-28T14:54:22.669026,-5.1328125,-1.30078125,8.01171875,-0.00390625,0.03125,0.0,6.9375,-23.5625,-60.5625
2026-09-28T14:54:22.693434,-5.1328125,-1.265625,8.078125,0.177734375,0.0078125,-0.0078125,6.9375,-23.5625,-60.5625
2026-09-28T14:54:22.714406,-5.1328125,-1.265625,8.078125,0.177734375,0.0078125,-0.0078125,7.875,-25.0,-61.3125
2026-09-28T14:54:22.740583,-5.1328125,-1.30078125,8.0390625,0.107421875,0.025390625,-0.013671875,7.875,-25.0,-61.3125
2026-09-28T14:54:22.766166,-5.1328125,-1.265625,8.078125,0.107421875,0.025390625,-0.013671875,7.625,-24.625,-61.0
2026-09-28T14:54:22.790901,-5.1328125,-1.265625,8.1171875,0.06640625,0.029296875,-0.009765625,7.625,-24.625,-61.0
2026-09-28T14:54:22.816672,-5.171875,-1.30078125,8.0078125,0.06640625,0.029296875,-0.009765625,7.75,-24.1875,-59.4375
2026-09-28T14:54:22.837364,-5.171875,-1.30078125,8.0078125,0.12109375,0.013671875,-0.013671875,7.75,-24.1875,-59.4375
2026-09-28T14:54:22.863119,-5.1328125,-1.265625,8.1171875,0.12109375,0.013671875,-0.013671875,7.9375,-24.625,-60.9375
2026-09-28T14:54:22.888449,-5.1328125,-1.265625,8.0390625,0.072265625,0.015625,-0.01171875,7.9375,-24.625,-60.9375
2026-09-28T14:54:22.913689,-5.1328125,-1.265625,8.078125,0.072265625,0.015625,-0.01171875,6.875,-24.3125,-61.375
2026-09-28T14:54:22.934379,-5.1328125,-1.265625,8.078125,0.03125,0.01171875,-0.009765625,6.875,-24.3125,-61.375
2026-09-28T14:54:22.959465,-5.1328125,-1.265625,8.1171875,0.03125,0.01171875,-0.009765625,8.1875,-24.6875,-62.8125
2026-09-28T14:54:22.984489,-5.1328125,-1.265625,8.0390625,0.03515625,-0.001953125,-0.005859375,8.1875,-24.6875,-62.8125
2026-09-28T14:54:23.009546,-5.1328125,-1.265625,8.078125,0.03515625,-0.001953125,-0.005859375,8.875,-24.6875,-62.8125
2026-09-28T14:54:23.033258,-5.1328125,-1.265625,8.078125,-0.015625,-0.00390625,0.0,8.875,-24.6875,-62.8125
2026-09-28T14:54:23.053368,-5.1328125,-1.265625,8.0390625,-0.015625,-0.00390625,0.0,8.9375,-25.0,-62.0625
2026-09-28T14:54:23.078455,-5.1328125,-1.265625,8.0390625,-0.02734375,0.001953125,-0.001953125,8.9375,-25.0,-62.0625
2026-09-28T14:54:23.102592,-5.1328125,-1.265625,8.0390625,-0.02734375,0.001953125,-0.001953125,7.4375,-25.5,-63.375
2026-09-28T14:54:23.119706,-5.1328125,-1.265625,8.0390625,-0.02734375,0.001953125,-0.001953125,7.4375,-25.5,-63.375
2026-09-28T14:54:23.149798,-5.1328125,-1.265625,8.0390625,0.001953125,0.001953125,0.0,7.5625,-25.75,-61.0
2026-09-28T14:54:23.170688,-5.1328125,-1.265625,8.078125,0.001953125,0.001953125,0.0,7.5625,-25.75,-61.0
2026-09-28T14:54:23.200116,-5.1328125,-1.265625,8.0390625,0.0078125,0.001953125,0.001953125,7.1875,-26.125,-61.0625
2026-09-28T14:54:23.216939,-5.1328125,-1.265625,8.0390625,0.0078125,0.001953125,0.001953125,7.1875,-26.125,-61.0625
2026-09-28T14:54:23.241445,-5.1328125,-1.265625,8.078125,0.037109375,0.005859375,-0.00390625,7.1875,-26.125,-61.0625
2026-09-28T14:54:23.266903,-5.171875,-1.265625,8.08203125,0.037109375,0.005859375,-0.00390625,7.625,-25.4375,-61.0
2026-09-28T14:54:23.292074,-5.1328125,-1.265625,8.0390625,0.03515625,0.00390625,-0.00390625,7.625,-25.4375,-61.0
2026-09-28T14:54:23.312255,-5.1328125,-1.265625,8.0390625,0.03515625,0.00390625,-0.00390625,7.6875,-23.875,-60.5
2026-09-28T14:54:23.337247,-5.1328125,-1.265625,8.078125,0.015625,0.00390625,-0.001953125,7.6875,-23.875,-60.5
2026-09-28T14:54:23.361318,-5.1328125,-1.265625,8.0390625,0.015625,0.00390625,-0.001953125,9.125,-24.5625,-59.6875
2026-09-28T14:54:23.386806,-5.171875,-1.265625,8.08203125,0.02734375,0.0078125,-0.00390625,9.125,-24.5625,-59.6875
2026-09-28T14:54:23.410882,-5.171875,-1.265625,8.08203125,0.02734375,0.0078125,-0.00390625,7.625,-24.625,-61.0
2026-09-28T14:54:23.431030,-5.171875,-1.265625,8.04296875,0.02734375,0.0,-0.009765625,7.625,-24.625,-61.0
2026-09-28T14:54:23.456235,-5.1328125,-1.265625,8.078125,0.02734375,0.0,-0.009765625,7.4375,-25.5,-63.375
2026-09-28T14:54:23.480326,-5.1328125,-1.265625,8.078125,0.0,0.00390625,-0.015625,7.4375,-25.5,-63.375
2026-09-28T14:54:23.505643,-5.1328125,-1.265625,8.0390625,0.0,0.00390625,-0.015625,6.3125,-25.1875,-63.4375
2026-09-28T14:54:23.521144,-5.1328125,-1.265625,8.0390625,0.0,0.00390625,-0.015625,6.3125,-25.1875,-63.4375
2026-09-28T14:54:23.550454,-5.1328125,-1.265625,8.078125,0.015625,0.005859375,-0.01171875,7.125,-25.5,-62.5625
2026-09-28T14:54:23.570583,-5.171875,-1.265625,8.04296875,0.015625,0.005859375,-0.01171875,7.125,-25.5,-62.5625
2026-09-28T14:54:23.590717,-5.171875,-1.265625,8.04296875,0.021484375,-0.005859375,-0.0078125,7.125,-25.5,-62.5625
2026-09-28T14:54:23.616026,-5.1328125,-1.265625,8.078125,0.021484375,-0.005859375,-0.0078125,7.8125,-25.0625,-62.125
2026-09-28T14:54:23.640262,-5.1328125,-1.265625,8.078125,-0.015625,0.00390625,-0.009765625,7.8125,-25.0625,-62.125
2026-09-28T14:54:23.663940,-5.171875,-1.265625,8.04296875,-0.015625,0.00390625,-0.009765625,9.125,-24.1875,-60.4375
2026-09-28T14:54:23.684020,-5.171875,-1.265625,8.04296875,-0.0234375,-0.0078125,-0.00390625,9.125,-24.1875,-60.4375
2026-09-28T14:54:23.709075,-5.1328125,-1.265625,8.078125,-0.0234375,-0.0078125,-0.00390625,7.25,-25.4375,-61.0625
2026-09-28T14:54:23.734192,-5.1328125,-1.265625,8.0390625,-0.009765625,-0.0078125,-0.00390625,7.25,-25.4375,-61.0625
2026-09-28T14:54:23.759961,-5.1328125,-1.265625,8.0390625,-0.009765625,-0.0078125,-0.00390625,8.9375,-25.75,-62.0625
2026-09-28T14:54:23.780859,-5.1328125,-1.265625,8.0390625,-0.005859375,-0.001953125,0.0,8.9375,-25.75,-62.0625
2026-09-28T14:54:23.806002,-5.171875,-1.265625,8.04296875,-0.005859375,-0.001953125,0.0,8.5,-26.125,-62.9375
2026-09-28T14:54:23.830552,-5.171875,-1.265625,8.08203125,0.0,0.00390625,-0.001953125,8.5,-26.125,-62.9375
2026-09-28T14:54:23.856386,-5.1328125,-1.265625,8.078125,0.0,0.00390625,-0.001953125,8.0625,-26.1875,-63.75
2026-09-28T14:54:23.881730,-5.1328125,-1.265625,8.078125,0.015625,-0.001953125,-0.001953125,8.0625,-26.1875,-63.75
2026-09-28T14:54:23.903017,-5.171875,-1.265625,8.08203125,0.015625,-0.001953125,-0.001953125,8.5,-24.6875,-62.875
2026-09-28T14:54:23.929222,-5.1328125,-1.265625,8.078125,0.001953125,-0.001953125,0.0,8.5,-24.6875,-62.875
2026-09-28T14:54:23.955875,-5.171875,-1.265625,8.04296875,0.001953125,-0.001953125,0.0,6.25,-25.1875,-64.25
2026-09-28T14:54:23.980418,-5.1328125,-1.265625,8.078125,-0.0078125,0.00390625,0.00390625,6.25,-25.1875,-64.25
2026-09-28T14:54:24.001496,-5.1328125,-1.265625,8.078125,-0.0078125,0.00390625,0.00390625,7.6875,-26.1875,-63.75
2026-09-28T14:54:24.026586,-5.171875,-1.265625,8.04296875,-0.0078125,0.00390625,0.00390625,7.6875,-26.1875,-63.75
2026-09-28T14:54:24.050018,-5.171875,-1.265625,8.08203125,0.025390625,-0.01171875,-0.00390625,8.125,-26.125,-62.5
2026-09-28T14:54:24.070243,-5.1328125,-1.2265625,8.08203125,0.025390625,-0.01171875,-0.00390625,8.125,-26.125,-62.5
2026-09-28T14:54:24.090400,-5.1328125,-1.2265625,8.08203125,-0.03125,0.0078125,0.0,8.125,-26.125,-62.5
2026-09-28T14:54:24.115697,-5.171875,-1.265625,8.04296875,-0.03125,0.0078125,0.0,6.8125,-26.125,-61.4375
2026-09-28T14:54:24.140266,-5.1328125,-1.265625,8.078125,-0.005859375,0.00390625,0.001953125,6.8125,-26.125,-61.4375
2026-09-28T14:54:24.165593,-5.1328125,-1.265625,8.0390625,-0.005859375,0.00390625,0.001953125,9.4375,-24.9375,-60.5
2026-09-28T14:54:24.186041,-5.1328125,-1.265625,8.0390625,0.03125,-0.013671875,0.001953125,9.4375,-24.9375,-60.5
2026-09-28T14:54:24.210244,-5.1328125,-1.265625,8.078125,0.03125,-0.013671875,0.001953125,7.4375,-25.8125,-62.5625
2026-09-28T14:54:24.235601,-5.171875,-1.2265625,8.078125,-0.044921875,-0.00390625,0.0,7.4375,-25.8125,-62.5625
2026-09-28T14:54:24.259929,-5.171875,-1.265625,8.08203125,-0.044921875,-0.00390625,0.0,7.875,-26.125,-61.0
2026-09-28T14:54:24.280185,-5.171875,-1.265625,8.08203125,-0.044921875,0.005859375,0.0,7.875,-26.125,-61.0
2026-09-28T14:54:24.305549,-5.171875,-1.265625,8.08203125,-0.044921875,0.005859375,0.0,9.625,-25.0,-62.0
2026-09-28T14:54:24.330186,-5.171875,-1.265625,8.04296875,0.02734375,-0.00390625,-0.001953125,9.625,-25.0,-62.0
2026-09-28T14:54:24.355048,-5.1328125,-1.265625,8.078125,0.02734375,-0.00390625,-0.001953125,8.125,-26.1875,-62.875
2026-09-28T14:54:24.371078,-5.1328125,-1.265625,8.078125,0.02734375,-0.00390625,-0.001953125,8.125,-26.1875,-62.875
2026-09-28T14:54:24.399704,-5.171875,-1.2265625,8.0390625,-0.013671875,-0.037109375,-0.0078125,7.5,-25.75,-61.8125
2026-09-28T14:54:24.420536,-5.1328125,-1.265625,8.1171875,-0.013671875,-0.037109375,-0.0078125,7.5,-25.75,-61.8125
2026-09-28T14:54:24.441387,-5.1328125,-1.265625,8.1171875,-0.12890625,0.009765625,0.0078125,7.5,-25.75,-61.8125
2026-09-28T14:54:24.467599,-5.171875,-1.265625,8.0078125,-0.12890625,0.009765625,0.0078125,7.8125,-26.5,-61.8125
2026-09-28T14:54:24.492606,-5.171875,-1.265625,8.12109375,0.02734375,-0.01171875,-0.005859375,7.8125,-26.5,-61.8125
2026-09-28T14:54:24.518288,-5.1328125,-1.2265625,8.12109375,0.02734375,-0.01171875,-0.005859375,6.5,-25.0625,-60.6875
2026-09-28T14:54:24.542238,-5.1328125,-1.265625,8.01171875,0.072265625,-0.013671875,-0.005859375,6.5,-25.0625,-60.6875
2026-09-28T14:54:24.563058,-5.1328125,-1.265625,8.01171875,0.072265625,-0.013671875,-0.005859375,7.625,-26.0625,-60.625
2026-09-28T14:54:24.588903,-5.1328125,-1.2265625,8.16015625,0.001953125,0.01953125,0.009765625,7.625,-26.0625,-60.625
2026-09-28T14:54:24.615183,-5.1328125,-1.2265625,8.04296875,0.001953125,0.01953125,0.009765625,7.875,-26.875,-61.0625
2026-09-28T14:54:24.639548,-5.1328125,-1.2265625,8.08203125,0.12109375,0.017578125,0.005859375,7.875,-26.875,-61.0625
2026-09-28T14:54:24.659878,-5.1328125,-1.2265625,8.08203125,0.12109375,0.017578125,0.005859375,7.3125,-24.25,-60.1875
2026-09-28T14:54:24.685313,-5.171875,-1.2265625,8.0390625,0.169921875,0.005859375,0.001953125,7.3125,-24.25,-60.1875
2026-09-28T14:54:24.709551,-5.1328125,-1.2265625,8.08203125,0.169921875,0.005859375,0.001953125,7.8125,-26.5,-61.8125
2026-09-28T14:54:24.735332,-5.171875,-1.2265625,8.0390625,0.048828125,0.025390625,0.005859375,7.8125,-26.5,-61.8125
2026-09-28T14:54:24.759306,-5.1328125,-1.2265625,8.04296875,0.048828125,0.025390625,0.005859375,8.625,-25.375,-60.9375
2026-09-28T14:54:24.779974,-5.1328125,-1.2265625,8.04296875,0.0703125,0.01953125,0.001953125,8.625,-25.375,-60.9375
2026-09-28T14:54:24.805708,-5.171875,-1.2265625,8.1171875,0.0703125,0.01953125,0.001953125,7.5,-26.1875,-62.1875
2026-09-28T14:54:24.830877,-5.171875,-1.265625,8.0078125,0.0859375,-0.001953125,-0.005859375,7.5,-26.1875,-62.1875
2026-09-28T14:54:24.855237,-5.171875,-1.2265625,8.1171875,0.0859375,-0.001953125,-0.005859375,7.6875,-25.8125,-63.3125
2026-09-28T14:54:24.877000,-5.171875,-1.2265625,8.1171875,0.0859375,-0.001953125,-0.005859375,7.6875,-25.8125,-63.3125
2026-09-28T14:54:24.902875,-5.171875,-1.2265625,8.0390625,-0.037109375,0.00390625,-0.001953125,7.0,-25.8125,-63.375
2026-09-28T14:54:24.928413,-5.171875,-1.2265625,8.0390625,-0.068359375,0.0,-0.001953125,7.0,-25.8125,-63.375
2026-09-28T14:54:24.954725,-5.171875,-1.2265625,8.078125,-0.068359375,0.0,-0.001953125,6.75,-25.8125,-62.625
2026-09-28T14:54:24.970384,-5.171875,-1.2265625,8.078125,-0.068359375,0.0,-0.001953125,6.75,-25.8125,-62.625
2026-09-28T14:54:24.999448,-5.1328125,-1.2265625,8.12109375,-0.07421875,0.0234375,0.001953125,7.125,-26.5625,-61.875
2026-09-28T14:54:25.019854,-5.171875,-1.2265625,8.01171875,-0.07421875,0.0234375,0.001953125,7.125,-26.5625,-61.875
2026-09-28T14:54:25.048374,-5.1328125,-1.2265625,8.12109375,0.009765625,-0.017578125,-0.0078125,8.5,-26.125,-62.5
2026-09-28T14:54:25.065661,-5.1328125,-1.2265625,8.12109375,0.009765625,-0.017578125,-0.0078125,8.5,-26.125,-62.5
2026-09-28T14:54:25.089884,-5.171875,-1.2265625,8.0390625,-0.076171875,-0.015625,-0.0078125,8.5,-26.125,-62.5
2026-09-28T14:54:25.115493,-5.171875,-1.2265625,8.0390625,-0.076171875,-0.015625,-0.0078125,6.8125,-26.5,-61.125
2026-09-28T14:54:25.139755,-5.1328125,-1.2265625,8.12109375,-0.169921875,-0.00390625,-0.005859375,6.8125,-26.5,-61.125
2026-09-28T14:54:25.160563,-5.1328125,-1.2265625,8.12109375,-0.169921875,-0.00390625,-0.005859375,6.5625,-26.0625,-59.5625
2026-09-28T14:54:25.185747,-5.171875,-1.2265625,8.01171875,-0.0234375,-0.013671875,-0.00390625,6.5625,-26.0625,-59.5625
2026-09-28T14:54:25.210521,-5.171875,-1.2265625,8.1171875,-0.0234375,-0.013671875,-0.00390625,7.9375,-26.0625,-60.625
2026-09-28T14:54:25.236466,-5.171875,-1.2265625,8.0390625,-0.025390625,-0.01171875,-0.001953125,7.9375,-26.0625,-60.625
2026-09-28T14:54:25.261766,-5.171875,-1.2265625,8.078125,-0.025390625,-0.01171875,-0.001953125,8.75,-26.0,-59.75
2026-09-28T14:54:25.282732,-5.171875,-1.2265625,8.078125,-0.0078125,0.0,0.001953125,8.75,-26.0,-59.75
2026-09-28T14:54:25.307939,-5.171875,-1.2265625,8.078125,-0.0078125,0.0,0.001953125,7.625,-25.375,-60.5625
2026-09-28T14:54:25.334642,-5.171875,-1.2265625,8.01171875,0.0546875,0.0,0.001953125,7.625,-25.375,-60.5625
2026-09-28T14:54:25.359118,-5.1328125,-1.2265625,8.12109375,0.0546875,0.0,0.001953125,7.5625,-25.75,-61.0
2026-09-28T14:54:25.379528,-5.1328125,-1.2265625,8.12109375,-0.00390625,0.001953125,-0.001953125,7.5625,-25.75,-61.0
2026-09-28T14:54:25.405262,-5.171875,-1.2265625,8.0390625,-0.00390625,0.001953125,-0.001953125,8.8125,-26.5,-62.9375
2026-09-28T14:54:25.429648,-5.171875,-1.2265625,8.078125,0.041015625,0.00390625,0.0,8.8125,-26.5,-62.9375
2026-09-28T14:54:25.455279,-5.171875,-1.2265625,8.078125,0.041015625,0.00390625,0.0,8.0,-26.9375,-63.75
2026-09-28T14:54:25.480475,-5.171875,-1.2265625,8.078125,0.072265625,-0.001953125,0.001953125,8.0,-26.9375,-63.75
2026-09-28T14:54:25.501636,-5.171875,-1.2265625,8.0390625,0.072265625,-0.001953125,0.001953125,8.4375,-25.5,-63.6875
2026-09-28T14:54:25.527699,-5.171875,-1.2265625,8.078125,0.021484375,0.0,-0.001953125,8.4375,-25.5,-63.6875
2026-09-28T14:54:25.554524,-5.1328125,-1.265625,8.0390625,0.021484375,0.0,-0.001953125,7.375,-26.625,-63.75
2026-09-28T14:54:25.579347,-5.171875,-1.2265625,8.078125,-0.029296875,0.001953125,0.0,7.375,-26.625,-63.75
2026-09-28T14:54:25.600337,-5.171875,-1.2265625,8.078125,-0.029296875,0.001953125,0.0,7.0,-26.5625,-63.0625
2026-09-28T14:54:25.626856,-5.1328125,-1.2265625,8.04296875,-0.029296875,0.001953125,0.0,7.0,-26.5625,-63.0625
2026-09-28T14:54:25.652515,-5.171875,-1.2265625,8.078125,0.001953125,-0.005859375,-0.001953125,7.8125,-26.125,-62.1875
2026-09-28T14:54:25.677809,-5.1328125,-1.2265625,8.08203125,-0.037109375,-0.00390625,-0.00390625,7.8125,-26.125,-62.1875
2026-09-28T14:54:25.702474,-5.171875,-1.2265625,8.0390625,-0.037109375,-0.00390625,-0.00390625,7.75,-25.8125,-63.0
2026-09-28T14:54:25.718659,-5.171875,-1.2265625,8.0390625,-0.037109375,-0.00390625,-0.00390625,7.75,-25.8125,-63.0
2026-09-28T14:54:25.747907,-5.1328125,-1.2265625,8.12109375,-0.041015625,-0.00390625,-0.001953125,8.5625,-26.875,-61.375
2026-09-28T14:54:25.769101,-5.171875,-1.2265625,8.0390625,-0.041015625,-0.00390625,-0.001953125,8.5625,-26.875,-61.375
2026-09-28T14:54:25.798433,-5.171875,-1.2265625,8.078125,-0.015625,-0.0078125,-0.001953125,7.4375,-27.3125,-62.25
2026-09-28T14:54:25.816032,-5.171875,-1.2265625,8.078125,-0.015625,-0.0078125,-0.001953125,7.4375,-27.3125,-62.25
2026-09-28T14:54:25.840885,-5.1328125,-1.2265625,8.08203125,-0.1015625,-0.001953125,0.0,7.4375,-27.3125,-62.25
2026-09-28T14:54:25.866234,-5.171875,-1.2265625,8.0390625,-0.1015625,-0.001953125,0.0,8.375,-25.625,-59.4375
2026-09-28T14:54:25.891000,-5.1328125,-1.2265625,8.08203125,-0.0625,0.0,0.00390625,8.375,-25.625,-59.4375
2026-09-28T14:54:25.911340,-5.1328125,-1.2265625,8.08203125,-0.0625,0.0,0.00390625,8.25,-27.1875,-60.625
2026-09-28T14:54:25.936670,-5.171875,-1.2265625,8.01171875,0.009765625,-0.015625,0.0,8.25,-27.1875,-60.625
2026-09-28T14:54:25.962365,-5.171875,-1.2265625,8.078125,0.009765625,-0.015625,0.0,8.9375,-26.8125,-61.3125
2026-09-28T14:54:25.988751,-5.171875,-1.2265625,8.0390625,-0.05859375,0.001953125,-0.001953125,8.9375,-26.8125,-61.3125
2026-09-28T14:54:26.014795,-5.171875,-1.2265625,8.078125,-0.05859375,0.001953125,-0.001953125,7.6875,-26.8125,-59.5
2026-09-28T14:54:26.036433,-5.171875,-1.2265625,8.078125,-0.07421875,0.00390625,0.0,7.6875,-26.8125,-59.5
2026-09-28T14:54:26.062800,-5.1328125,-1.2265625,8.08203125,-0.07421875,0.00390625,0.0,7.9375,-26.4375,-60.25
2026-09-28T14:54:26.088666,-5.171875,-1.2265625,8.0390625,0.0390625,-0.009765625,-0.001953125,7.9375,-26.4375,-60.25
2026-09-28T14:54:26.114772,-5.171875,-1.2265625,8.1171875,0.0390625,-0.009765625,-0.001953125,7.375,-25.3125,-59.0625
2026-09-28T14:54:26.139990,-5.171875,-1.2265625,8.01171875,-0.013671875,0.0,-0.001953125,7.375,-25.3125,-59.0625
2026-09-28T14:54:26.161099,-5.171875,-1.2265625,8.01171875,-0.013671875,0.0,-0.001953125,7.3125,-25.375,-60.25
2026-09-28T14:54:26.186459,-5.1328125,-1.2265625,8.12109375,-0.05859375,0.0078125,0.0,7.3125,-25.375,-60.25
2026-09-28T14:54:26.212429,-5.171875,-1.2265625,8.0390625,-0.05859375,0.0078125,0.0,8.375,-26.0625,-59.8125
2026-09-28T14:54:26.237931,-5.171875,-1.2265625,8.078125,0.046875,-0.0078125,-0.00390625,8.375,-26.0625,-59.8125
2026-09-28T14:54:26.263699,-5.171875,-1.2265625,8.078125,0.046875,-0.0078125,-0.00390625,7.625,-26.4375,-60.25
2026-09-28T14:54:26.284726,-5.171875,-1.2265625,8.078125,0.00390625,-0.0078125,-0.00390625,7.625,-26.4375,-60.25
2026-09-28T14:54:26.310854,-5.1328125,-1.2265625,8.0078125,0.00390625,-0.0078125,-0.00390625,7.875,-26.4375,-60.5625
2026-09-28T14:54:26.336514,-5.171875,-1.2265625,8.1171875,-0.0703125,0.0078125,0.0,7.875,-26.4375,-60.5625
2026-09-28T14:54:26.362455,-5.171875,-1.2265625,8.01171875,-0.0703125,0.0078125,0.0,7.9375,-25.6875,-60.1875
2026-09-28T14:54:26.383369,-5.171875,-1.2265625,8.01171875,0.01171875,-0.0078125,0.0,7.9375,-25.6875,-60.1875
2026-09-28T14:54:26.408070,-5.171875,-1.2265625,8.1171875,0.01171875,-0.0078125,0.0,8.5,-26.875,-62.1875
2026-09-28T14:54:26.433531,-5.1328125,-1.2265625,8.04296875,0.001953125,-0.00390625,0.001953125,8.5,-26.875,-62.1875
2026-09-28T14:54:26.458118,-5.171875,-1.2265625,8.078125,0.001953125,-0.00390625,0.001953125,8.75,-24.9375,-60.125
2026-09-28T14:54:26.483580,-5.1328125,-1.2265625,8.08203125,-0.06640625,0.01171875,0.001953125,8.75,-24.9375,-60.125
2026-09-28T14:54:26.504332,-5.1328125,-1.2265625,8.08203125,-0.06640625,0.01171875,0.001953125,9.375,-26.0,-60.4375
2026-09-28T14:54:26.528721,-5.1328125,-1.2265625,8.04296875,0.00390625,0.005859375,0.005859375,9.375,-26.0,-60.4375
2026-09-28T14:54:26.554474,-5.171875,-1.2265625,8.078125,0.00390625,0.005859375,0.005859375,8.1875,-26.125,-62.125
2026-09-28T14:54:26.578777,-5.171875,-1.2265625,8.078125,0.00390625,0.005859375,0.005859375,8.1875,-26.125,-62.125
2026-09-28T14:54:26.599516,-5.1328125,-1.2265625,8.04296875,0.046875,-0.001953125,0.001953125,8.75,-26.1875,-64.4375
2026-09-28T14:54:26.625673,-5.1328125,-1.2265625,8.12109375,0.046875,-0.001953125,0.001953125,8.75,-26.1875,-64.4375
2026-09-28T14:54:26.650757,-5.171875,-1.2265625,8.0390625,-0.017578125,0.009765625,0.00390625,9.25,-27.25,-62.125
2026-09-28T14:54:26.677090,-5.171875,-1.2265625,8.078125,0.0078125,0.0078125,0.001953125,9.25,-27.25,-62.125
2026-09-28T14:54:26.703614,-5.1328125,-1.2265625,8.08203125,0.0078125,0.0078125,0.001953125,7.625,-27.6875,-63.8125
2026-09-28T14:54:26.719499,-5.1328125,-1.2265625,8.08203125,0.0078125,0.0078125,0.001953125,7.625,-27.6875,-63.8125
2026-09-28T14:54:26.748268,-5.171875,-1.2265625,8.0390625,0.068359375,0.0,-0.001953125,6.8125,-26.125,-61.4375
2026-09-28T14:54:26.774418,-5.171875,-1.2265625,8.078125,0.068359375,0.0,-0.001953125,6.8125,-26.125,-61.4375
2026-09-28T14:54:26.790643,-5.171875,-1.2265625,8.078125,0.017578125,0.005859375,0.0,6.8125,-26.125,-61.4375
2026-09-28T14:54:26.816409,-5.1328125,-1.2265625,8.04296875,0.017578125,0.005859375,0.0,6.625,-27.6875,-62.6875
2026-09-28T14:54:26.847016,-5.171875,-1.2265625,8.1171875,0.021484375,0.01171875,-0.013671875,7.625,-25.375,-60.625
2026-09-28T14:54:26.868200,-5.171875,-1.2265625,8.0390625,0.021484375,0.01171875,-0.013671875,7.625,-25.375,-60.625
2026-09-28T14:54:26.897182,-5.1328125,-1.2265625,8.12109375,0.060546875,0.015625,-0.02734375,8.1875,-27.5625,-61.0625
2026-09-28T14:54:26.914647,-5.1328125,-1.2265625,8.12109375,0.060546875,0.015625,-0.02734375,8.1875,-27.5625,-61.0625
2026-09-28T14:54:26.939868,-5.1328125,-1.2265625,8.04296875,0.001953125,-0.005859375,-0.005859375,8.1875,-27.5625,-61.0625
2026-09-28T14:54:26.965612,-5.171875,-1.2265625,8.0390625,0.001953125,-0.005859375,-0.005859375,7.5625,-26.5,-61.0625
2026-09-28T14:54:26.990803,-5.171875,-1.2265625,8.1171875,-0.03515625,-0.00390625,-0.005859375,7.5625,-26.5,-61.0625
2026-09-28T14:54:27.015341,-5.171875,-1.2265625,8.1171875,-0.03515625,-0.00390625,-0.005859375,8.0,-26.8125,-59.4375
2026-09-28T14:54:27.037407,-5.171875,-1.2265625,8.0390625,-0.0234375,-0.01171875,-0.01171875,8.0,-26.8125,-59.4375
2026-09-28T14:54:27.063115,-5.171875,-1.2265625,8.078125,-0.0234375,-0.01171875,-0.01171875,8.6875,-26.0625,-60.125
2026-09-28T14:54:27.087749,-5.171875,-1.2265625,8.078125,-0.03515625,-0.009765625,-0.001953125,8.6875,-26.0625,-60.125
2026-09-28T14:54:27.113745,-5.171875,-1.2265625,8.078125,-0.03515625,-0.009765625,-0.001953125,8.0,-25.3125,-59.4375
2026-09-28T14:54:27.134454,-5.171875,-1.2265625,8.078125,-0.056640625,-0.00390625,0.0,8.0,-25.3125,-59.4375
2026-09-28T14:54:27.160163,-5.171875,-1.2265625,8.0390625,-0.056640625,-0.00390625,0.0,8.625,-26.0625,-60.9375
2026-09-28T14:54:27.185493,-5.171875,-1.2265625,8.078125,-0.029296875,-0.0078125,0.001953125,8.625,-26.0625,-60.9375
2026-09-28T14:54:27.211676,-5.1328125,-1.1875,8.08203125,-0.029296875,-0.0078125,0.001953125,8.4375,-24.5625,-59.0
2026-09-28T14:54:27.237814,-5.1328125,-1.2265625,8.04296875,-0.017578125,-0.005859375,0.001953125,8.4375,-24.5625,-59.0
2026-09-28T14:54:27.259048,-5.1328125,-1.2265625,8.04296875,-0.017578125,-0.005859375,0.001953125,7.6875,-24.625,-60.625
2026-09-28T14:54:27.284828,-5.1328125,-1.1875,8.08203125,-0.025390625,0.00390625,0.00390625,7.6875,-24.625,-60.625
2026-09-28T14:54:27.311288,-5.171875,-1.2265625,8.0390625,-0.025390625,0.00390625,0.00390625,8.625,-26.8125,-61.0
2026-09-28T14:54:27.337703,-5.1328125,-1.2265625,8.08203125,0.0,0.009765625,0.0078125,8.625,-26.8125,-61.0
2026-09-28T14:54:27.362832,-5.171875,-1.1875,8.078125,0.0,0.009765625,0.0078125,8.4375,-24.9375,-58.9375
2026-09-28T14:54:27.383705,-5.171875,-1.1875,8.078125,0.060546875,-0.001953125,0.001953125,8.4375,-24.9375,-58.9375
2026-09-28T14:54:27.408216,-5.171875,-1.2265625,8.0390625,0.060546875,-0.001953125,0.001953125,8.0,-26.4375,-59.5
2026-09-28T14:54:27.433878,-5.171875,-1.2265625,8.078125,0.01171875,0.01171875,0.0078125,8.0,-26.4375,-59.5
2026-09-28T14:54:27.457670,-5.1328125,-1.2265625,8.08203125,0.01171875,0.01171875,0.0078125,8.25,-26.0625,-61.0
2026-09-28T14:54:27.478208,-5.1328125,-1.2265625,8.08203125,0.021484375,0.015625,0.00390625,8.25,-26.0625,-61.0
2026-09-28T14:54:27.503794,-5.171875,-1.2265625,8.078125,0.021484375,0.015625,0.00390625,8.125,-25.75,-62.5
2026-09-28T14:54:27.528218,-5.171875,-1.2265625,8.0390625,0.087890625,0.005859375,0.001953125,8.125,-25.75,-62.5
2026-09-28T14:54:27.553904,-5.1328125,-1.2265625,8.08203125,0.087890625,0.005859375,0.001953125,8.125,-26.5,-62.1875
2026-09-28T14:54:27.578753,-5.1328125,-1.2265625,8.08203125,0.046875,0.001953125,-0.001953125,8.125,-26.5,-62.1875
2026-09-28T14:54:27.600322,-5.171875,-1.2265625,8.01171875,0.046875,0.001953125,-0.001953125,8.125,-26.9375,-62.5625
2026-09-28T14:54:27.627550,-5.1328125,-1.2265625,8.08203125,-0.009765625,0.01171875,0.0,8.125,-26.9375,-62.5625
2026-09-28T14:54:27.653180,-5.171875,-1.1875,8.0390625,-0.009765625,0.01171875,0.0,7.375,-26.9375,-63.0625
2026-09-28T14:54:27.669013,-5.171875,-1.1875,8.0390625,-0.009765625,0.01171875,0.0,7.375,-26.9375,-63.0625
2026-09-28T14:54:27.697501,-5.171875,-1.2265625,8.0390625,0.03125,-0.00390625,0.0,7.8125,-25.0625,-62.125
2026-09-28T14:54:27.718078,-5.171875,-1.2265625,8.078125,0.03125,-0.00390625,0.0,7.8125,-25.0625,-62.125
2026-09-28T14:54:27.747545,-5.1328125,-1.1875,8.08203125,0.015625,-0.005859375,-0.005859375,7.8125,-26.5,-61.375
2026-09-28T14:54:27.773697,-5.171875,-1.2265625,8.078125,0.015625,-0.005859375,-0.005859375,7.8125,-26.5,-61.375
2026-09-28T14:54:27.798654,-5.171875,-1.2265625,8.078125,-0.02734375,-0.001953125,-0.00390625,7.6875,-26.1875,-63.375
2026-09-28T14:54:27.816593,-5.171875,-1.1875,8.0390625,-0.02734375,-0.001953125,-0.00390625,7.6875,-26.1875,-63.375
2026-09-28T14:54:27.846318,-5.1328125,-1.2265625,8.12109375,-0.00390625,-0.00390625,-0.001953125,7.75,-27.25,-61.875
2026-09-28T14:54:27.867633,-5.1328125,-1.2265625,8.04296875,-0.00390625,-0.00390625,-0.001953125,7.75,-27.25,-61.875
2026-09-28T14:54:27.888858,-5.1328125,-1.2265625,8.04296875,0.01953125,-0.0078125,-0.00390625,7.75,-27.25,-61.875
2026-09-28T14:54:27.914992,-5.171875,-1.2265625,8.0390625,0.01953125,-0.0078125,-0.00390625,6.0,-26.5625,-62.0
2026-09-28T14:54:27.944840,-5.28515625,-1.03515625,8.04296875,-1.697265625,-1.193359375,-0.1875,6.125,-23.625,-61.875
2026-09-28T14:54:27.966671,-4.75,-1.5703125,7.85546875,-1.697265625,-1.193359375,-0.1875,6.125,-23.625,-61.875
2026-09-28T14:54:27.996699,-4.55859375,-1.37890625,8.96484375,0.62890625,0.078125,-0.24609375,5.125,-25.8125,-60.4375
2026-09-28T14:54:28.017995,-4.55859375,-1.37890625,8.96484375,0.62890625,0.078125,-0.24609375,5.125,-25.8125,-60.4375
2026-09-28T14:54:28.038663,-4.828125,-1.1875,8.54296875,0.015625,0.845703125,-0.0703125,5.125,-25.8125,-60.4375
2026-09-28T14:54:28.064560,-5.0546875,-1.265625,7.62890625,0.015625,0.845703125,-0.0703125,8.1875,-27.5625,-61.4375
2026-09-28T14:54:28.089974,-4.90234375,-1.2265625,8.27734375,-0.57421875,-0.958984375,0.125,8.1875,-27.5625,-61.4375
2026-09-28T14:54:28.115861,-4.671875,-1.33984375,8.65625,-0.57421875,-0.958984375,0.125,5.4375,-25.5,-60.8125
2026-09-28T14:54:28.137629,-4.671875,-1.33984375,8.65625,-0.318359375,0.33984375,0.201171875,5.4375,-25.5,-60.8125
2026-09-28T14:54:28.163284,-4.7109375,-1.41796875,8.39453125,-0.318359375,0.33984375,0.201171875,5.8125,-23.625,-61.4375
2026-09-28T14:54:28.188536,-4.90234375,-1.37890625,7.85546875,-0.455078125,-0.439453125,0.18359375,5.8125,-23.625,-61.4375
2026-09-28T14:54:28.214707,-4.90234375,-1.80078125,7.66015625,-0.455078125,-0.439453125,0.18359375,4.375,-22.9375,-61.9375
2026-09-28T14:54:28.239021,-5.5546875,-0.65234375,8.42578125,5.876953125,-0.234375,-2.625,4.375,-22.9375,-61.9375
2026-09-28T14:54:28.260306,-5.5546875,-0.65234375,8.42578125,5.876953125,-0.234375,-2.625,5.375,-34.5625,-57.6875
2026-09-28T14:54:28.285965,-4.0234375,-0.23046875,9.19921875,0.26953125,0.228515625,0.09765625,5.375,-34.5625,-57.6875
2026-09-28T14:54:28.312578,-5.4765625,-0.34375,9.765625,0.26953125,0.228515625,0.09765625,3.5625,-32.0625,-59.25
2026-09-28T14:54:28.337191,-4.51953125,-1.109375,9.65234375,1.359375,0.75,0.03515625,3.5625,-32.0625,-59.25
2026-09-28T14:54:28.358369,-4.51953125,-1.109375,9.65234375,1.359375,0.75,0.03515625,3.0,-28.0625,-59.125
2026-09-28T14:54:28.384570,-3.90625,-2.94921875,11.4140625,1.78515625,-3.158203125,-2.34765625,3.0,-28.0625,-59.125
2026-09-28T14:54:28.410759,-2.60546875,-1.9921875,7.27734375,1.78515625,-3.158203125,-2.34765625,-10.6875,-22.75,-62.375
2026-09-28T14:54:28.436922,-0.4609375,-1.5703125,9.58203125,-1.34765625,-3.06640625,-0.904296875,-10.6875,-22.75,-62.375
2026-09-28T14:54:28.463062,0.0,-0.7265625,8.73828125,-1.34765625,-3.06640625,-0.904296875,-17.125,-18.125,-60.3125
2026-09-28T14:54:28.488363,0.0,-0.7265625,8.73828125,-0.533203125,-2.025390625,0.470703125,-17.125,-18.125,-60.3125
2026-09-28T14:54:28.509724,1.1484375,-3.9453125,9.1953125,-0.533203125,-2.025390625,0.470703125,-23.625,-17.125,-58.4375
2026-09-28T14:54:28.535389,2.98828125,-2.87109375,9.609375,0.4140625,-1.69140625,0.126953125,-23.625,-17.125,-58.4375
2026-09-28T14:54:28.562216,1.87890625,-5.4765625,9.73046875,0.4140625,-1.69140625,0.126953125,-28.4375,-21.1875,-54.3125
2026-09-28T14:54:28.586894,-4.828125,0.15234375,5.51953125,3.380859375,-0.1328125,1.0390625,-28.4375,-21.1875,-54.3125
2026-09-28T14:54:28.608075,-4.828125,0.15234375,5.51953125,3.380859375,-0.1328125,1.0390625,-32.1875,-22.0,-51.125
2026-09-28T14:54:28.634494,1.5703125,-0.8046875,12.1796875,0.18359375,-1.802734375,1.654296875,-32.1875,-22.0,-51.125
2026-09-28T14:54:28.661309,5.2109375,-1.2265625,8.04296875,0.18359375,-1.802734375,1.654296875,-36.25,-22.75,-47.625
2026-09-28T14:54:28.686594,1.2265625,-3.06640625,7.35546875,0.73828125,-0.01953125,0.7265625,-36.25,-22.75,-47.625
2026-09-28T14:54:28.712395,1.6484375,-1.37890625,10.0,0.73828125,-0.01953125,0.7265625,-38.5,-23.9375,-48.5625
2026-09-28T14:54:28.738256,1.6484375,-1.37890625,10.0,0.330078125,-0.158203125,0.25,-38.5,-23.9375,-48.5625
2026-09-28T14:54:28.759116,2.52734375,-1.109375,9.421875,0.330078125,-0.158203125,0.25,-38.0625,-25.3125,-47.4375
2026-09-28T14:54:28.785599,2.64453125,-1.07421875,9.609375,0.294921875,-0.275390625,0.236328125,-38.0625,-25.3125,-47.4375
2026-09-28T14:54:28.811763,2.22265625,-1.1484375,9.0,0.294921875,-0.275390625,0.236328125,-38.375,-24.9375,-46.25
2026-09-28T14:54:28.836618,1.953125,-1.07421875,8.8125,0.220703125,0.259765625,-0.087890625,-38.375,-24.9375,-46.25
2026-09-28T14:54:28.857859,1.953125,-1.07421875,8.8125,0.220703125,0.259765625,-0.087890625,-37.25,-25.25,-45.8125
2026-09-28T14:54:28.884270,2.453125,-0.7265625,9.6875,0.205078125,0.12109375,0.0625,-37.25,-25.25,-45.8125
2026-09-28T14:54:28.910669,2.10546875,-0.8046875,9.26953125,0.205078125,0.12109375,0.0625,-36.6875,-27.125,-47.0
2026-09-28T14:54:28.936536,1.953125,-0.61328125,9.5390625,0.134765625,0.361328125,-0.09375,-36.6875,-27.125,-47.0
2026-09-28T14:54:28.962153,1.87890625,-0.53515625,9.84765625,0.134765625,0.361328125,-0.09375,-37.0625,-26.4375,-47.0
2026-09-28T14:54:28.984482,1.87890625,-0.53515625,9.84765625,0.0390625,-0.00390625,-0.09765625,-37.0625,-26.4375,-47.0
2026-09-28T14:54:29.011807,2.03125,-0.84375,9.1171875,0.0390625,-0.00390625,-0.09765625,-36.375,-26.75,-47.6875
2026-09-28T14:54:29.037083,2.22265625,-0.69140625,9.19921875,0.150390625,0.224609375,-0.013671875,-36.375,-26.75,-47.6875
2026-09-28T14:54:29.062740,1.609375,-0.61328125,9.42578125,0.150390625,0.224609375,-0.013671875,-35.6875,-27.875,-47.6875
2026-09-28T14:54:29.087877,1.87890625,-0.34375,9.73046875,0.095703125,0.1953125,-0.060546875,-35.6875,-27.875,-47.6875
2026-09-28T14:54:29.109391,1.87890625,-0.34375,9.73046875,0.095703125,0.1953125,-0.060546875,-36.4375,-27.875,-47.8125
2026-09-28T14:54:29.135243,1.6484375,-0.49609375,9.578125,0.001953125,0.111328125,-0.080078125,-36.4375,-27.875,-47.8125
2026-09-28T14:54:29.162106,1.72265625,-0.53515625,9.3046875,0.001953125,0.111328125,-0.080078125,-35.0625,-28.9375,-47.75
2026-09-28T14:54:29.186943,1.9140625,-0.49609375,9.34375,0.04296875,0.146484375,-0.044921875,-35.0625,-28.9375,-47.75
2026-09-28T14:54:29.212522,1.6484375,-0.421875,9.34765625,0.04296875,0.146484375,-0.044921875,-35.8125,-29.0,-49.375
2026-09-28T14:54:29.234362,1.6484375,-0.421875,9.34765625,0.037109375,0.0859375,-0.009765625,-35.8125,-29.0,-49.375
2026-09-28T14:54:29.260835,1.53125,-0.34375,9.7265625,0.037109375,0.0859375,-0.009765625,-35.4375,-28.25,-48.5
2026-09-28T14:54:29.286208,1.68359375,-0.421875,9.421875,0.037109375,0.009765625,0.0078125,-35.4375,-28.25,-48.5
2026-09-28T14:54:29.312407,1.41796875,-0.49609375,9.38671875,0.037109375,0.009765625,0.0078125,-35.0625,-27.125,-49.1875
2026-09-28T14:54:29.336624,1.5703125,-0.3828125,9.58203125,0.103515625,-0.015625,-0.060546875,-35.0625,-27.125,-49.1875
2026-09-28T14:54:29.358490,1.5703125,-0.3828125,9.58203125,0.103515625,-0.015625,-0.060546875,-33.625,-28.1875,-48.0
2026-09-28T14:54:29.385461,1.4921875,-0.34375,9.4609375,0.044921875,-0.029296875,-0.08203125,-33.625,-28.1875,-48.0
2026-09-28T14:54:29.411865,1.80078125,-0.3046875,9.46484375,0.044921875,-0.029296875,-0.08203125,-35.8125,-30.125,-48.5625
2026-09-28T14:54:29.437900,1.609375,-0.3046875,9.38671875,0.072265625,0.033203125,-0.02734375,-35.8125,-30.125,-48.5625
2026-09-28T14:54:29.463836,1.5703125,-0.3046875,9.42578125,0.072265625,0.033203125,-0.02734375,-35.4375,-30.0625,-47.75
2026-09-28T14:54:29.485468,1.5703125,-0.3046875,9.42578125,0.021484375,0.0390625,-0.01171875,-35.4375,-30.0625,-47.75
2026-09-28T14:54:29.511750,1.5703125,-0.19140625,9.578125,0.021484375,0.0390625,-0.01171875,-35.5625,-30.125,-49.375
2026-09-28T14:54:29.536671,1.45703125,-0.34375,9.421875,0.080078125,0.04296875,-0.0546875,-35.5625,-30.125,-49.375
2026-09-28T14:54:29.562409,1.53125,-0.26953125,9.3828125,0.080078125,0.04296875,-0.0546875,-33.8125,-30.375,-49.25
2026-09-28T14:54:29.587511,1.45703125,-0.19140625,9.578125,0.044921875,0.005859375,-0.05078125,-33.8125,-30.375,-49.25
2026-09-28T14:54:29.608613,1.45703125,-0.19140625,9.578125,0.044921875,0.005859375,-0.05078125,-34.4375,-30.75,-48.5
2026-09-28T14:54:29.634462,1.609375,-0.15234375,9.4609375,-0.001953125,-0.015625,-0.046875,-34.4375,-30.75,-48.5
2026-09-28T14:54:29.661501,1.72265625,-0.34375,9.12109375,-0.001953125,-0.015625,-0.046875,-33.3125,-30.0,-48.0
2026-09-28T14:54:29.686504,1.4921875,-0.15234375,9.578125,0.103515625,0.125,-0.013671875,-33.3125,-30.0,-48.0
2026-09-28T14:54:29.712282,1.4921875,-0.11328125,9.61328125,0.103515625,0.125,-0.013671875,-33.9375,-30.6875,-47.3125
2026-09-28T14:54:29.734794,1.4921875,-0.11328125,9.61328125,0.037109375,0.033203125,0.001953125,-33.9375,-30.6875,-47.3125
2026-09-28T14:54:29.761815,1.37890625,-0.11328125,9.50390625,0.037109375,0.033203125,0.001953125,-34.3125,-31.125,-47.375
2026-09-28T14:54:29.787355,1.5703125,-0.11328125,9.46484375,0.0,0.046875,-0.009765625,-34.3125,-31.125,-47.375
2026-09-28T14:54:29.813786,1.37890625,-0.15234375,9.38671875,0.0,0.046875,-0.009765625,-33.6875,-30.0625,-48.0625
2026-09-28T14:54:29.838468,1.5703125,-0.23046875,9.4609375,0.044921875,0.0234375,-0.05078125,-33.6875,-30.0625,-48.0625
2026-09-28T14:54:29.860361,1.5703125,-0.23046875,9.4609375,0.044921875,0.0234375,-0.05078125,-34.0625,-30.0625,-48.8125
2026-09-28T14:54:29.885764,1.41796875,-0.15234375,9.265625,0.09375,0.169921875,-0.013671875,-34.0625,-30.0625,-48.8125
2026-09-28T14:54:29.912083,1.30078125,-0.11328125,9.76953125,0.09375,0.169921875,-0.013671875,-31.5,-30.25,-47.5
2026-09-28T14:54:29.938163,1.45703125,-0.11328125,9.38671875,0.06640625,0.115234375,-0.02734375,-31.5,-30.25,-47.5
2026-09-28T14:54:29.965439,1.30078125,-0.0390625,9.578125,0.06640625,0.115234375,-0.02734375,-33.375,-30.375,-48.375
2026-09-28T14:54:29.986529,1.30078125,-0.0390625,9.578125,0.0390625,0.0078125,-0.0234375,-33.375,-30.375,-48.375
2026-09-28T14:54:30.013099,1.41796875,-0.11328125,9.3046875,0.0390625,0.0078125,-0.0234375,-33.5,-31.5625,-50.0
2026-09-28T14:54:30.038477,1.37890625,0.0390625,9.69140625,-0.001953125,0.017578125,0.021484375,-33.5,-31.5625,-50.0
2026-09-28T14:54:30.065215,1.30078125,0.0,9.61328125,-0.001953125,0.017578125,0.021484375,-33.8125,-31.5,-48.875
2026-09-28T14:54:30.095175,1.265625,-0.15234375,9.42578125,0.005859375,-0.01171875,-0.0234375,-33.4375,-31.125,-48.8125
2026-09-28T14:54:30.112602,1.265625,-0.15234375,9.42578125,0.005859375,-0.01171875,-0.0234375,-33.4375,-31.125,-48.8125
2026-09-28T14:54:30.138021,1.4921875,-0.11328125,9.34375,0.021484375,0.0078125,-0.0078125,-33.4375,-31.125,-48.8125
2026-09-28T14:54:30.164610,1.33984375,-0.078125,9.46484375,0.021484375,0.0078125,-0.0078125,-34.125,-32.25,-48.5625
2026-09-28T14:54:30.194685,1.37890625,-0.0390625,9.50390625,0.015625,0.046875,0.0,-33.5625,-31.5625,-50.4375
2026-09-28T14:54:30.215729,1.30078125,-0.0390625,9.5,0.015625,0.046875,0.0,-33.5625,-31.5625,-50.4375
2026-09-28T14:54:30.237058,1.30078125,-0.0390625,9.5,0.0078125,0.021484375,-0.0078125,-33.5625,-31.5625,-50.4375
2026-09-28T14:54:30.262887,1.33984375,-0.11328125,9.421875,0.0078125,0.021484375,-0.0078125,-33.5625,-31.5625,-50.4375
2026-09-28T14:54:30.288262,1.41796875,-0.0390625,9.50390625,-0.01171875,-0.001953125,0.04296875,-33.5625,-31.5625,-50.4375
2026-09-28T14:54:30.314309,1.37890625,-0.0390625,9.38671875,-0.01171875,-0.001953125,0.04296875,-35.125,-31.1875,-48.1875
2026-09-28T14:54:30.344516,1.265625,0.0,9.5390625,0.017578125,0.01171875,0.044921875,-34.5625,-33.0,-48.9375
2026-09-28T14:54:30.362944,1.265625,0.0,9.5390625,0.017578125,0.01171875,0.044921875,-34.5625,-33.0,-48.9375
2026-09-28T14:54:30.387965,1.33984375,-0.078125,9.46484375,0.013671875,0.04296875,0.052734375,-34.5625,-33.0,-48.9375
2026-09-28T14:54:30.414339,1.1875,-0.0390625,9.46484375,0.013671875,0.04296875,0.052734375,-34.5,-30.4375,-49.3125
2026-09-28T14:54:30.444952,1.2265625,0.0,9.6484375,-0.015625,-0.033203125,-0.00390625,-34.25,-31.625,-50.875
2026-09-28T14:54:30.466018,1.2265625,-0.0390625,9.50390625,-0.015625,-0.033203125,-0.00390625,-34.25,-31.625,-50.875
2026-09-28T14:54:30.487056,1.2265625,-0.0390625,9.50390625,-0.0234375,0.0078125,-0.0078125,-34.25,-31.625,-50.875
2026-09-28T14:54:30.512951,1.2265625,0.0,9.54296875,-0.0234375,0.0078125,-0.0078125,-33.625,-31.625,-51.1875
2026-09-28T14:54:30.537649,1.30078125,-0.0390625,9.5,-0.00390625,0.04296875,0.0,-33.625,-31.625,-51.1875
2026-09-28T14:54:30.564242,1.1875,0.0,9.46484375,-0.00390625,0.04296875,0.0,-32.75,-30.4375,-50.3125
2026-09-28T14:54:30.594553,1.30078125,-0.0390625,9.5390625,0.001953125,0.01953125,0.009765625,-33.5,-30.5,-50.375
2026-09-28T14:54:30.612653,1.30078125,-0.0390625,9.5390625,0.001953125,0.01953125,0.009765625,-33.5,-30.5,-50.375
2026-09-28T14:54:30.638184,1.1875,-0.0390625,9.54296875,-0.02734375,-0.02734375,0.00390625,-33.5,-30.5,-50.375
2026-09-28T14:54:30.664819,1.33984375,-0.078125,9.38671875,-0.02734375,-0.02734375,0.00390625,-33.9375,-32.25,-50.0625
2026-09-28T14:54:30.695343,1.1484375,0.0390625,9.578125,0.0546875,-0.001953125,0.013671875,-33.1875,-31.5625,-50.375
2026-09-28T14:54:30.721848,1.1875,0.0,9.58203125,0.0546875,-0.001953125,0.013671875,-33.1875,-31.5625,-50.375
2026-09-28T14:54:30.747909,1.1875,0.0,9.58203125,0.01171875,-0.001953125,-0.005859375,-34.0,-32.0,-51.25
2026-09-28T14:54:30.765213,1.2265625,0.0,9.609375,0.01171875,-0.001953125,-0.005859375,-34.0,-32.0,-51.25
2026-09-28T14:54:30.794744,1.37890625,-0.078125,9.23046875,0.01953125,0.025390625,0.001953125,-32.875,-32.0,-51.1875
2026-09-28T14:54:30.821427,1.265625,-0.078125,9.42578125,0.01953125,0.025390625,0.001953125,-32.875,-32.0,-51.1875
2026-09-28T14:54:30.847670,1.1875,0.0390625,9.609375,0.072265625,0.060546875,0.00390625,-33.625,-31.625,-51.625
2026-09-28T14:54:30.864480,1.1875,0.0390625,9.609375,0.072265625,0.060546875,0.00390625,-33.625,-31.625,-51.625
2026-09-28T14:54:30.894627,1.2265625,0.0390625,9.58203125,-0.009765625,-0.046875,0.013671875,-33.5625,-31.1875,-50.4375
2026-09-28T14:54:30.915715,1.265625,-0.0390625,9.3828125,-0.009765625,-0.046875,0.013671875,-33.5625,-31.1875,-50.4375
2026-09-28T14:54:30.945427,1.30078125,0.0390625,9.578125,0.03515625,0.091796875,-0.009765625,-33.9375,-32.0,-50.875
2026-09-28T14:54:30.971484,1.265625,0.078125,9.5,0.03515625,0.091796875,-0.009765625,-33.9375,-32.0,-50.875
2026-09-28T14:54:30.995880,1.265625,0.078125,9.5,0.017578125,-0.005859375,0.013671875,-32.625,-32.375,-52.375
2026-09-28T14:54:31.013957,1.2265625,-0.0390625,9.46484375,0.017578125,-0.005859375,0.013671875,-32.625,-32.375,-52.375
2026-09-28T14:54:31.044023,1.1875,0.0390625,9.6484375,-0.044921875,-0.033203125,0.0234375,-33.125,-30.4375,-50.375
2026-09-28T14:54:31.065135,1.2265625,0.0,9.46484375,-0.044921875,-0.033203125,0.0234375,-33.125,-30.4375,-50.375
2026-09-28T14:54:31.095090,1.33984375,-0.0390625,9.265625,-0.052734375,-0.017578125,0.013671875,-33.875,-31.9375,-50.0625
2026-09-28T14:54:31.113086,1.33984375,-0.0390625,9.265625,-0.052734375,-0.017578125,0.013671875,-33.875,-31.9375,-50.0625
2026-09-28T14:54:31.144516,1.30078125,0.0,9.5390625,-0.01171875,0.013671875,0.056640625,-32.75,-30.8125,-50.3125
2026-09-28T14:54:31.171253,1.1484375,0.0390625,9.65234375,-0.01171875,0.013671875,0.056640625,-32.75,-30.8125,-50.3125
2026-09-28T14:54:31.197620,1.33984375,-0.078125,9.3046875,0.001953125,-0.0234375,-0.00390625,-34.3125,-32.0625,-51.6875
2026-09-28T14:54:31.224792,1.2265625,-0.0390625,9.46484375,0.0390625,0.02734375,-0.0078125,-34.3125,-32.0625,-51.6875
2026-09-28T14:54:31.251849,1.2265625,0.0390625,9.609375,0.0390625,0.02734375,-0.0078125,-33.625,-31.625,-51.625
2026-09-28T14:54:31.278827,1.30078125,0.0,9.4609375,-0.01171875,-0.052734375,0.001953125,-33.625,-31.625,-51.625
2026-09-28T14:54:31.300800,1.30078125,0.0,9.4609375,-0.01171875,-0.052734375,0.001953125,-33.5625,-30.8125,-50.75
2026-09-28T14:54:31.326796,1.265625,0.0,9.5,0.0234375,0.01953125,-0.00390625,-33.5625,-30.8125,-50.75
2026-09-28T14:54:31.353649,1.30078125,-0.0390625,9.4609375,0.0234375,0.01953125,-0.00390625,-33.625,-31.25,-51.5625
2026-09-28T14:54:31.380453,1.33984375,0.0390625,9.421875,0.0625,0.103515625,0.015625,-33.625,-31.25,-51.5625
2026-09-28T14:54:31.405142,1.109375,0.078125,9.6875,0.0625,0.103515625,0.015625,-33.1875,-32.25,-50.0
2026-09-28T14:54:31.427210,1.109375,0.078125,9.6875,-0.02734375,-0.0546875,0.013671875,-33.1875,-32.25,-50.0
2026-09-28T14:54:31.453430,1.2265625,0.0,9.50390625,-0.02734375,-0.0546875,0.013671875,-32.75,-31.125,-49.5625
2026-09-28T14:54:31.479910,1.265625,0.0,9.3828125,0.01953125,0.005859375,-0.00390625,-32.75,-31.125,-49.5625
2026-09-28T14:54:31.504571,1.2265625,0.0,9.46484375,0.01953125,0.005859375,-0.00390625,-33.25,-32.3125,-50.8125
2026-09-28T14:54:31.530417,1.2265625,0.078125,9.58203125,0.013671875,0.015625,-0.005859375,-33.25,-32.3125,-50.8125
2026-09-28T14:54:31.553514,1.2265625,0.078125,9.58203125,0.013671875,0.015625,-0.005859375,-33.8125,-31.5625,-49.3125
2026-09-28T14:54:31.580284,1.2265625,-0.0390625,9.34765625,0.056640625,0.060546875,-0.01171875,-33.8125,-31.5625,-49.3125
2026-09-28T14:54:31.607262,1.2265625,0.0390625,9.58203125,0.056640625,0.060546875,-0.01171875,-33.9375,-31.1875,-50.4375
2026-09-28T14:54:31.634029,1.2265625,0.078125,9.58203125,-0.001953125,0.015625,0.0,-33.9375,-31.1875,-50.4375
2026-09-28T14:54:31.660764,1.265625,0.0,9.3828125,-0.001953125,0.015625,0.0,-33.75,-31.5,-48.5
2026-09-28T14:54:31.686690,1.265625,0.0390625,9.5,0.02734375,0.072265625,0.048828125,-33.75,-31.5,-48.5
2026-09-28T14:54:31.708581,1.265625,0.0390625,9.5,0.02734375,0.072265625,0.048828125,-32.75,-32.25,-49.25
2026-09-28T14:54:31.734378,1.07421875,0.11328125,9.61328125,-0.01171875,0.0234375,0.013671875,-32.75,-32.25,-49.25
2026-09-28T14:54:31.760678,1.1875,0.0390625,9.54296875,-0.01171875,0.0234375,0.013671875,-32.75,-31.875,-49.1875
2026-09-28T14:54:31.790522,1.2265625,0.0,9.34765625,-0.021484375,-0.02734375,0.02734375,-32.75,-32.3125,-49.625
2026-09-28T14:54:31.812830,1.2265625,0.0,9.34765625,-0.021484375,-0.02734375,0.02734375,-32.75,-32.3125,-49.625
2026-09-28T14:54:31.834934,1.2265625,0.0390625,9.54296875,0.02734375,-0.00390625,-0.001953125,-32.75,-32.3125,-49.625
2026-09-28T14:54:31.861201,1.1484375,0.0,9.42578125,0.02734375,-0.00390625,-0.001953125,-33.5,-31.9375,-49.25
2026-09-28T14:54:31.886914,1.265625,0.0,9.30859375,0.064453125,0.046875,-0.00390625,-33.5,-31.9375,-49.25
2026-09-28T14:54:31.913285,1.265625,0.078125,9.42578125,0.064453125,0.046875,-0.00390625,-33.125,-31.875,-49.25
2026-09-28T14:54:31.943858,0.91796875,0.15234375,9.96484375,0.029296875,0.05859375,0.04296875,-33.9375,-32.0,-50.5
2026-09-28T14:54:31.961630,0.91796875,0.15234375,9.96484375,0.029296875,0.05859375,0.04296875,-33.9375,-32.0,-50.5
2026-09-28T14:54:31.986609,1.1484375,0.15234375,9.5,-0.052734375,-0.0546875,0.005859375,-33.9375,-32.0,-50.5
2026-09-28T14:54:32.013483,1.265625,0.0390625,9.34375,-0.052734375,-0.0546875,0.005859375,-32.4375,-33.75,-49.6875
2026-09-28T14:54:32.043842,1.1484375,0.078125,9.5,0.0234375,0.025390625,0.03515625,-34.375,-33.5,-51.375
2026-09-28T14:54:32.070615,1.109375,0.15234375,9.61328125,0.0234375,0.025390625,0.03515625,-34.375,-33.5,-51.375
2026-09-28T14:54:32.095970,1.109375,0.15234375,9.61328125,-0.033203125,-0.06640625,0.015625,-34.0,-32.0,-51.625
2026-09-28T14:54:32.113725,1.1484375,0.0,9.34375,-0.033203125,-0.06640625,0.015625,-34.0,-32.0,-51.625
2026-09-28T14:54:32.144316,1.1875,0.078125,9.38671875,0.037109375,0.078125,0.001953125,-33.625,-32.0,-51.25
2026-09-28T14:54:32.171385,1.109375,0.15234375,9.65234375,0.037109375,0.078125,0.001953125,-33.625,-32.0,-51.25
2026-09-28T14:54:32.198394,1.07421875,0.078125,9.4609375,-0.0234375,-0.00390625,0.013671875,-33.3125,-32.6875,-51.25
2026-09-28T14:54:32.223955,1.109375,0.15234375,9.61328125,-0.025390625,-0.06640625,0.0078125,-33.3125,-32.6875,-51.25
2026-09-28T14:54:32.250304,1.1875,0.11328125,9.421875,-0.025390625,-0.06640625,0.0078125,-33.0,-32.0625,-52.8125
2026-09-28T14:54:32.273290,1.1875,0.11328125,9.421875,-0.01171875,-0.033203125,0.01953125,-33.0,-32.0625,-52.8125
2026-09-28T14:54:32.300262,1.1484375,0.11328125,9.5390625,-0.01171875,-0.033203125,0.01953125,-34.0625,-32.0625,-52.0625
2026-09-28T14:54:32.327698,1.109375,0.11328125,9.5,0.001953125,0.005859375,0.001953125,-34.0625,-32.0625,-52.0625
2026-09-28T14:54:32.353900,1.1484375,0.11328125,9.5,0.001953125,0.005859375,0.001953125,-33.25,-31.25,-51.5625
2026-09-28T14:54:32.380280,1.1484375,0.078125,9.4609375,0.0078125,-0.01953125,0.015625,-33.25,-31.25,-51.5625
2026-09-28T14:54:32.407319,1.07421875,0.15234375,9.61328125,0.0078125,-0.01953125,0.015625,-32.8125,-32.625,-49.6875
2026-09-28T14:54:32.429599,1.07421875,0.15234375,9.61328125,-0.0234375,-0.017578125,-0.00390625,-32.8125,-32.625,-49.6875
2026-09-28T14:54:32.456330,1.1875,0.078125,9.50390625,-0.0234375,-0.017578125,-0.00390625,-34.25,-32.0,-50.125
2026-09-28T14:54:32.482698,1.2265625,0.078125,9.421875,0.021484375,0.021484375,0.0078125,-34.25,-32.0,-50.125
2026-09-28T14:54:32.509097,1.1875,0.078125,9.421875,0.021484375,0.021484375,0.0078125,-32.8125,-31.1875,-50.375
2026-09-28T14:54:32.533823,1.1875,0.078125,9.58203125,-0.015625,0.083984375,0.046875,-32.8125,-31.1875,-50.375
2026-09-28T14:54:32.555213,1.1875,0.078125,9.58203125,-0.015625,0.083984375,0.046875,-33.4375,-31.875,-48.4375
2026-09-28T14:54:32.581486,1.03515625,0.078125,9.46484375,-0.03125,0.0390625,0.044921875,-33.4375,-31.875,-48.4375
2026-09-28T14:54:32.607699,1.1484375,0.078125,9.4609375,-0.03125,0.0390625,0.044921875,-34.25,-32.6875,-50.1875
2026-09-28T14:54:32.633706,0.99609375,0.15234375,9.58203125,-0.03515625,-0.048828125,0.025390625,-34.25,-32.6875,-50.1875
2026-09-28T14:54:32.659032,1.109375,0.11328125,9.5390625,-0.03515625,-0.048828125,0.025390625,-34.1875,-31.1875,-50.125
2026-09-28T14:54:32.686489,1.109375,0.11328125,9.5390625,0.00390625,-0.04296875,-0.005859375,-34.1875,-31.1875,-50.125
2026-09-28T14:54:32.709358,1.07421875,0.078125,9.5390625,0.00390625,-0.04296875,-0.005859375,-34.875,-31.5625,-49.0
2026-09-28T14:54:32.736049,1.109375,0.0,9.42578125,0.02734375,-0.0078125,-0.01953125,-34.875,-31.5625,-49.0
2026-09-28T14:54:32.763723,1.1484375,0.078125,9.5390625,0.02734375,-0.0078125,-0.01953125,-33.125,-32.625,-49.25
2026-09-28T14:54:32.793839,1.109375,0.078125,9.5,-0.01171875,-0.02734375,-0.0078125,-34.0625,-32.0625,-51.6875
2026-09-28T14:54:32.820288,1.1484375,0.11328125,9.5,-0.01171875,-0.02734375,-0.0078125,-34.0625,-32.0625,-51.6875
2026-09-28T14:54:32.844988,1.1484375,0.11328125,9.5,0.01171875,0.013671875,0.013671875,-33.75,-33.125,-52.125
2026-09-28T14:54:32.862794,1.109375,0.078125,9.4609375,0.01171875,0.013671875,0.013671875,-33.75,-33.125,-52.125
2026-09-28T14:54:32.893120,1.2265625,0.078125,9.34765625,0.072265625,0.033203125,0.037109375,-33.5625,-31.5625,-50.4375
2026-09-28T14:54:32.919959,1.109375,0.15234375,9.65234375,0.072265625,0.033203125,0.037109375,-33.5625,-31.5625,-50.4375
2026-09-28T14:54:32.946052,1.03515625,0.15234375,9.609375,0.046875,0.005859375,0.021484375,-34.4375,-32.5,-52.875
2026-09-28T14:54:32.963289,1.03515625,0.15234375,9.609375,0.046875,0.005859375,0.021484375,-34.4375,-32.5,-52.875
2026-09-28T14:54:32.993580,1.109375,0.11328125,9.5,0.0078125,0.0234375,-0.01953125,-33.625,-31.625,-51.6875
2026-09-28T14:54:33.020028,1.1484375,0.15234375,9.5,0.0078125,0.0234375,-0.01953125,-33.625,-31.625,-51.6875
2026-09-28T14:54:33.046119,1.1484375,0.078125,9.5390625,-0.015625,-0.0234375,0.001953125,-33.75,-32.0625,-52.4375
2026-09-28T14:54:33.073141,1.109375,0.15234375,9.5,-0.060546875,0.03515625,-0.0078125,-33.75,-32.0625,-52.4375
2026-09-28T14:54:33.099159,1.1875,0.11328125,9.38671875,-0.060546875,0.03515625,-0.0078125,-32.9375,-31.25,-51.9375
2026-09-28T14:54:33.120898,1.1875,0.11328125,9.38671875,0.015625,0.04296875,0.021484375,-32.9375,-31.25,-51.9375
2026-09-28T14:54:33.147285,1.109375,0.078125,9.5,0.015625,0.04296875,0.021484375,-33.75,-32.0625,-52.4375
2026-09-28T14:54:33.173255,1.03515625,0.11328125,9.609375,0.009765625,-0.013671875,0.01171875,-33.75,-32.0625,-52.4375
2026-09-28T14:54:33.200693,0.99609375,0.078125,9.58203125,0.009765625,-0.013671875,0.01171875,-33.8125,-31.3125,-53.5625
2026-09-28T14:54:33.229320,1.109375,0.078125,9.5390625,-0.037109375,-0.05078125,0.0,-33.8125,-31.3125,-53.5625
2026-09-28T14:54:33.255811,1.1484375,0.078125,9.3828125,-0.037109375,-0.05078125,0.0,-32.0625,-30.375,-49.8125
2026-09-28T14:54:33.278167,1.1484375,0.078125,9.3828125,0.0234375,0.01171875,0.009765625,-32.0625,-30.375,-49.8125
2026-09-28T14:54:33.303726,1.109375,0.078125,9.5,0.0234375,0.01171875,0.009765625,-32.8125,-30.4375,-50.6875
2026-09-28T14:54:33.330089,1.03515625,0.15234375,9.54296875,-0.00390625,0.013671875,-0.021484375,-32.8125,-30.4375,-50.6875
2026-09-28T14:54:33.357219,1.2265625,0.11328125,9.54296875,-0.00390625,0.013671875,-0.021484375,-32.75,-32.5625,-48.875
2026-09-28T14:54:33.382775,1.109375,0.0390625,9.42578125,0.005859375,0.0625,0.01171875,-32.75,-32.5625,-48.875
2026-09-28T14:54:33.404725,1.109375,0.0390625,9.42578125,0.005859375,0.0625,0.01171875,-33.0625,-32.25,-48.875
2026-09-28T14:54:33.431133,1.03515625,0.078125,9.609375,-0.041015625,-0.052734375,0.0,-33.0625,-32.25,-48.875
2026-09-28T14:54:33.453358,1.03515625,0.078125,9.609375,-0.041015625,-0.052734375,0.0,-34.125,-30.8125,-49.6875
2026-09-28T14:54:33.479778,1.1875,0.0390625,9.38671875,-0.02734375,-0.048828125,-0.00390625,-34.125,-30.8125,-49.6875
2026-09-28T14:54:33.505658,1.1484375,0.0390625,9.42578125,-0.02734375,-0.048828125,-0.00390625,-34.5,-31.5625,-49.3125
2026-09-28T14:54:33.528422,1.1484375,0.0390625,9.42578125,0.044921875,0.0546875,-0.0078125,-34.5,-31.5625,-49.3125
2026-09-28T14:54:33.553898,1.07421875,0.078125,9.61328125,0.044921875,0.0546875,-0.0078125,-33.5625,-31.5625,-50.4375
2026-09-28T14:54:33.580825,1.07421875,0.078125,9.578125,-0.025390625,-0.052734375,-0.0234375,-33.5625,-31.5625,-50.4375
2026-09-28T14:54:33.608779,1.2265625,0.0,9.34765625,-0.025390625,-0.052734375,-0.0234375,-33.9375,-31.625,-50.4375
2026-09-28T14:54:33.635658,1.07421875,0.078125,9.5390625,0.00390625,0.02734375,0.0078125,-33.9375,-31.625,-50.4375
2026-09-28T14:54:33.662570,1.07421875,0.11328125,9.6875,0.00390625,0.02734375,0.0078125,-34.9375,-30.5,-50.5
2026-09-28T14:54:33.684540,1.07421875,0.11328125,9.6875,-0.041015625,-0.025390625,-0.021484375,-34.9375,-30.5,-50.5
2026-09-28T14:54:33.711655,1.2265625,0.0,9.38671875,-0.041015625,-0.025390625,-0.021484375,-33.9375,-30.875,-50.875
2026-09-28T14:54:33.742459,1.1484375,0.0390625,9.5,0.013671875,-0.00390625,-0.00390625,-32.875,-31.1875,-51.1875
2026-09-28T14:54:33.769243,1.1484375,0.0,9.4609375,0.013671875,-0.00390625,-0.00390625,-32.875,-31.1875,-51.1875
2026-09-28T14:54:33.795364,1.109375,0.0390625,9.5,0.015625,-0.005859375,0.013671875,-33.1875,-31.5625,-50.8125
2026-09-28T14:54:33.822507,1.109375,0.078125,9.65234375,-0.037109375,-0.076171875,0.0,-33.1875,-31.5625,-50.8125
2026-09-28T14:54:33.849229,1.30078125,-0.078125,9.30859375,-0.037109375,-0.076171875,0.0,-34.375,-32.4375,-51.6875
2026-09-28T14:54:33.872141,1.30078125,-0.078125,9.30859375,-0.025390625,0.017578125,0.029296875,-34.375,-32.4375,-51.6875
2026-09-28T14:54:33.899157,1.109375,0.11328125,9.61328125,-0.025390625,0.017578125,0.029296875,-32.875,-31.25,-51.5625
2026-09-28T14:54:33.926994,1.1875,0.0390625,9.54296875,-0.02734375,-0.037109375,0.025390625,-32.875,-31.25,-51.5625
2026-09-28T14:54:33.953157,1.109375,0.0,9.34375,-0.02734375,-0.037109375,0.025390625,-34.0,-30.5625,-52.0
2026-09-28T14:54:33.979967,1.1875,0.0390625,9.54296875,-0.01953125,-0.005859375,0.0,-34.0,-30.5625,-52.0
2026-09-28T14:54:34.006578,1.1875,0.0390625,9.46484375,-0.01953125,-0.005859375,0.0,-34.25,-32.0,-50.125
2026-09-28T14:54:34.028887,1.1875,0.0390625,9.46484375,0.0390625,0.03515625,-0.021484375,-34.25,-32.0,-50.125
2026-09-28T14:54:34.056292,1.1484375,0.0390625,9.578125,0.0390625,0.03515625,-0.021484375,-34.5,-30.125,-50.0625
2026-09-28T14:54:34.082768,1.1484375,0.0390625,9.5390625,-0.056640625,-0.048828125,-0.015625,-34.5,-30.125,-50.0625
2026-09-28T14:54:34.109181,1.265625,-0.0390625,9.30859375,-0.056640625,-0.048828125,-0.015625,-34.125,-31.1875,-49.3125
2026-09-28T14:54:34.135440,1.03515625,0.078125,9.8046875,-0.01953125,0.080078125,-0.052734375,-34.125,-31.1875,-49.3125
2026-09-28T14:54:34.161942,1.07421875,-0.11328125,9.30859375,-0.01953125,0.080078125,-0.052734375,-32.75,-30.75,-49.625
2026-09-28T14:54:34.184186,1.07421875,-0.11328125,9.30859375,-0.033203125,0.314453125,-0.01953125,-32.75,-30.75,-49.625
2026-09-28T14:54:34.211389,0.95703125,-0.23046875,9.19921875,-0.033203125,0.314453125,-0.01953125,-33.25,-31.25,-51.5625
2026-09-28T14:54:34.239411,0.69140625,-0.34375,9.30859375,-0.373046875,0.80078125,-0.453125,-30.875,-32.0,-52.9375
2026-09-28T14:54:34.262305,0.421875,-0.19140625,9.84765625,-0.373046875,0.80078125,-0.453125,-30.875,-32.0,-52.9375
2026-09-28T14:54:34.293054,0.4609375,0.15234375,9.58203125,-0.205078125,0.888671875,-0.60546875,-27.375,-31.5,-54.25
2026-09-28T14:54:34.312057,0.4609375,0.15234375,9.58203125,-0.205078125,0.888671875,-0.60546875,-27.375,-31.5,-54.25
2026-09-28T14:54:34.342643,0.11328125,-0.34375,9.54296875,-0.455078125,1.037109375,-0.5078125,-26.25,-32.0,-57.3125
2026-09-28T14:54:34.370230,0.15234375,-0.26953125,9.73046875,-0.390625,0.36328125,0.01953125,-26.25,-32.0,-57.3125
2026-09-28T14:54:34.397941,-0.34375,-0.15234375,9.8046875,-0.390625,0.36328125,0.01953125,-23.0625,-30.75,-58.5625
2026-09-28T14:54:34.424919,-0.53515625,-0.421875,9.5390625,-0.044921875,0.12109375,0.0625,-23.0625,-30.75,-58.5625
2026-09-28T14:54:34.452061,-0.8046875,-0.49609375,9.6875,-0.044921875,0.12109375,0.0625,-22.6875,-30.75,-58.5
2026-09-28T14:54:34.478203,-0.65234375,-0.4609375,9.765625,-0.02734375,-0.134765625,0.009765625,-22.6875,-30.75,-58.5
2026-09-28T14:54:34.505548,-0.65234375,-0.4609375,9.765625,-0.02734375,-0.134765625,0.009765625,-22.8125,-29.9375,-55.8125
2026-09-28T14:54:34.528100,-0.4609375,-0.57421875,9.5390625,-0.2265625,-0.138671875,0.08984375,-22.8125,-29.9375,-55.8125
2026-09-28T14:54:34.555016,-0.49609375,-0.61328125,9.38671875,-0.2265625,-0.138671875,0.08984375,-23.5625,-28.875,-56.5625
2026-09-28T14:54:34.582148,-0.53515625,-0.53515625,9.8046875,-0.3828125,-0.21484375,0.169921875,-23.5625,-28.875,-56.5625
2026-09-28T14:54:34.608819,-0.49609375,-0.7265625,9.421875,-0.3828125,-0.21484375,0.169921875,-24.1875,-28.125,-55.375
2026-09-28T14:54:34.634688,-0.26953125,-0.765625,9.65234375,-0.19140625,-0.205078125,0.1328125,-24.1875,-28.125,-55.375
2026-09-28T14:54:34.656294,-0.26953125,-0.765625,9.65234375,-0.19140625,-0.205078125,0.1328125,-25.1875,-28.875,-55.125
2026-09-28T14:54:34.682282,-0.3046875,-0.84375,9.5390625,-0.048828125,-0.12109375,0.056640625,-25.1875,-28.875,-55.125
2026-09-28T14:54:34.709989,-0.3046875,-0.8046875,9.6484375,-0.048828125,-0.12109375,0.056640625,-24.125,-26.3125,-55.3125
2026-09-28T14:54:34.741263,-0.11328125,-0.84375,9.54296875,0.0859375,-0.09765625,0.021484375,-24.5625,-28.1875,-55.875
2026-09-28T14:54:34.768582,-0.15234375,-0.91796875,9.609375,0.0859375,-0.09765625,0.021484375,-24.5625,-28.1875,-55.875
2026-09-28T14:54:34.795863,-0.15234375,-0.8828125,9.58203125,0.1015625,-0.21875,0.033203125,-26.625,-29.8125,-58.4375
2026-09-28T14:54:34.813445,-0.15234375,-0.8828125,9.58203125,0.1015625,-0.21875,0.033203125,-26.625,-29.8125,-58.4375
2026-09-28T14:54:34.842914,-0.078125,-0.765625,9.578125,0.00390625,-0.107421875,-0.005859375,-28.375,-29.125,-58.5
2026-09-28T14:54:34.870756,0.0,-0.7265625,9.609375,-0.0234375,-0.083984375,-0.01171875,-28.375,-29.125,-58.5
2026-09-28T14:54:34.897855,0.078125,-0.84375,9.54296875,-0.0234375,-0.083984375,-0.01171875,-27.4375,-27.5625,-56.8125
2026-09-28T14:54:34.924802,0.0390625,-0.8828125,9.54296875,-0.04296875,-0.064453125,0.009765625,-27.4375,-27.5625,-56.8125
2026-09-28T14:54:34.951913,0.0390625,-0.8828125,9.69140625,-0.04296875,-0.064453125,0.009765625,-26.4375,-27.875,-56.75
2026-09-28T14:54:34.978363,0.078125,-0.8828125,9.50390625,0.015625,-0.099609375,0.03125,-26.4375,-27.875,-56.75
2026-09-28T14:54:35.001358,0.078125,-0.8828125,9.50390625,0.015625,-0.099609375,0.03125,-26.625,-27.8125,-54.4375
2026-09-28T14:54:35.028318,0.11328125,-0.65234375,9.921875,-0.0625,-0.482421875,0.232421875,-26.625,-27.8125,-54.4375
2026-09-28T14:54:35.055479,0.421875,-0.765625,10.1484375,-0.0625,-0.482421875,0.232421875,-27.625,-27.5,-54.5
2026-09-28T14:54:35.082079,-0.11328125,-1.5703125,9.50390625,-1.267578125,0.146484375,-0.048828125,-27.625,-27.5,-54.5
2026-09-28T14:54:35.109344,-0.3828125,-1.609375,9.42578125,-1.267578125,0.146484375,-0.048828125,-27.25,-23.8125,-55.875
2026-09-28T14:54:35.134068,-0.57421875,-0.8046875,10.109375,-0.41015625,1.546875,-0.69140625,-27.25,-23.8125,-55.875
2026-09-28T14:54:35.156371,-0.57421875,-0.8046875,10.109375,-0.41015625,1.546875,-0.69140625,-22.75,-24.4375,-56.6875
2026-09-28T14:54:35.182144,-1.07421875,-0.421875,7.85546875,0.974609375,3.53125,0.404296875,-22.75,-24.4375,-56.6875
2026-09-28T14:54:35.209412,-2.60546875,-0.23046875,8.734375,0.974609375,3.53125,0.404296875,-13.25,-24.5,-58.0
2026-09-28T14:54:35.238378,-4.59765625,-1.2265625,8.65625,-0.03515625,4.041015625,0.85546875,-3.1875,-25.25,-57.625
2026-09-28T14:54:35.261522,-3.83203125,-1.2265625,10.34375,-0.03515625,4.041015625,0.85546875,-3.1875,-25.25,-57.625
2026-09-28T14:54:35.283400,-3.83203125,-1.2265625,10.34375,0.037109375,4.6171875,1.40234375,-3.1875,-25.25,-57.625
2026-09-28T14:54:35.310757,-4.75,-1.609375,7.5859375,0.037109375,4.6171875,1.40234375,9.0625,-25.8125,-55.5
2026-09-28T14:54:35.338623,-5.66796875,-1.03515625,6.546875,1.541015625,4.28515625,0.140625,20.5,-30.6875,-48.1875
2026-09-28T14:54:35.361684,-7.51171875,0.91796875,6.4375,1.541015625,4.28515625,0.140625,20.5,-30.6875,-48.1875
2026-09-28T14:54:35.391861,-8.078125,0.4609375,4.48046875,-0.8046875,1.6875,1.115234375,24.6875,-28.9375,-45.8125
2026-09-28T14:54:35.418674,-8.078125,0.4609375,4.48046875,-0.8046875,1.6875,1.115234375,24.6875,-28.9375,-45.8125
2026-09-28T14:54:35.445225,-7.96875,-0.65234375,4.4453125,0.015625,1.189453125,0.037109375,27.9375,-28.8125,-45.125
2026-09-28T14:54:35.462436,-7.890625,-2.22265625,5.1328125,0.015625,1.189453125,0.037109375,27.9375,-28.8125,-45.125
2026-09-28T14:54:35.490039,-8.73828125,0.15234375,5.25,0.12890625,2.53515625,-0.49609375,33.6875,-28.0625,-40.4375
2026-09-28T14:54:35.511896,-8.0390625,-0.49609375,4.25390625,0.12890625,2.53515625,-0.49609375,33.6875,-28.0625,-40.4375
2026-09-28T14:54:35.533842,-8.0390625,-0.49609375,4.25390625,0.697265625,1.69140625,0.533203125,33.6875,-28.0625,-40.4375
2026-09-28T14:54:35.561335,-8.27734375,-0.7265625,1.76171875,0.697265625,1.69140625,0.533203125,33.6875,-28.0625,-40.4375
2026-09-28T14:54:35.591725,-10.3828125,-0.0390625,3.2578125,0.365234375,2.271484375,-0.42578125,44.75,-30.9375,-30.3125
2026-09-28T14:54:35.619297,-10.875,0.4609375,3.90625,-1.0546875,0.34765625,0.26953125,44.75,-30.9375,-30.3125
2026-09-28T14:54:35.647252,-9.76953125,-0.23046875,1.76171875,-1.0546875,0.34765625,0.26953125,45.0,-29.1875,-32.1875
2026-09-28T14:54:35.674627,-9.421875,-0.23046875,1.68359375,-1.287109375,0.95703125,0.2421875,45.0,-29.1875,-32.1875
2026-09-28T14:54:35.700980,-9.54296875,-0.078125,1.37890625,-1.287109375,0.95703125,0.2421875,45.875,-26.5625,-31.625
2026-09-28T14:54:35.723420,-9.54296875,-0.078125,1.37890625,-0.1875,0.572265625,0.033203125,45.875,-26.5625,-31.625
2026-09-28T14:54:35.751275,-9.61328125,-0.15234375,1.1484375,-0.1875,0.572265625,0.033203125,49.0,-26.75,-28.75
2026-09-28T14:54:35.779151,-9.61328125,-0.23046875,0.95703125,0.01171875,0.5703125,0.00390625,49.0,-26.75,-28.75
2026-09-28T14:54:35.807226,-9.61328125,-0.3046875,0.95703125,0.01171875,0.5703125,0.00390625,48.8125,-25.125,-27.0625
2026-09-28T14:54:35.833496,-9.6484375,-0.19140625,0.421875,-0.015625,0.63671875,0.15625,48.8125,-25.125,-27.0625
2026-09-28T14:54:35.860993,-9.65234375,-0.11328125,0.3046875,-0.015625,0.63671875,0.15625,49.25,-26.9375,-25.5625
2026-09-28T14:54:35.891579,-9.6484375,-0.15234375,0.15234375,0.115234375,0.439453125,0.01953125,48.9375,-26.1875,-25.125
2026-09-28T14:54:35.909918,-9.6484375,-0.15234375,0.15234375,0.115234375,0.439453125,0.01953125,48.9375,-26.1875,-25.125
2026-09-28T14:54:35.940940,-9.69140625,-0.11328125,0.0390625,0.109375,0.34375,-0.025390625,50.9375,-24.5625,-23.0
2026-09-28T14:54:35.968669,-9.61328125,-0.078125,-0.19140625,0.109375,0.34375,-0.025390625,50.9375,-24.5625,-23.0
2026-09-28T14:54:35.996865,-9.69140625,-0.26953125,-0.0390625,-0.095703125,0.158203125,-0.072265625,50.75,-26.125,-24.625
2026-09-28T14:54:36.024912,-9.6875,-0.19140625,-0.11328125,-0.009765625,0.208984375,-0.00390625,50.75,-26.125,-24.625
2026-09-28T14:54:36.051315,-9.6875,-0.15234375,-0.23046875,-0.009765625,0.208984375,-0.00390625,50.875,-25.3125,-23.4375
2026-09-28T14:54:36.079294,-9.6875,-0.23046875,-0.15234375,0.001953125,0.384765625,-0.001953125,50.875,-25.3125,-23.4375
2026-09-28T14:54:36.106577,-9.7265625,-0.19140625,-0.4609375,0.001953125,0.384765625,-0.001953125,51.625,-26.375,-21.5
2026-09-28T14:54:36.129521,-9.7265625,-0.19140625,-0.4609375,-0.376953125,0.09375,-0.00390625,51.625,-26.375,-21.5
2026-09-28T14:54:36.156474,-9.7265625,-0.19140625,-0.4609375,-0.376953125,0.09375,-0.00390625,52.125,-23.375,-21.375
2026-09-28T14:54:36.183073,-9.6875,-0.3046875,-0.49609375,-0.0546875,0.138671875,0.0078125,52.125,-23.375,-21.375
2026-09-28T14:54:36.210703,-9.7265625,-0.19140625,-0.49609375,-0.0546875,0.138671875,0.0078125,52.1875,-24.75,-19.8125
2026-09-28T14:54:36.241233,-9.6875,-0.26953125,-0.57421875,-0.220703125,0.0859375,-0.01953125,53.5,-24.375,-21.3125
2026-09-28T14:54:36.268810,-9.69140625,-0.26953125,-0.61328125,-0.076171875,0.056640625,0.03125,53.5,-24.375,-21.3125
2026-09-28T14:54:36.295027,-9.6875,-0.19140625,-0.53515625,-0.076171875,0.056640625,0.03125,51.5625,-25.3125,-23.375
2026-09-28T14:54:36.317204,-9.6875,-0.19140625,-0.53515625,-0.076171875,0.056640625,0.03125,51.5625,-25.3125,-23.375
2026-09-28T14:54:36.345261,-9.6875,-0.26953125,-0.57421875,0.009765625,0.142578125,0.03125,53.4375,-24.8125,-22.4375
2026-09-28T14:54:36.371679,-9.6484375,-0.11328125,-0.7265625,-0.009765625,-0.01953125,0.0078125,53.4375,-24.8125,-22.4375
2026-09-28T14:54:36.399579,-9.69140625,-0.19140625,-0.69140625,-0.009765625,-0.01953125,0.0078125,52.6875,-24.875,-23.25
2026-09-28T14:54:36.426810,-9.6875,-0.19140625,-0.61328125,-0.021484375,-0.080078125,-0.009765625,52.6875,-24.875,-23.25
2026-09-28T14:54:36.453475,-9.69140625,-0.19140625,-0.57421875,-0.021484375,-0.080078125,-0.009765625,52.75,-26.3125,-21.8125
2026-09-28T14:54:36.480241,-9.69140625,-0.19140625,-0.57421875,-0.005859375,-0.080078125,-0.00390625,52.75,-26.3125,-21.8125
2026-09-28T14:54:36.503951,-9.7265625,-0.19140625,-0.61328125,-0.005859375,-0.080078125,-0.00390625,53.9375,-24.3125,-20.8125
2026-09-28T14:54:36.530999,-9.69140625,-0.19140625,-0.57421875,-0.005859375,-0.2421875,-0.009765625,53.9375,-24.3125,-20.8125
2026-09-28T14:54:36.559616,-9.6484375,-0.19140625,-0.421875,-0.005859375,-0.2421875,-0.009765625,53.1875,-25.5625,-21.3125
2026-09-28T14:54:36.591336,-9.7265625,-0.19140625,-0.3828125,-0.00390625,-0.123046875,0.0,51.3125,-24.1875,-23.0
2026-09-28T14:54:36.618972,-9.6875,-0.19140625,-0.3828125,-0.00390625,-0.14453125,-0.0078125,51.3125,-24.1875,-23.0
2026-09-28T14:54:36.646074,-9.69140625,-0.19140625,-0.3046875,-0.00390625,-0.14453125,-0.0078125,51.0,-25.0625,-26.1875
2026-09-28T14:54:36.672740,-9.69140625,-0.19140625,-0.3046875,0.0,0.09765625,0.001953125,51.0,-25.0625,-26.1875
2026-09-28T14:54:36.700418,-9.69140625,-0.23046875,-0.23046875,0.0,0.09765625,0.001953125,51.8125,-24.9375,-24.5
2026-09-28T14:54:36.723497,-9.7265625,-0.19140625,-0.3828125,0.0,0.056640625,0.0,51.8125,-24.9375,-24.5
2026-09-28T14:54:36.750792,-9.7265625,-0.19140625,-0.34375,0.0,0.056640625,0.0,51.1875,-25.6875,-23.8125
2026-09-28T14:54:36.778216,-9.6875,-0.19140625,-0.3828125,0.005859375,0.1640625,0.00390625,51.1875,-25.6875,-23.8125
2026-09-28T14:54:36.806291,-9.6875,-0.19140625,-0.4609375,0.005859375,0.1640625,0.00390625,52.5,-24.125,-21.3125
2026-09-28T14:54:36.836808,-9.7265625,-0.19140625,-0.49609375,-0.001953125,0.16015625,0.001953125,51.75,-24.4375,-21.0
2026-09-28T14:54:36.860144,-9.7265625,-0.19140625,-0.53515625,-0.001953125,0.16015625,0.001953125,51.75,-24.4375,-21.0
2026-09-28T14:54:36.882241,-9.7265625,-0.19140625,-0.53515625,-0.001953125,0.103515625,0.005859375,51.75,-24.4375,-21.0
2026-09-28T14:54:36.909832,-9.7265625,-0.19140625,-0.61328125,-0.001953125,0.103515625,0.005859375,52.4375,-24.125,-21.75
2026-09-28T14:54:36.940846,-9.6875,-0.19140625,-0.61328125,-0.001953125,-0.037109375,0.00390625,51.5625,-24.1875,-23.3125
2026-09-28T14:54:36.968525,-9.73046875,-0.19140625,-0.57421875,0.001953125,-0.02734375,0.0,51.5625,-24.1875,-23.3125
2026-09-28T14:54:36.996540,-9.6875,-0.19140625,-0.53515625,0.001953125,-0.02734375,0.0,51.9375,-24.875,-22.9375
2026-09-28T14:54:37.024495,-9.6875,-0.19140625,-0.53515625,0.001953125,-0.015625,-0.001953125,51.9375,-24.875,-22.9375
2026-09-28T14:54:37.051021,-9.6875,-0.19140625,-0.53515625,0.001953125,-0.015625,-0.001953125,52.6875,-24.5,-23.25
2026-09-28T14:54:37.078329,-9.6875,-0.19140625,-0.53515625,-0.00390625,0.046875,-0.001953125,52.6875,-24.5,-23.25
2026-09-28T14:54:37.100819,-9.6875,-0.19140625,-0.53515625,-0.00390625,0.046875,-0.001953125,52.5,-24.375,-20.5625
2026-09-28T14:54:37.128225,-9.73046875,-0.19140625,-0.57421875,0.0,0.09375,0.001953125,52.5,-24.375,-20.5625
2026-09-28T14:54:37.156177,-9.6875,-0.19140625,-0.65234375,0.0,0.09375,0.001953125,52.6875,-24.0,-18.9375
2026-09-28T14:54:37.183083,-9.7265625,-0.19140625,-0.61328125,-0.001953125,0.00390625,0.0,52.6875,-24.0,-18.9375
2026-09-28T14:54:37.210455,-9.73046875,-0.19140625,-0.57421875,-0.001953125,0.00390625,0.0,52.1875,-25.125,-19.8125
2026-09-28T14:54:37.240628,-9.6875,-0.19140625,-0.61328125,-0.001953125,0.01171875,0.0,52.4375,-24.4375,-21.75
2026-09-28T14:54:37.266960,-9.6875,-0.19140625,-0.61328125,-0.001953125,0.01171875,0.0,52.4375,-24.4375,-21.75
2026-09-28T14:54:37.290013,-9.7265625,-0.19140625,-0.61328125,-0.001953125,-0.025390625,0.001953125,52.5625,-24.9375,-24.4375
2026-09-28T14:54:37.317043,-9.69140625,-0.19140625,-0.57421875,-0.001953125,-0.025390625,0.001953125,52.5625,-24.9375,-24.4375
2026-09-28T14:54:37.344079,-9.6875,-0.19140625,-0.61328125,0.001953125,0.0625,-0.001953125,52.0,-24.5,-22.5
2026-09-28T14:54:37.370216,-9.6875,-0.19140625,-0.61328125,-0.001953125,0.154296875,0.001953125,52.0,-24.5,-22.5
2026-09-28T14:54:37.397150,-9.69140625,-0.19140625,-0.69140625,-0.001953125,0.154296875,0.001953125,52.0,-24.875,-22.5625
2026-09-28T14:54:37.424676,-9.69140625,-0.19140625,-0.765625,0.001953125,0.146484375,-0.001953125,52.0,-24.875,-22.5625
2026-09-28T14:54:37.451758,-9.69140625,-0.19140625,-0.765625,0.001953125,0.146484375,-0.001953125,52.5,-23.6875,-20.9375
2026-09-28T14:54:37.475488,-9.6875,-0.19140625,-0.84375,0.001953125,0.0859375,0.005859375,52.5,-23.6875,-20.9375
2026-09-28T14:54:37.501640,-9.6875,-0.19140625,-0.8828125,0.001953125,0.0859375,0.005859375,54.0625,-24.6875,-19.25
2026-09-28T14:54:37.529263,-9.6875,-0.19140625,-0.8828125,0.00390625,-0.072265625,-0.001953125,54.0625,-24.6875,-19.25
2026-09-28T14:54:37.556421,-9.69140625,-0.19140625,-0.765625,0.00390625,-0.072265625,-0.001953125,53.375,-25.4375,-19.0
2026-09-28T14:54:37.582784,-9.69140625,-0.19140625,-0.8046875,0.001953125,0.0,0.00390625,53.375,-25.4375,-19.0
2026-09-28T14:54:37.610267,-9.69140625,-0.19140625,-0.8046875,0.001953125,0.0,0.00390625,53.3125,-25.0625,-19.3125
2026-09-28T14:54:37.632362,-9.69140625,-0.19140625,-0.8046875,0.0,0.048828125,0.0,53.3125,-25.0625,-19.3125
2026-09-28T14:54:37.659925,-9.73046875,-0.19140625,-0.765625,0.0,0.048828125,0.0,53.1875,-24.375,-21.6875
2026-09-28T14:54:37.690644,-9.6875,-0.19140625,-0.84375,0.0078125,0.234375,0.005859375,53.5,-24.375,-21.3125
2026-09-28T14:54:37.717621,-9.6875,-0.19140625,-0.95703125,0.00390625,0.21875,0.009765625,53.5,-24.375,-21.3125
2026-09-28T14:54:37.745755,-9.69140625,-0.19140625,-1.07421875,0.00390625,0.21875,0.009765625,54.375,-25.8125,-19.3125
2026-09-28T14:54:37.772763,-9.6484375,-0.19140625,-1.109375,0.00390625,0.044921875,0.00390625,54.375,-25.8125,-19.3125
2026-09-28T14:54:37.799574,-9.69140625,-0.19140625,-1.1484375,0.00390625,0.044921875,0.00390625,53.9375,-24.3125,-20.4375
2026-09-28T14:54:37.821641,-9.69140625,-0.19140625,-1.1484375,-0.001953125,-0.08984375,0.001953125,53.9375,-24.3125,-20.4375
2026-09-28T14:54:37.848630,-9.69140625,-0.19140625,-1.07421875,-0.001953125,-0.08984375,0.001953125,54.625,-24.3125,-21.125
2026-09-28T14:54:37.875730,-9.69140625,-0.15234375,-1.03515625,0.0,-0.068359375,-0.0078125,54.625,-24.3125,-21.125
2026-09-28T14:54:37.903350,-9.6875,-0.19140625,-0.95703125,0.0,-0.068359375,-0.0078125,54.375,-25.0625,-19.625
2026-09-28T14:54:37.929876,-9.6875,-0.19140625,-0.99609375,-0.001953125,0.021484375,-0.001953125,54.375,-25.0625,-19.625
2026-09-28T14:54:37.956145,-9.6875,-0.19140625,-0.99609375,-0.001953125,0.021484375,-0.001953125,53.375,-23.9375,-18.875
2026-09-28T14:54:37.982274,-9.6875,-0.19140625,-0.99609375,0.00390625,0.056640625,0.0,53.375,-23.9375,-18.875
2026-09-28T14:54:38.004699,-9.6875,-0.19140625,-0.99609375,0.00390625,0.056640625,0.0,51.625,-25.4375,-18.3125
2026-09-28T14:54:38.031370,-9.69140625,-0.19140625,-1.07421875,-0.001953125,0.041015625,0.001953125,51.625,-25.4375,-18.3125
2026-09-28T14:54:38.059077,-9.69140625,-0.19140625,-1.109375,-0.001953125,0.041015625,0.001953125,53.4375,-25.75,-17.8125
2026-09-28T14:54:38.090005,-9.69140625,-0.19140625,-1.07421875,0.0,-0.0625,0.0,52.5625,-24.0625,-20.125
2026-09-28T14:54:38.117798,-9.69140625,-0.23046875,-1.109375,0.107421875,-0.310546875,0.029296875,52.5625,-24.0625,-20.125
2026-09-28T14:54:38.145325,-9.6875,-0.23046875,-0.91796875,0.107421875,-0.310546875,0.029296875,52.6875,-25.9375,-22.125
2026-09-28T14:54:38.172425,-9.6875,-0.23046875,-0.91796875,1.3359375,-0.76171875,0.138671875,52.6875,-25.9375,-22.125
2026-09-28T14:54:38.195375,-9.73046875,-0.26953125,-0.61328125,1.3359375,-0.76171875,0.138671875,52.75,-26.25,-21.375
2026-09-28T14:54:38.223116,-9.765625,-0.19140625,-0.23046875,2.001953125,-2.884765625,-0.62890625,52.75,-26.25,-21.375
2026-09-28T14:54:38.249605,-9.6484375,-0.34375,3.06640625,2.001953125,-2.884765625,-0.62890625,49.125,-27.6875,-26.375
2026-09-28T14:54:38.277317,-10.30859375,-0.23046875,0.0390625,1.78515625,-3.248046875,-1.123046875,49.125,-27.6875,-26.375
2026-09-28T14:54:38.305453,-10.00390625,0.15234375,1.03515625,1.78515625,-3.248046875,-1.123046875,44.0625,-30.6875,-30.375
2026-09-28T14:54:38.331308,-9.00390625,-0.53515625,3.44921875,0.4140625,-0.50390625,-0.04296875,44.0625,-30.6875,-30.375
2026-09-28T14:54:38.353397,-9.00390625,-0.53515625,3.44921875,0.4140625,-0.50390625,-0.04296875,42.375,-31.6875,-28.1875
2026-09-28T14:54:38.379571,-8.77734375,0.0,2.296875,1.310546875,-0.76953125,-0.013671875,42.375,-31.6875,-28.1875
2026-09-28T14:54:38.407056,-9.61328125,0.15234375,2.48828125,1.310546875,-0.76953125,-0.013671875,40.9375,-34.6875,-27.6875
2026-09-28T14:54:38.438536,-9.3046875,0.0,3.140625,0.21875,-0.630859375,0.03125,41.0625,-35.875,-30.0625
2026-09-28T14:54:38.465949,-9.50390625,0.11328125,3.140625,0.21875,-0.630859375,0.03125,41.0625,-35.875,-30.0625
2026-09-28T14:54:38.492041,-9.34765625,-0.078125,3.44921875,-0.60546875,-0.41015625,-0.42578125,39.75,-35.3125,-32.875
2026-09-28T14:54:38.510059,-9.34765625,-0.078125,3.44921875,-0.60546875,-0.41015625,-0.42578125,39.75,-35.3125,-32.875
2026-09-28T14:54:38.539988,-9.5,-0.078125,3.1015625,-1.029296875,-0.1328125,-0.427734375,40.5,-32.375,-33.8125
2026-09-28T14:54:38.568182,-9.4609375,-0.34375,3.5625,-0.814453125,0.02734375,-0.39453125,40.5,-32.375,-33.8125
2026-09-28T14:54:38.595709,-8.8828125,-0.7265625,3.2578125,-0.814453125,0.02734375,-0.39453125,41.1875,-29.125,-35.25
2026-09-28T14:54:38.622809,-8.58203125,-0.91796875,3.90625,0.666015625,-0.56640625,-0.404296875,41.1875,-29.125,-35.25
2026-09-28T14:54:38.649264,-9.1953125,-0.91796875,4.17578125,0.666015625,-0.56640625,-0.404296875,39.375,-29.5,-35.375
2026-09-28T14:54:38.675696,-8.8125,-0.7265625,4.328125,0.4609375,-0.12109375,0.009765625,39.375,-29.5,-35.375
2026-09-28T14:54:38.699337,-8.8125,-0.7265625,4.328125,0.4609375,-0.12109375,0.009765625,39.5625,-30.125,-32.6875
2026-09-28T14:54:38.727120,-9.65234375,-1.1484375,4.51953125,0.048828125,-0.48828125,-0.259765625,39.5625,-30.125,-32.6875
2026-09-28T14:54:38.754615,-9.4609375,2.14453125,5.9765625,0.048828125,-0.48828125,-0.259765625,38.8125,-30.25,-33.875
2026-09-28T14:54:38.781396,-9.92578125,-0.7265625,1.9140625,-0.158203125,-0.447265625,3.9609375,38.8125,-30.25,-33.875
2026-09-28T14:54:38.809052,-7.31640625,-1.4921875,3.5625,-0.158203125,-0.447265625,3.9609375,26.5,-34.875,-38.125
2026-09-28T14:54:38.839276,-6.6640625,1.37890625,7.0078125,0.447265625,-0.45703125,0.703125,23.0625,-36.5625,-40.4375
2026-09-28T14:54:38.866252,-6.6640625,1.37890625,7.0078125,0.447265625,-0.45703125,0.703125,23.0625,-36.5625,-40.4375
2026-09-28T14:54:38.893718,-8.390625,0.19140625,6.47265625,0.140625,-2.7421875,0.328125,14.3125,-37.125,-46.5625
2026-09-28T14:54:38.917919,-6.0859375,0.65234375,6.05078125,-1.095703125,-3.39453125,1.4375,14.3125,-37.125,-46.5625
2026-09-28T14:54:38.941712,-3.37109375,-0.3828125,5.59765625,-1.095703125,-3.39453125,1.4375,3.625,-35.875,-52.375
2026-09-28T14:54:38.969047,-5.0546875,-1.1484375,8.58203125,-0.66015625,-4.345703125,-2.919921875,3.625,-35.875,-52.375
2026-09-28T14:54:38.996561,-5.32421875,3.21875,7.81640625,-0.66015625,-4.345703125,-2.919921875,-5.5625,-34.5,-56.1875
2026-09-28T14:54:39.024454,-0.84375,-1.41796875,7.390625,1.28515625,-0.943359375,-2.021484375,-5.5625,-34.5,-56.1875
2026-09-28T14:54:39.052440,-2.94921875,1.37890625,10.23046875,1.28515625,-0.943359375,-2.021484375,-7.1875,-34.875,-54.0
2026-09-28T14:54:39.075263,-2.94921875,1.37890625,10.23046875,1.3515625,-1.59375,-1.27734375,-7.1875,-34.875,-54.0
2026-09-28T14:54:39.103160,-5.32421875,0.7265625,8.42578125,1.3515625,-1.59375,-1.27734375,-9.6875,-38.5625,-52.375
2026-09-28T14:54:39.129585,-3.9453125,2.10546875,7.625,3.3203125,0.2109375,-1.408203125,-9.6875,-38.5625,-52.375
2026-09-28T14:54:39.157455,-2.48828125,3.2578125,9.23046875,3.3203125,0.2109375,-1.408203125,-8.1875,-48.5625,-46.8125
2026-09-28T14:54:39.189117,-4.17578125,2.91015625,8.0390625,2.46484375,-0.75,-0.109375,-8.6875,-55.0625,-41.25
2026-09-28T14:54:39.217177,-3.640625,4.59765625,8.35546875,-0.2734375,2.099609375,0.294921875,-8.6875,-55.0625,-41.25
2026-09-28T14:54:39.237798,-3.640625,4.59765625,8.35546875,-0.2734375,2.099609375,0.294921875,-7.4375,-56.9375,-42.75
2026-09-28T14:54:39.269651,-2.14453125,4.48046875,8.39453125,-0.2734375,2.099609375,0.294921875,-7.4375,-56.9375,-42.75
2026-09-28T14:54:39.292707,-3.640625,2.91015625,7.77734375,-3.146484375,1.6640625,0.91015625,-7.125,-52.0625,-50.3125
2026-09-28T14:54:39.319625,-3.5234375,3.79296875,6.89453125,-3.1328125,1.533203125,2.9296875,-7.125,-52.0625,-50.3125
2026-09-28T14:54:39.345597,-4.0234375,-0.0390625,7.35546875,-3.1328125,1.533203125,2.9296875,-8.5,-44.25,-57.1875
2026-09-28T14:54:39.374495,-4.25390625,1.1875,10.34375,-6.49609375,-1.599609375,2.203125,-8.5,-44.25,-57.1875
2026-09-28T14:54:39.403029,-4.0625,-0.15234375,9.4609375,-6.49609375,-1.599609375,2.203125,-9.9375,-30.125,-64.125
2026-09-28T14:54:39.428791,-4.59765625,0.8046875,8.3515625,-0.75,-2.623046875,1.11328125,-9.9375,-30.125,-64.125
2026-09-28T14:54:39.451225,-4.59765625,0.8046875,8.3515625,-0.75,-2.623046875,1.11328125,-19.75,-26.0625,-63.125
2026-09-28T14:54:39.478345,-3.41015625,-0.8828125,9.7265625,-0.126953125,-1.32421875,0.3046875,-19.75,-26.0625,-63.125
2026-09-28T14:54:39.505019,-2.94921875,2.4140625,8.65625,-0.126953125,-1.32421875,0.3046875,-26.3125,-23.25,-62.0
2026-09-28T14:54:39.534034,-4.63671875,-6.015625,7.51171875,-1.111328125,-5.3671875,6.1796875,-41.5,-19.6875,-61.0625
2026-09-28T14:54:39.557812,4.4453125,2.26171875,11.91796875,-1.111328125,-5.3671875,6.1796875,-41.5,-19.6875,-61.0625
2026-09-28T14:54:39.588744,0.0390625,-0.15234375,9.34765625,-0.001953125,-0.021484375,0.251953125,-38.3125,-24.75,-60.25
2026-09-28T14:54:39.608256,0.0390625,-0.15234375,9.34765625,-0.001953125,-0.021484375,0.251953125,-38.3125,-24.75,-60.25
2026-09-28T14:54:39.638748,-0.15234375,-0.3828125,9.58203125,0.013671875,-0.02734375,0.62890625,-41.1875,-21.625,-61.5625
2026-09-28T14:54:39.666277,0.078125,-0.421875,9.578125,0.0234375,-0.025390625,0.091796875,-41.1875,-21.625,-61.5625
2026-09-28T14:54:39.693837,0.4609375,-0.3046875,9.578125,0.0234375,-0.025390625,0.091796875,-40.5625,-23.0625,-61.9375
2026-09-28T14:54:39.722034,1.07421875,-0.49609375,9.61328125,-0.095703125,0.064453125,0.37890625,-40.5625,-23.0625,-61.9375
2026-09-28T14:54:39.748600,-1.83984375,-0.34375,9.58203125,-0.095703125,0.064453125,0.37890625,-39.625,-18.1875,-61.25
2026-09-28T14:54:39.776293,0.0,-0.421875,9.61328125,0.0,-0.001953125,0.00390625,-39.625,-18.1875,-61.25
2026-09-28T14:54:39.803821,-0.65234375,-0.91796875,9.58203125,0.0,-0.001953125,0.00390625,-39.5,-20.3125,-58.25
2026-09-28T14:54:39.827557,-0.65234375,-0.91796875,9.58203125,0.068359375,-0.001953125,-0.572265625,-39.5,-20.3125,-58.25
2026-09-28T14:54:39.854878,1.4921875,0.19140625,9.609375,0.068359375,-0.001953125,-0.572265625,-40.25,-21.125,-59.125
2026-09-28T14:54:39.886464,0.84375,-1.03515625,9.609375,-0.009765625,0.00390625,1.1640625,-40.75,-19.6875,-61.0
2026-09-28T14:54:39.909022,-0.8046875,-1.1484375,9.609375,-0.009765625,0.00390625,1.1640625,-40.75,-19.6875,-61.0
2026-09-28T14:54:39.938862,-4.86328125,-3.984375,12.2578125,-0.283203125,0.3515625,-2.13671875,-39.0,-15.6875,-63.0625
2026-09-28T14:54:39.967030,4.0625,2.6796875,6.8515625,1.84375,-0.087890625,1.396484375,-39.0,-15.6875,-63.0625
2026-09-28T14:54:39.987898,4.0625,2.6796875,6.8515625,1.84375,-0.087890625,1.396484375,-36.8125,-25.9375,-63.6875
2026-09-28T14:54:40.015582,-0.19140625,1.68359375,11.3359375,0.14453125,-0.109375,-0.3203125,-36.8125,-25.9375,-63.6875
2026-09-28T14:54:40.044272,-0.26953125,-0.4609375,9.54296875,0.14453125,-0.109375,-0.3203125,-38.0625,-27.1875,-64.625
2026-09-28T14:54:40.072379,0.15234375,-0.99609375,9.58203125,0.0234375,-0.001953125,-0.513671875,-38.0625,-27.1875,-64.625
2026-09-28T14:54:40.098957,-0.11328125,0.49609375,9.58203125,0.0234375,-0.001953125,-0.513671875,-36.125,-27.3125,-62.5
2026-09-28T14:54:40.126946,0.0,-0.3828125,9.58203125,-0.001953125,0.0,-0.015625,-36.125,-27.3125,-62.5
2026-09-28T14:54:40.155663,-0.078125,-0.53515625,9.609375,-0.001953125,0.0,-0.015625,-36.5625,-28.0,-59.5
2026-09-28T14:54:40.188268,0.078125,-0.11328125,9.609375,-0.005859375,0.0,-0.046875,-37.0625,-27.6875,-61.0625
2026-09-28T14:54:40.216977,-0.0390625,-0.421875,9.578125,-0.001953125,-0.00390625,-0.01171875,-37.0625,-27.6875,-61.0625
2026-09-28T14:54:40.243432,0.0,-0.3828125,9.58203125,-0.001953125,-0.00390625,-0.01171875,-35.8125,-27.375,-63.3125
2026-09-28T14:54:40.269661,0.0,-0.3828125,9.58203125,0.00390625,0.0,-0.01171875,-35.8125,-27.375,-63.3125
2026-09-28T14:54:40.292870,0.0,-0.3046875,9.578125,0.00390625,0.0,-0.01171875,-36.4375,-26.625,-62.0625
2026-09-28T14:54:40.320825,0.0,-0.34375,9.609375,-0.005859375,0.009765625,-0.134765625,-36.4375,-26.625,-62.0625
2026-09-28T14:54:40.348184,-0.0390625,-0.4609375,9.609375,-0.005859375,0.009765625,-0.134765625,-36.8125,-27.0625,-62.5
2026-09-28T14:54:40.375666,0.19140625,-0.53515625,9.578125,-0.01171875,-0.005859375,-0.275390625,-36.8125,-27.0625,-62.5
2026-09-28T14:54:40.403803,-0.0390625,-0.15234375,9.58203125,-0.01171875,-0.005859375,-0.275390625,-35.4375,-29.875,-61.8125
2026-09-28T14:54:40.430063,-0.0390625,-0.15234375,9.609375,-0.005859375,-0.0078125,-0.763671875,-35.4375,-29.875,-61.8125
2026-09-28T14:54:40.453732,-0.0390625,-0.15234375,9.609375,-0.005859375,-0.0078125,-0.763671875,-35.3125,-30.1875,-60.5625
2026-09-28T14:54:40.480697,0.0,-0.34375,9.58203125,-0.009765625,0.0078125,0.095703125,-35.3125,-30.1875,-60.5625
2026-09-28T14:54:40.508127,0.0,-0.3828125,9.58203125,-0.009765625,0.0078125,0.095703125,-34.5625,-29.0,-60.125
2026-09-28T14:54:40.538083,0.0,-0.421875,9.61328125,0.0,-0.001953125,0.11328125,-34.75,-28.4375,-62.4375
2026-09-28T14:54:40.565639,0.0,-0.3828125,9.609375,0.00390625,-0.00390625,0.033203125,-34.75,-28.4375,-62.4375
2026-09-28T14:54:40.593263,0.0,-0.26953125,9.609375,0.00390625,-0.00390625,0.033203125,-36.3125,-28.9375,-64.5625
2026-09-28T14:54:40.620877,0.0,-0.3828125,9.609375,-0.00390625,0.0078125,0.0,-36.3125,-28.9375,-64.5625
2026-09-28T14:54:40.647115,0.0,-0.3828125,9.609375,-0.00390625,0.0078125,0.0,-35.8125,-28.0625,-62.5625
2026-09-28T14:54:40.670408,0.0390625,-0.34375,9.58203125,-0.001953125,0.0,-0.01171875,-35.8125,-28.0625,-62.5625
2026-09-28T14:54:40.698009,0.0390625,-0.3828125,9.58203125,-0.001953125,0.0,-0.01171875,-34.75,-28.0625,-62.4375
2026-09-28T14:54:40.725466,0.078125,-0.34375,9.609375,-0.00390625,0.001953125,0.001953125,-34.75,-28.0625,-62.4375
2026-09-28T14:54:40.753051,0.11328125,-0.34375,9.58203125,-0.00390625,0.001953125,0.001953125,-36.0,-28.0,-60.9375
2026-09-28T14:54:40.780358,0.11328125,-0.3828125,9.609375,0.0,0.0,0.0078125,-36.0,-28.0,-60.9375
2026-09-28T14:54:40.807167,0.078125,-0.34375,9.58203125,0.0,0.0,0.0078125,-34.8125,-27.5625,-59.6875
2026-09-28T14:54:40.829686,0.078125,-0.34375,9.58203125,-0.001953125,0.0,0.146484375,-34.8125,-27.5625,-59.6875
2026-09-28T14:54:40.857834,0.0,-0.3828125,9.58203125,-0.001953125,0.0,0.146484375,-35.4375,-28.4375,-62.5
2026-09-28T14:54:40.888238,0.23046875,-0.34375,9.61328125,0.0,0.0,0.12890625,-36.625,-28.5625,-63.75
2026-09-28T14:54:40.916352,0.19140625,-0.34375,9.578125,0.0,0.005859375,0.04296875,-36.625,-28.5625,-63.75
2026-09-28T14:54:40.944005,0.11328125,-0.3828125,9.609375,0.0,0.005859375,0.04296875,-36.3125,-28.5625,-64.0625
2026-09-28T14:54:40.971467,0.3046875,-0.34375,9.578125,-0.00390625,0.0,0.001953125,-36.3125,-28.5625,-64.0625
2026-09-28T14:54:40.998207,0.19140625,-0.34375,9.61328125,-0.00390625,0.0,0.001953125,-35.4375,-28.4375,-62.5
2026-09-28T14:54:41.025730,0.19140625,-0.34375,9.61328125,0.005859375,-0.00390625,0.0,-35.4375,-28.4375,-62.5
2026-09-28T14:54:41.048394,0.23046875,-0.34375,9.61328125,0.005859375,-0.00390625,0.0,-36.125,-28.8125,-61.75
2026-09-28T14:54:41.076637,0.19140625,-0.34375,9.578125,-0.001953125,-0.00390625,0.005859375,-36.125,-28.8125,-61.75
2026-09-28T14:54:41.104128,0.23046875,-0.3828125,9.61328125,-0.001953125,-0.00390625,0.005859375,-35.25,-28.75,-60.125
2026-09-28T14:54:41.136690,0.23046875,-0.34375,9.61328125,0.0,0.0,0.00390625,-35.3125,-28.375,-60.875
2026-09-28T14:54:41.164280,0.19140625,-0.34375,9.61328125,0.0,0.0,0.00390625,-35.3125,-28.375,-60.875
2026-09-28T14:54:41.192905,0.23046875,-0.34375,9.61328125,0.0,0.00390625,0.048828125,-36.625,-28.5,-63.3125
2026-09-28T14:54:41.221195,0.23046875,-0.34375,9.578125,0.00390625,0.0,0.125,-36.625,-28.5,-63.3125
2026-09-28T14:54:41.247844,0.23046875,-0.34375,9.578125,0.00390625,0.0,0.125,-35.4375,-27.6875,-62.8125
2026-09-28T14:54:41.269735,0.23046875,-0.34375,9.578125,0.001953125,-0.00390625,0.05078125,-35.4375,-27.6875,-62.8125
2026-09-28T14:54:41.297476,0.23046875,-0.3828125,9.578125,0.001953125,-0.00390625,0.05078125,-36.5625,-27.0625,-63.25
2026-09-28T14:54:41.324987,0.23046875,-0.3828125,9.578125,0.0,0.0,0.12109375,-36.5625,-27.0625,-63.25
2026-09-28T14:54:41.352605,0.23046875,-0.34375,9.61328125,0.0,0.0,0.12109375,-36.375,-27.625,-60.9375
2026-09-28T14:54:41.379674,0.23046875,-0.34375,9.578125,-0.001953125,-0.001953125,0.0703125,-36.375,-27.625,-60.9375
2026-09-28T14:54:41.407470,0.23046875,-0.34375,9.578125,-0.001953125,-0.001953125,0.0703125,-36.25,-27.1875,-59.375
2026-09-28T14:54:41.438003,0.19140625,-0.3828125,9.61328125,-0.009765625,0.00390625,0.00390625,-36.5625,-28.125,-63.375
2026-09-28T14:54:41.456928,0.19140625,-0.3828125,9.61328125,-0.009765625,0.00390625,0.00390625,-36.5625,-28.125,-63.375
2026-09-28T14:54:41.487285,0.15234375,-0.34375,9.58203125,-0.00390625,0.0,-0.001953125,-35.0625,-26.625,-63.5625
2026-09-28T14:54:41.516090,0.11328125,-0.3828125,9.609375,-0.00390625,0.001953125,-0.0078125,-35.0625,-26.625,-63.5625
2026-09-28T14:54:41.543586,-0.0390625,-0.3828125,9.609375,-0.00390625,0.001953125,-0.0078125,-36.875,-28.125,-62.9375
2026-09-28T14:54:41.571906,0.0390625,-0.34375,9.609375,-0.005859375,0.0,-0.203125,-36.875,-28.125,-62.9375
2026-09-28T14:54:41.599800,-0.0390625,-0.3828125,9.58203125,-0.005859375,0.0,-0.203125,-35.0,-28.0,-62.0625
2026-09-28T14:54:41.627321,0.0390625,-0.3828125,9.58203125,0.0,-0.001953125,-0.06640625,-35.0,-28.0,-62.0625
2026-09-28T14:54:41.653481,-0.0390625,-0.3828125,9.58203125,0.0,-0.001953125,-0.06640625,-35.25,-27.9375,-60.125
2026-09-28T14:54:41.676753,-0.0390625,-0.3828125,9.58203125,0.0,0.0,-0.021484375,-35.25,-27.9375,-60.125
2026-09-28T14:54:41.704903,-0.0390625,-0.3828125,9.6484375,0.0,0.0,-0.021484375,-36.4375,-28.0625,-61.75
2026-09-28T14:54:41.737345,0.0390625,-0.421875,9.61328125,0.05859375,-0.01953125,0.001953125,-36.5,-27.75,-62.5625
2026-09-28T14:54:41.765757,0.11328125,-0.34375,9.609375,0.009765625,-0.005859375,0.02734375,-36.5,-27.75,-62.5625
2026-09-28T14:54:41.793349,0.19140625,-0.34375,9.61328125,0.009765625,-0.005859375,0.02734375,-36.1875,-28.875,-62.9375
2026-09-28T14:54:41.820810,0.3046875,-0.34375,9.578125,0.009765625,-0.005859375,0.0234375,-36.1875,-28.875,-62.9375
2026-09-28T14:54:41.847578,0.3828125,-0.34375,9.609375,0.009765625,-0.005859375,0.0234375,-35.4375,-28.4375,-62.875
2026-09-28T14:54:41.874981,0.421875,-0.34375,9.61328125,0.0,0.0,0.00390625,-35.4375,-28.4375,-62.875
2026-09-28T14:54:41.902751,0.421875,-0.34375,9.61328125,0.0,0.0,0.00390625,-35.1875,-28.3125,-59.3125
2026-09-28T14:54:41.926726,0.421875,-0.34375,9.61328125,0.00390625,0.0,0.107421875,-35.1875,-28.3125,-59.3125
2026-09-28T14:54:41.954998,0.4609375,-0.34375,9.609375,0.00390625,0.0,0.107421875,-35.75,-28.8125,-61.6875
2026-09-28T14:54:41.986868,0.49609375,-0.34375,9.609375,0.0,0.0,0.068359375,-36.125,-27.6875,-62.0625
2026-09-28T14:54:42.015088,0.49609375,-0.34375,9.609375,-0.001953125,-0.001953125,0.173828125,-36.125,-27.6875,-62.0625
2026-09-28T14:54:42.042706,0.49609375,-0.34375,9.58203125,-0.001953125,-0.001953125,0.173828125,-35.75,-28.0625,-62.4375
2026-09-28T14:54:42.070936,0.49609375,-0.34375,9.58203125,-0.00390625,-0.00390625,0.060546875,-35.75,-28.0625,-62.4375
2026-09-28T14:54:42.097562,0.4609375,-0.34375,9.609375,-0.00390625,-0.00390625,0.060546875,-37.3125,-28.5625,-63.75
2026-09-28T14:54:42.124373,0.421875,-0.34375,9.61328125,-0.005859375,-0.001953125,0.03125,-37.3125,-28.5625,-63.75
2026-09-28T14:54:42.147620,0.421875,-0.34375,9.61328125,-0.005859375,-0.001953125,0.03125,-35.8125,-28.8125,-62.4375
2026-09-28T14:54:42.175729,0.421875,-0.34375,9.61328125,-0.001953125,-0.00390625,0.0,-35.8125,-28.8125,-62.4375
2026-09-28T14:54:42.204543,0.421875,-0.34375,9.61328125,-0.001953125,-0.00390625,0.0,-35.625,-26.5625,-61.1875
2026-09-28T14:54:42.236355,0.421875,-0.34375,9.61328125,0.005859375,-0.001953125,0.001953125,-35.6875,-28.0,-61.25
2026-09-28T14:54:42.264572,0.421875,-0.34375,9.61328125,0.00390625,-0.005859375,0.0,-35.6875,-28.0,-61.25
2026-09-28T14:54:42.292434,0.3828125,-0.34375,9.609375,0.00390625,-0.005859375,0.0,-37.0625,-27.6875,-60.9375
2026-09-28T14:54:42.320633,0.3828125,-0.3828125,9.58203125,-0.001953125,-0.001953125,0.0,-37.0625,-27.6875,-60.9375
2026-09-28T14:54:42.348064,0.3828125,-0.34375,9.609375,-0.001953125,-0.001953125,0.0,-36.9375,-27.75,-63.6875
2026-09-28T14:54:42.376804,0.3828125,-0.34375,9.58203125,0.0,-0.001953125,-0.001953125,-36.9375,-27.75,-63.6875
2026-09-28T14:54:42.399392,0.3828125,-0.34375,9.58203125,0.0,-0.001953125,-0.001953125,-36.5625,-28.0,-59.375
2026-09-28T14:54:42.426646,0.3828125,-0.34375,9.58203125,0.0,0.0,-0.001953125,-36.5625,-28.0,-59.375
2026-09-28T14:54:42.454088,0.3828125,-0.34375,9.609375,0.0,0.0,-0.001953125,-36.3125,-27.625,-59.6875
2026-09-28T14:54:42.485786,0.3828125,-0.34375,9.58203125,0.001953125,0.0,0.001953125,-36.4375,-28.0625,-61.6875
2026-09-28T14:54:42.513295,0.3828125,-0.34375,9.58203125,0.001953125,0.0,0.001953125,-36.4375,-28.0625,-61.6875
2026-09-28T14:54:42.541919,0.34375,-0.34375,9.609375,0.001953125,0.0,-0.001953125,-36.125,-27.6875,-62.0
2026-09-28T14:54:42.569416,0.3828125,-0.34375,9.58203125,-0.001953125,0.0,-0.001953125,-36.125,-27.6875,-62.0
2026-09-28T14:54:42.596250,0.34375,-0.34375,9.609375,-0.001953125,0.0,-0.001953125,-37.25,-27.8125,-63.625
2026-09-28T14:54:42.618906,0.34375,-0.34375,9.609375,0.00390625,-0.001953125,-0.001953125,-37.25,-27.8125,-63.625
2026-09-28T14:54:42.646546,0.3828125,-0.34375,9.609375,0.00390625,-0.001953125,-0.001953125,-36.1875,-27.0,-63.5
2026-09-28T14:54:42.673330,0.3828125,-0.34375,9.58203125,0.001953125,0.0,0.0,-36.1875,-27.0,-63.5
2026-09-28T14:54:42.701986,0.3828125,-0.34375,9.609375,0.001953125,0.0,0.0,-36.0,-27.25,-60.8125
2026-09-28T14:54:42.729058,0.34375,-0.34375,9.609375,0.0,-0.001953125,0.0,-36.0,-27.25,-60.8125
2026-09-28T14:54:42.756414,0.34375,-0.34375,9.609375,0.0,-0.001953125,0.0,-36.0625,-28.4375,-61.25
2026-09-28T14:54:42.786165,0.34375,-0.34375,9.609375,0.001953125,-0.001953125,-0.001953125,-36.25,-27.375,-63.9375
2026-09-28T14:54:42.805076,0.34375,-0.34375,9.609375,0.001953125,-0.001953125,-0.001953125,-36.25,-27.375,-63.9375
2026-09-28T14:54:42.835848,0.34375,-0.34375,9.58203125,0.0,-0.001953125,-0.001953125,-36.8125,-27.75,-62.8125
2026-09-28T14:54:42.864036,0.34375,-0.34375,9.609375,0.0,-0.001953125,-0.001953125,-36.8125,-27.75,-62.8125
2026-09-28T14:54:42.891592,0.34375,-0.34375,9.58203125,-0.001953125,-0.001953125,0.0,-36.125,-26.9375,-62.75
2026-09-28T14:54:42.920218,0.34375,-0.34375,9.609375,0.001953125,0.0,0.00390625,-36.125,-26.9375,-62.75
2026-09-28T14:54:42.946869,0.34375,-0.34375,9.609375,0.001953125,0.0,0.00390625,-35.8125,-28.125,-63.1875
2026-09-28T14:54:42.974327,0.34375,-0.34375,9.58203125,0.0,-0.00390625,0.0,-35.8125,-28.125,-63.1875
2026-09-28T14:54:43.001489,0.34375,-0.34375,9.609375,0.0,-0.00390625,0.0,-36.3125,-28.375,-59.75
2026-09-28T14:54:43.028987,0.34375,-0.34375,9.609375,-0.001953125,0.0,0.0,-36.3125,-28.375,-59.75
2026-09-28T14:54:43.051811,0.34375,-0.34375,9.58203125,-0.001953125,0.0,0.0,-36.0,-27.625,-60.8125
2026-09-28T14:54:43.078713,0.34375,-0.34375,9.58203125,0.0,-0.005859375,-0.001953125,-36.0,-27.625,-60.8125
2026-09-28T14:54:43.106210,0.34375,-0.34375,9.609375,0.0,-0.005859375,-0.001953125,-35.6875,-27.625,-61.1875
2026-09-28T14:54:43.136045,0.34375,-0.34375,9.609375,-0.005859375,0.001953125,-0.00390625,-36.5625,-28.5,-62.8125
2026-09-28T14:54:43.163600,0.34375,-0.34375,9.609375,-0.005859375,0.001953125,-0.00390625,-36.5625,-28.5,-62.8125
2026-09-28T14:54:43.191645,0.34375,-0.34375,9.609375,0.00390625,-0.00390625,-0.001953125,-36.9375,-27.0625,-64.3125
2026-09-28T14:54:43.219875,0.34375,-0.34375,9.609375,0.0,0.001953125,0.0,-36.9375,-27.0625,-64.3125
2026-09-28T14:54:43.243829,0.34375,-0.34375,9.609375,0.0,0.001953125,0.0,-36.5625,-27.375,-63.125
2026-09-28T14:54:43.272305,0.34375,-0.34375,9.609375,0.001953125,-0.001953125,0.0,-36.5625,-27.375,-63.125
2026-09-28T14:54:43.301450,0.34375,-0.34375,9.609375,0.001953125,-0.001953125,0.0,-35.3125,-27.25,-61.5
2026-09-28T14:54:43.328746,0.34375,-0.34375,9.58203125,0.00390625,0.0,0.0,-35.3125,-27.25,-61.5
2026-09-28T14:54:43.355845,0.34375,-0.34375,9.58203125,0.00390625,0.0,0.0,-36.75,-26.9375,-62.0
2026-09-28T14:54:43.386322,0.34375,-0.34375,9.609375,0.0,-0.001953125,-0.001953125,-36.125,-26.625,-62.6875
2026-09-28T14:54:43.413695,0.34375,-0.34375,9.58203125,-0.001953125,-0.00390625,-0.001953125,-36.125,-26.625,-62.6875
2026-09-28T14:54:43.439755,0.34375,-0.34375,9.609375,-0.001953125,-0.00390625,-0.001953125,-36.5625,-27.0,-63.9375
2026-09-28T14:54:43.462612,0.34375,-0.34375,9.609375,-0.001953125,-0.00390625,-0.001953125,-36.5625,-27.0,-63.9375
2026-09-28T14:54:43.491209,0.3828125,-0.34375,9.58203125,0.0,-0.00390625,0.0,-37.6875,-28.25,-64.4375
2026-09-28T14:54:43.519500,0.34375,-0.34375,9.58203125,0.0,0.001953125,0.0,-37.6875,-28.25,-64.4375
2026-09-28T14:54:43.546023,0.34375,-0.34375,9.609375,0.0,0.001953125,0.0,-36.5625,-27.375,-63.125
2026-09-28T14:54:43.573364,0.34375,-0.34375,9.58203125,0.001953125,0.0,0.001953125,-36.5625,-27.375,-63.125
2026-09-28T14:54:43.600989,0.34375,-0.34375,9.609375,0.001953125,0.0,0.001953125,-36.0625,-28.4375,-61.625
2026-09-28T14:54:43.627330,0.34375,-0.34375,9.609375,-0.001953125,-0.001953125,-0.001953125,-36.0625,-28.4375,-61.625
2026-09-28T14:54:43.649690,0.34375,-0.34375,9.609375,-0.001953125,-0.001953125,-0.001953125,-36.0,-26.875,-61.1875
2026-09-28T14:54:43.676057,0.3828125,-0.3828125,9.609375,0.0,0.0,-0.001953125,-36.0,-26.875,-61.1875
2026-09-28T14:54:43.703308,0.34375,-0.34375,9.609375,0.0,0.0,-0.001953125,-36.625,-26.5625,-60.4375
2026-09-28T14:54:43.734853,0.34375,-0.34375,9.58203125,-0.00390625,0.001953125,0.0,-36.6875,-27.6875,-60.8125
2026-09-28T14:54:43.762332,0.34375,-0.34375,9.609375,-0.00390625,0.001953125,0.0,-36.6875,-27.6875,-60.8125
2026-09-28T14:54:43.791078,0.34375,-0.34375,9.609375,-0.001953125,0.0,-0.001953125,-36.875,-28.8125,-62.4375
2026-09-28T14:54:43.818819,0.34375,-0.34375,9.58203125,0.0,-0.001953125,0.001953125,-36.875,-28.8125,-62.4375
2026-09-28T14:54:43.844844,0.34375,-0.34375,9.58203125,0.0,-0.001953125,0.001953125,-36.75,-27.6875,-62.0
2026-09-28T14:54:43.868320,0.34375,-0.34375,9.58203125,-0.00390625,0.00390625,0.001953125,-36.75,-27.6875,-62.0
2026-09-28T14:54:43.895441,0.34375,-0.34375,9.58203125,-0.00390625,0.00390625,0.001953125,-35.75,-27.6875,-62.6875
2026-09-28T14:54:43.923221,0.34375,-0.34375,9.609375,0.0,0.0,0.0,-35.75,-27.6875,-62.6875
2026-09-28T14:54:43.950809,0.34375,-0.3828125,9.58203125,0.0,0.0,0.0,-36.375,-27.625,-60.4375
2026-09-28T14:54:43.980595,0.3828125,-0.34375,9.609375,0.001953125,-0.001953125,-0.056640625,-36.125,-28.75,-61.5625
2026-09-28T14:54:44.003911,0.3828125,-0.34375,9.609375,0.001953125,-0.001953125,-0.056640625,-36.125,-28.75,-61.5625
2026-09-28T14:54:44.026149,0.3828125,-0.34375,9.58203125,0.0,-0.001953125,-0.009765625,-36.125,-28.75,-61.5625
2026-09-28T14:54:44.053259,0.3828125,-0.34375,9.58203125,0.0,-0.001953125,-0.009765625,-36.625,-28.5625,-63.9375
2026-09-28T14:54:44.084560,0.3828125,-0.34375,9.609375,0.0,-0.005859375,0.0,-36.75,-27.6875,-61.9375
2026-09-28T14:54:44.111822,0.3828125,-0.34375,9.58203125,0.0,-0.005859375,0.0,-36.75,-27.6875,-61.9375
2026-09-28T14:54:44.139104,0.3828125,-0.34375,9.609375,0.0,-0.001953125,0.0,-36.25,-27.375,-64.25
2026-09-28T14:54:44.165381,0.3828125,-0.34375,9.58203125,-0.001953125,0.001953125,-0.001953125,-36.25,-27.375,-64.25
2026-09-28T14:54:44.191840,0.3828125,-0.34375,9.609375,-0.001953125,0.001953125,-0.001953125,-37.0625,-29.3125,-64.8125
2026-09-28T14:54:44.215382,0.3828125,-0.34375,9.609375,0.0,-0.001953125,0.0,-37.0625,-29.3125,-64.8125
2026-09-28T14:54:44.242437,0.3828125,-0.34375,9.58203125,0.0,-0.001953125,0.0,-35.4375,-27.6875,-62.625
2026-09-28T14:54:44.270698,0.3828125,-0.34375,9.58203125,0.00390625,-0.001953125,0.0,-35.4375,-27.6875,-62.625
2026-09-28T14:54:44.298103,0.3828125,-0.34375,9.609375,0.00390625,-0.001953125,0.0,-36.5,-27.3125,-62.3125
2026-09-28T14:54:44.325384,0.3828125,-0.34375,9.58203125,0.0,-0.001953125,0.0,-36.5,-27.3125,-62.3125
2026-09-28T14:54:44.352914,0.3828125,-0.34375,9.609375,0.0,-0.001953125,0.0,-36.6875,-28.0625,-60.8125
2026-09-28T14:54:44.384793,0.3828125,-0.34375,9.609375,0.001953125,0.0,0.001953125,-36.8125,-29.1875,-62.0
2026-09-28T14:54:44.403843,0.3828125,-0.34375,9.609375,0.001953125,0.0,0.001953125,-36.8125,-29.1875,-62.0
2026-09-28T14:54:44.434988,0.3828125,-0.34375,9.58203125,-0.00390625,-0.00390625,0.00390625,-36.875,-28.125,-63.125
2026-09-28T14:54:44.462870,0.3828125,-0.34375,9.609375,-0.00390625,-0.00390625,0.00390625,-36.875,-28.125,-63.125
2026-09-28T14:54:44.491067,0.3828125,-0.34375,9.58203125,-0.001953125,-0.001953125,0.0,-35.875,-28.5,-63.4375
2026-09-28T14:54:44.518899,0.3828125,-0.34375,9.609375,0.001953125,-0.001953125,0.001953125,-35.875,-28.5,-63.4375
2026-09-28T14:54:44.545086,0.3828125,-0.34375,9.609375,0.001953125,-0.001953125,0.001953125,-35.8125,-28.75,-62.625
2026-09-28T14:54:44.572092,0.3828125,-0.34375,9.609375,-0.001953125,0.001953125,-0.001953125,-35.8125,-28.75,-62.625
2026-09-28T14:54:44.600290,0.3828125,-0.34375,9.58203125,-0.001953125,0.001953125,-0.001953125,-36.0,-28.0,-60.75
2026-09-28T14:54:44.623294,0.3828125,-0.34375,9.58203125,0.001953125,0.0,0.0,-36.0,-28.0,-60.75
2026-09-28T14:54:44.650737,0.3828125,-0.34375,9.58203125,0.001953125,0.0,0.0,-37.375,-26.9375,-60.8125
2026-09-28T14:54:44.677243,0.3828125,-0.34375,9.58203125,-0.001953125,0.0,0.001953125,-37.375,-26.9375,-60.8125
2026-09-28T14:54:44.704802,0.3828125,-0.34375,9.609375,-0.001953125,0.0,0.001953125,-35.625,-28.375,-60.375
2026-09-28T14:54:44.734834,0.3828125,-0.34375,9.609375,0.0,0.0,-0.001953125,-36.5625,-28.5,-63.125
2026-09-28T14:54:44.762524,0.3828125,-0.34375,9.609375,0.0,0.001953125,0.001953125,-36.5625,-28.5,-63.125
2026-09-28T14:54:44.788675,0.3828125,-0.34375,9.609375,0.0,0.001953125,0.001953125,-36.875,-27.375,-63.5
2026-09-28T14:54:44.806158,0.3828125,-0.34375,9.609375,0.0,0.001953125,0.001953125,-36.875,-27.375,-63.5
2026-09-28T14:54:44.835467,0.3828125,-0.34375,9.609375,0.00390625,-0.001953125,-0.001953125,-36.875,-28.125,-63.125
2026-09-28T14:54:44.862348,0.34375,-0.34375,9.58203125,0.0,-0.001953125,0.0,-36.875,-28.125,-63.125
2026-09-28T14:54:44.890455,0.3828125,-0.3828125,9.609375,0.0,-0.001953125,0.0,-36.4375,-27.6875,-62.3125
2026-09-28T14:54:44.917709,0.3828125,-0.34375,9.58203125,0.001953125,0.001953125,0.00390625,-36.4375,-27.6875,-62.3125
2026-09-28T14:54:44.944916,0.3828125,-0.34375,9.58203125,0.001953125,0.001953125,0.00390625,-35.875,-28.125,-63.4375
2026-09-28T14:54:44.966922,0.3828125,-0.34375,9.58203125,0.0,-0.001953125,0.0,-35.875,-28.125,-63.4375
2026-09-28T14:54:44.994388,0.3828125,-0.34375,9.609375,0.0,-0.001953125,0.0,-36.125,-26.9375,-62.6875
2026-09-28T14:54:45.021195,0.3828125,-0.34375,9.58203125,0.001953125,0.0,0.0,-36.125,-26.9375,-62.6875
2026-09-28T14:54:45.048752,0.3828125,-0.34375,9.54296875,0.001953125,0.0,0.0,-37.125,-27.75,-62.0
2026-09-28T14:54:45.074662,0.3828125,-0.3828125,9.765625,-0.001953125,0.001953125,0.0,-37.125,-27.75,-62.0
2026-09-28T14:54:45.100967,0.421875,-0.3828125,9.42578125,-0.001953125,0.001953125,0.0,-35.625,-27.625,-60.6875
2026-09-28T14:54:45.124207,0.421875,-0.3828125,9.42578125,0.0,-0.00390625,0.0,-35.625,-27.625,-60.6875
2026-09-28T14:54:45.151047,0.3828125,-0.34375,9.69140625,0.0,-0.00390625,0.0,-36.5,-28.4375,-61.9375
2026-09-28T14:54:45.177313,0.3828125,-0.34375,9.54296875,0.001953125,-0.00390625,-0.001953125,-36.5,-28.4375,-61.9375
2026-09-28T14:54:45.204674,0.421875,-0.3828125,9.5390625,0.001953125,-0.00390625,-0.001953125,-37.375,-27.25,-60.0
2026-09-28T14:54:45.234547,0.3828125,-0.3046875,9.6875,0.0078125,-0.001953125,-0.001953125,-36.1875,-27.375,-63.4375
2026-09-28T14:54:45.262165,0.3828125,-0.3828125,9.54296875,0.0078125,-0.001953125,-0.001953125,-36.1875,-27.375,-63.4375
2026-09-28T14:54:45.288256,0.3828125,-0.34375,9.58203125,0.005859375,-0.001953125,0.001953125,-35.5,-27.75,-63.75
2026-09-28T14:54:45.305582,0.3828125,-0.34375,9.58203125,0.005859375,-0.001953125,0.001953125,-35.5,-27.75,-63.75
2026-09-28T14:54:45.334831,0.3828125,-0.34375,9.6484375,-0.001953125,0.0,-0.001953125,-36.1875,-28.125,-63.0625
2026-09-28T14:54:45.362446,0.34375,-0.34375,9.54296875,-0.001953125,0.0,-0.001953125,-36.1875,-28.125,-63.0625
2026-09-28T14:54:45.390369,0.3828125,-0.3828125,9.6484375,0.00390625,-0.00390625,-0.001953125,-34.625,-27.25,-62.5
2026-09-28T14:54:45.416988,0.34375,-0.3046875,9.578125,-0.001953125,0.0,0.0,-34.625,-27.25,-62.5
2026-09-28T14:54:45.443519,0.34375,-0.3046875,9.578125,-0.001953125,0.0,0.0,-35.875,-28.125,-63.4375
2026-09-28T14:54:45.465858,0.3828125,-0.3828125,9.58203125,-0.001953125,-0.001953125,-0.001953125,-35.875,-28.125,-63.4375
2026-09-28T14:54:45.493329,0.34375,-0.34375,9.609375,-0.001953125,-0.001953125,-0.001953125,-35.375,-27.6875,-62.1875
2026-09-28T14:54:45.520223,0.34375,-0.34375,9.58203125,0.001953125,-0.001953125,-0.001953125,-35.375,-27.6875,-62.1875
2026-09-28T14:54:45.547171,0.3828125,-0.3828125,9.58203125,0.001953125,-0.001953125,-0.001953125,-35.6875,-27.6875,-61.875
2026-09-28T14:54:45.574071,0.34375,-0.3046875,9.61328125,0.001953125,0.0,0.0,-35.6875,-27.6875,-61.875
2026-09-28T14:54:45.595962,0.34375,-0.3046875,9.61328125,0.001953125,0.0,0.0,-36.0,-28.3125,-60.75
2026-09-28T14:54:45.622763,0.3828125,-0.421875,9.578125,0.0,0.0,-0.001953125,-36.0,-28.3125,-60.75
2026-09-28T14:54:45.650047,0.34375,-0.3046875,9.578125,0.0,0.0,-0.001953125,-36.625,-27.25,-60.3125
2026-09-28T14:54:45.676474,0.34375,-0.3828125,9.6484375,0.001953125,0.0,0.0,-36.625,-27.25,-60.3125
2026-09-28T14:54:45.703228,0.3828125,-0.34375,9.58203125,0.001953125,0.0,0.0,-36.0625,-26.875,-61.5
2026-09-28T14:54:45.733950,0.34375,-0.34375,9.58203125,-0.001953125,0.0,0.0,-37.0625,-27.3125,-61.125
2026-09-28T14:54:45.756035,0.34375,-0.34375,9.58203125,-0.001953125,0.0,0.0,-37.0625,-27.3125,-61.125
2026-09-28T14:54:45.787348,0.3828125,-0.34375,9.609375,-0.001953125,-0.001953125,-0.001953125,-35.875,-27.375,-64.125
2026-09-28T14:54:45.805025,0.34375,-0.34375,9.58203125,-0.001953125,-0.001953125,-0.001953125,-35.875,-27.375,-64.125
2026-09-28T14:54:45.834618,0.3828125,-0.34375,9.609375,0.001953125,0.001953125,0.0,-36.8125,-27.375,-62.6875
2026-09-28T14:54:45.862151,0.3828125,-0.34375,9.609375,0.001953125,0.001953125,0.0,-36.8125,-27.375,-62.6875
2026-09-28T14:54:45.889825,0.3828125,-0.34375,9.58203125,0.0,-0.001953125,0.0,-36.9375,-28.1875,-63.875
2026-09-28T14:54:45.916512,0.34375,-0.34375,9.609375,0.001953125,0.0,0.001953125,-36.9375,-28.1875,-63.875
2026-09-28T14:54:45.939128,0.34375,-0.34375,9.609375,0.001953125,0.0,0.001953125,-36.4375,-27.75,-62.625
2026-09-28T14:54:45.965503,0.34375,-0.34375,9.58203125,-0.001953125,-0.005859375,0.0,-36.4375,-27.75,-62.625
2026-09-28T14:54:45.992967,0.34375,-0.34375,9.609375,-0.001953125,-0.005859375,0.0,-36.5,-28.125,-63.0625
2026-09-28T14:54:46.019866,0.3828125,-0.34375,9.609375,0.0,-0.001953125,0.0,-36.5,-28.125,-63.0625
2026-09-28T14:54:46.046566,0.34375,-0.34375,9.609375,0.0,-0.001953125,0.0,-36.375,-27.6875,-61.875
2026-09-28T14:54:46.073955,0.3828125,-0.34375,9.58203125,0.0,0.0,0.0,-36.375,-27.6875,-61.875
2026-09-28T14:54:46.095743,0.3828125,-0.34375,9.58203125,0.0,0.0,0.0,-36.0,-27.25,-60.625
2026-09-28T14:54:46.122463,0.34375,-0.34375,9.58203125,-0.001953125,0.0,0.001953125,-36.0,-27.25,-60.625
2026-09-28T14:54:46.149655,0.34375,-0.34375,9.58203125,-0.001953125,0.0,0.001953125,-36.0,-28.3125,-60.6875
2026-09-28T14:54:46.176097,0.34375,-0.34375,9.58203125,0.0,0.00390625,0.001953125,-36.0,-28.3125,-60.6875
2026-09-28T14:54:46.202839,0.34375,-0.34375,9.609375,0.0,0.00390625,0.001953125,-36.375,-27.3125,-61.4375
2026-09-28T14:54:46.232902,0.34375,-0.3828125,9.58203125,0.0,-0.001953125,0.0,-36.375,-28.75,-61.5
2026-09-28T14:54:46.251817,0.34375,-0.3828125,9.58203125,0.0,-0.001953125,0.0,-36.375,-28.75,-61.5
2026-09-28T14:54:46.282893,0.34375,-0.34375,9.58203125,0.0,0.001953125,0.0,-36.75,-27.6875,-61.5
2026-09-28T14:54:46.310185,0.34375,-0.34375,9.609375,0.0,0.001953125,0.0,-36.75,-27.6875,-61.5
2026-09-28T14:54:46.337555,0.34375,-0.3828125,9.58203125,0.001953125,0.0,-0.001953125,-35.9375,-28.125,-64.1875
2026-09-28T14:54:46.363657,0.34375,-0.34375,9.609375,0.001953125,0.0,0.001953125,-35.9375,-28.125,-64.1875
2026-09-28T14:54:46.390227,0.34375,-0.34375,9.609375,0.001953125,0.0,0.001953125,-36.3125,-28.875,-64.25
2026-09-28T14:54:46.417604,0.34375,-0.3828125,9.58203125,0.001953125,-0.001953125,0.001953125,-36.3125,-28.875,-64.25
2026-09-28T14:54:46.439815,0.34375,-0.3828125,9.58203125,0.001953125,-0.001953125,0.001953125,-36.125,-26.9375,-62.625
2026-09-28T14:54:46.466492,0.34375,-0.34375,9.609375,0.001953125,0.0,0.0,-36.125,-26.9375,-62.625
2026-09-28T14:54:46.493579,0.34375,-0.34375,9.609375,0.001953125,0.0,0.0,-34.4375,-28.75,-62.875
2026-09-28T14:54:46.520172,0.34375,-0.34375,9.58203125,0.00390625,-0.001953125,-0.001953125,-34.4375,-28.75,-62.875
2026-09-28T14:54:46.547604,0.34375,-0.34375,9.609375,0.00390625,-0.001953125,-0.001953125,-35.6875,-27.625,-61.375
2026-09-28T14:54:46.573581,0.34375,-0.34375,9.58203125,-0.005859375,0.0,0.001953125,-35.6875,-27.625,-61.375
2026-09-28T14:54:46.595265,0.34375,-0.34375,9.58203125,-0.005859375,0.0,0.001953125,-36.75,-26.9375,-62.25
2026-09-28T14:54:46.621828,0.34375,-0.34375,9.58203125,-0.001953125,0.0,0.001953125,-36.75,-26.9375,-62.25
2026-09-28T14:54:46.649449,0.34375,-0.34375,9.609375,-0.001953125,0.0,0.001953125,-35.5625,-25.75,-60.5625
2026-09-28T14:54:46.675719,0.34375,-0.34375,9.58203125,-0.001953125,0.005859375,0.0,-35.5625,-25.75,-60.5625
2026-09-28T14:54:46.702448,0.34375,-0.3828125,9.58203125,-0.001953125,0.005859375,0.0,-36.25,-27.25,-59.9375
2026-09-28T14:54:46.733181,0.34375,-0.34375,9.58203125,0.0,0.0,0.001953125,-36.1875,-28.8125,-63.0625
2026-09-28T14:54:46.751805,0.34375,-0.34375,9.58203125,0.0,0.0,0.001953125,-36.1875,-28.8125,-63.0625
2026-09-28T14:54:46.783041,0.3046875,-0.34375,9.578125,-0.001953125,0.0,-0.001953125,-37.125,-27.6875,-61.9375
2026-09-28T14:54:46.810128,0.34375,-0.34375,9.609375,-0.001953125,0.0,-0.001953125,-37.125,-27.6875,-61.9375
2026-09-28T14:54:46.837194,0.34375,-0.34375,9.609375,0.0,0.0,0.0,-35.4375,-28.0625,-62.5625
2026-09-28T14:54:46.863348,0.34375,-0.34375,9.609375,-0.001953125,-0.001953125,-0.001953125,-35.4375,-28.0625,-62.5625
2026-09-28T14:54:46.889684,0.34375,-0.34375,9.58203125,-0.001953125,-0.001953125,-0.001953125,-37.25,-27.0,-63.4375
2026-09-28T14:54:46.916326,0.34375,-0.34375,9.58203125,0.001953125,0.0,0.0,-37.25,-27.0,-63.4375
2026-09-28T14:54:46.938909,0.34375,-0.34375,9.609375,0.001953125,0.0,0.0,-36.9375,-29.25,-63.125
2026-09-28T14:54:46.965858,0.34375,-0.34375,9.609375,0.0,-0.001953125,-0.001953125,-36.9375,-29.25,-63.125
2026-09-28T14:54:46.991919,0.3046875,-0.34375,9.61328125,0.0,-0.001953125,-0.001953125,-36.125,-27.6875,-62.5625
2026-09-28T14:54:47.018622,0.3046875,-0.34375,9.578125,0.0,0.0,0.0,-36.125,-27.6875,-62.5625
2026-09-28T14:54:47.043379,0.3046875,-0.3828125,9.61328125,0.0,0.0,0.0,-34.5625,-27.9375,-60.9375
2026-09-28T14:54:47.066139,0.3046875,-0.3828125,9.61328125,0.0,-0.001953125,0.0,-34.5625,-27.9375,-60.9375
2026-09-28T14:54:47.093286,0.3046875,-0.34375,9.578125,0.0,-0.001953125,0.0,-35.8125,-27.6875,-63.0
2026-09-28T14:54:47.120186,0.34375,-0.34375,9.58203125,0.001953125,0.0,0.0,-35.8125,-27.6875,-63.0
2026-09-28T14:54:47.147041,0.34375,-0.34375,9.609375,0.001953125,0.0,0.0,-35.6875,-28.6875,-60.6875
2026-09-28T14:54:47.173271,0.3046875,-0.34375,9.61328125,0.00390625,0.001953125,0.0,-35.6875,-28.6875,-60.6875
2026-09-28T14:54:47.199623,0.3046875,-0.34375,9.61328125,0.00390625,0.001953125,0.0,-35.9375,-26.4375,-60.1875
2026-09-28T14:54:47.222513,0.3046875,-0.34375,9.61328125,0.00390625,0.001953125,0.00390625,-35.9375,-26.4375,-60.1875
2026-09-28T14:54:47.249400,0.3046875,-0.34375,9.61328125,0.00390625,0.001953125,0.00390625,-35.625,-28.0,-60.625
2026-09-28T14:54:47.275169,0.3046875,-0.34375,9.61328125,0.0,0.0,0.0,-35.625,-28.0,-60.625
2026-09-28T14:54:47.302216,0.34375,-0.34375,9.609375,0.0,0.0,0.0,-37.0,-26.875,-60.6875
2026-09-28T14:54:47.332160,0.34375,-0.34375,9.609375,-0.00390625,0.00390625,-0.001953125,-35.6875,-28.375,-61.375
2026-09-28T14:54:47.354352,0.34375,-0.34375,9.609375,-0.00390625,0.00390625,-0.001953125,-35.6875,-28.375,-61.375
2026-09-28T14:54:47.375114,0.34375,-0.34375,9.609375,0.0,-0.001953125,0.0,-35.6875,-28.375,-61.375
2026-09-28T14:54:47.402163,0.34375,-0.34375,9.609375,0.0,-0.001953125,0.0,-37.25,-27.8125,-63.4375
2026-09-28T14:54:47.432378,0.34375,-0.34375,9.609375,0.0,-0.00390625,-0.001953125,-35.8125,-28.0625,-62.5625
2026-09-28T14:54:47.459333,0.34375,-0.34375,9.58203125,0.0,-0.00390625,-0.001953125,-35.8125,-28.0625,-62.5625
2026-09-28T14:54:47.484814,0.34375,-0.34375,9.58203125,0.0,0.00390625,-0.001953125,-37.3125,-28.5,-63.5
2026-09-28T14:54:47.502594,0.34375,-0.34375,9.609375,0.0,0.00390625,-0.001953125,-37.3125,-28.5,-63.5
2026-09-28T14:54:47.533076,0.34375,-0.34375,9.609375,-0.00390625,0.0,0.0,-36.8125,-27.75,-62.625
2026-09-28T14:54:47.559461,0.34375,-0.3828125,9.58203125,-0.00390625,0.0,0.0,-36.8125,-27.75,-62.625
2026-09-28T14:54:47.585463,0.34375,-0.3828125,9.609375,0.0,-0.001953125,0.0,-36.125,-29.125,-61.4375
2026-09-28T14:54:47.611739,0.34375,-0.34375,9.58203125,-0.001953125,-0.001953125,0.0,-36.125,-29.125,-61.4375
2026-09-28T14:54:47.638563,0.34375,-0.34375,9.609375,-0.001953125,-0.001953125,0.0,-35.5,-28.4375,-63.25
2026-09-28T14:54:47.661574,0.34375,-0.34375,9.609375,0.00390625,-0.001953125,0.0,-35.5,-28.4375,-63.25
2026-09-28T14:54:47.688123,0.34375,-0.34375,9.609375,0.00390625,-0.001953125,0.0,-36.5625,-28.125,-63.8125
2026-09-28T14:54:47.713461,0.34375,-0.34375,9.58203125,-0.001953125,0.00390625,0.001953125,-36.5625,-28.125,-63.8125
2026-09-28T14:54:47.739760,0.34375,-0.34375,9.58203125,-0.001953125,0.00390625,0.001953125,-36.5625,-28.125,-63.8125
2026-09-28T14:54:47.765458,0.34375,-0.34375,9.58203125,0.0,0.0,0.0,-36.5625,-28.125,-63.8125
2026-09-28T14:54:47.786697,0.34375,-0.34375,9.58203125,0.0,0.0,0.0,-35.75,-26.9375,-62.5
2026-09-28T14:54:47.812802,0.34375,-0.34375,9.58203125,0.0,0.0,-0.001953125,-35.75,-26.9375,-62.5
2026-09-28T14:54:47.839004,0.34375,-0.34375,9.609375,0.0,0.0,-0.001953125,-36.25,-27.375,-63.75
2026-09-28T14:54:47.866226,0.34375,-0.34375,9.609375,0.0,-0.001953125,-0.001953125,-36.25,-27.375,-63.75
2026-09-28T14:54:47.892488,0.34375,-0.34375,9.609375,0.0,-0.001953125,-0.001953125,-36.1875,-27.375,-63.0
2026-09-28T14:54:47.914197,0.34375,-0.34375,9.609375,0.0,0.0,0.0,-36.1875,-27.375,-63.0
2026-09-28T14:54:47.940415,0.34375,-0.34375,9.58203125,0.0,0.0,0.0,-36.25,-28.4375,-63.6875
2026-09-28T14:54:47.966569,0.34375,-0.34375,9.58203125,0.0,0.0,0.001953125,-36.25,-28.4375,-63.6875
2026-09-28T14:54:47.992642,0.34375,-0.34375,9.609375,0.0,0.0,0.001953125,-35.375,-27.6875,-62.5
2026-09-28T14:54:48.018877,0.34375,-0.34375,9.58203125,0.0,0.0,0.001953125,-35.375,-27.6875,-62.5
2026-09-28T14:54:48.045978,0.34375,-0.34375,9.58203125,0.0,0.0,0.001953125,-35.25,-27.625,-60.875
2026-09-28T14:54:48.068225,0.34375,-0.34375,9.58203125,0.0,0.0,0.0,-35.25,-27.625,-60.875
2026-09-28T14:54:48.095874,0.34375,-0.34375,9.609375,0.0,0.0,0.0,-36.75,-27.6875,-61.8125
2026-09-28T14:54:48.122592,0.34375,-0.34375,9.58203125,0.0,0.0,0.0,-36.75,-27.6875,-61.8125
2026-09-28T14:54:48.149980,0.34375,-0.34375,9.58203125,0.0,0.0,0.0,-35.9375,-26.875,-60.1875
2026-09-28T14:54:48.179920,0.34375,-0.3828125,9.58203125,0.0,-0.001953125,-0.0390625,-36.0,-27.625,-60.5625
2026-09-28T14:54:48.202123,0.34375,-0.3828125,9.58203125,0.0,-0.001953125,-0.0390625,-36.0,-27.625,-60.5625
2026-09-28T14:54:48.223935,0.34375,-0.34375,9.58203125,-0.001953125,-0.001953125,-0.01171875,-36.0,-27.625,-60.5625
2026-09-28T14:54:48.250063,0.34375,-0.34375,9.58203125,-0.001953125,-0.001953125,-0.01171875,-36.875,-29.1875,-62.25
2026-09-28T14:54:48.279866,0.34375,-0.34375,9.58203125,0.0,0.0,-0.00390625,-35.3125,-28.0,-61.0
2026-09-28T14:54:48.302439,0.34375,-0.34375,9.609375,0.0,0.0,-0.00390625,-35.3125,-28.0,-61.0
2026-09-28T14:54:48.331990,0.3828125,-0.34375,9.609375,0.0,-0.001953125,0.0,-35.375,-28.375,-62.1875
2026-09-28T14:54:48.350163,0.3828125,-0.34375,9.609375,0.0,-0.001953125,0.0,-35.375,-28.375,-62.1875
2026-09-28T14:54:48.380668,0.34375,-0.34375,9.609375,0.001953125,-0.00390625,0.0,-36.4375,-29.875,-61.125
2026-09-28T14:54:48.402555,0.34375,-0.34375,9.58203125,0.001953125,-0.00390625,0.0,-36.4375,-29.875,-61.125
2026-09-28T14:54:48.432406,0.34375,-0.34375,9.58203125,-0.001953125,0.001953125,-0.001953125,-36.1875,-29.125,-62.1875
2026-09-28T14:54:48.459709,0.3828125,-0.34375,9.609375,-0.001953125,0.001953125,-0.001953125,-36.1875,-29.125,-62.1875
2026-09-28T14:54:48.485407,0.34375,-0.34375,9.609375,0.0,-0.001953125,0.001953125,-35.8125,-27.75,-63.25
2026-09-28T14:54:48.502300,0.34375,-0.34375,9.609375,0.0,-0.001953125,0.001953125,-35.8125,-27.75,-63.25
2026-09-28T14:54:48.532016,0.34375,-0.34375,9.58203125,-0.001953125,-0.001953125,0.0,-36.9375,-29.25,-63.4375
2026-09-28T14:54:48.558587,0.34375,-0.34375,9.58203125,-0.001953125,-0.001953125,0.0,-36.9375,-29.25,-63.4375
2026-09-28T14:54:48.582990,0.34375,-0.34375,9.58203125,0.00390625,0.001953125,0.001953125,-36.5625,-28.1875,-64.125
2026-09-28T14:54:48.601122,0.34375,-0.34375,9.58203125,0.00390625,0.001953125,0.001953125,-36.5625,-28.1875,-64.125
2026-09-28T14:54:48.631273,0.34375,-0.34375,9.58203125,-0.0078125,0.001953125,-0.001953125,-37.125,-28.125,-61.875
2026-09-28T14:54:48.652461,0.34375,-0.34375,9.609375,-0.0078125,0.001953125,-0.001953125,-37.125,-28.125,-61.875
2026-09-28T14:54:48.682200,0.34375,-0.34375,9.609375,-0.001953125,0.0,0.0,-36.375,-28.375,-61.4375
2026-09-28T14:54:48.708460,0.34375,-0.34375,9.58203125,-0.001953125,0.0,0.0,-36.375,-28.375,-61.4375
2026-09-28T14:54:48.733578,0.34375,-0.34375,9.58203125,0.0,-0.00390625,-0.001953125,-37.75,-28.25,-65.0
2026-09-28T14:54:48.751055,0.34375,-0.34375,9.609375,0.0,-0.00390625,-0.001953125,-37.75,-28.25,-65.0
2026-09-28T14:54:48.781177,0.3828125,-0.34375,9.609375,0.001953125,-0.00390625,0.001953125,-36.6875,-26.5625,-61.75
2026-09-28T14:54:48.802233,0.3828125,-0.34375,9.58203125,0.001953125,-0.00390625,0.001953125,-36.6875,-26.5625,-61.75
2026-09-28T14:54:48.823644,0.3828125,-0.34375,9.58203125,0.0,-0.001953125,-0.001953125,-36.6875,-26.5625,-61.75
2026-09-28T14:54:48.849698,0.34375,-0.34375,9.609375,0.0,-0.001953125,-0.001953125,-37.3125,-28.1875,-63.75
2026-09-28T14:54:48.874466,0.34375,-0.34375,9.58203125,0.00390625,-0.001953125,-0.001953125,-37.3125,-28.1875,-63.75
2026-09-28T14:54:48.901142,0.3828125,-0.34375,9.58203125,0.00390625,-0.001953125,-0.001953125,-36.3125,-27.25,-60.625
2026-09-28T14:54:48.931435,0.34375,-0.34375,9.609375,0.00390625,0.0,0.0,-36.8125,-28.125,-62.25
2026-09-28T14:54:48.953126,0.34375,-0.34375,9.609375,0.00390625,0.0,0.0,-36.8125,-28.125,-62.25
2026-09-28T14:54:48.973895,0.34375,-0.34375,9.609375,0.0,0.0,0.0,-36.8125,-28.125,-62.25
2026-09-28T14:54:49.000966,0.34375,-0.34375,9.609375,0.0,0.0,0.0,-36.125,-26.9375,-62.9375
2026-09-28T14:54:49.031412,0.34375,-0.34375,9.58203125,-0.005859375,-0.001953125,0.0,-36.875,-28.125,-63.0
2026-09-28T14:54:49.058167,0.34375,-0.34375,9.609375,-0.005859375,-0.001953125,0.0,-36.875,-28.125,-63.0
2026-09-28T14:54:49.083293,0.34375,-0.34375,9.609375,-0.001953125,0.001953125,-0.001953125,-36.3125,-28.5,-64.125
2026-09-28T14:54:49.101371,0.34375,-0.34375,9.58203125,-0.001953125,0.001953125,-0.001953125,-36.3125,-28.5,-64.125
2026-09-28T14:54:49.131451,0.34375,-0.3828125,9.609375,0.0,0.0,-0.001953125,-36.8125,-26.9375,-62.5
2026-09-28T14:54:49.152463,0.34375,-0.34375,9.58203125,0.0,0.0,-0.001953125,-36.8125,-26.9375,-62.5
2026-09-28T14:54:49.182074,0.34375,-0.3828125,9.58203125,0.001953125,-0.00390625,-0.015625,-36.125,-28.75,-61.8125
2026-09-28T14:54:49.203116,0.34375,-0.3828125,9.58203125,0.001953125,-0.00390625,-0.015625,-36.125,-28.75,-61.8125
2026-09-28T14:54:49.224139,0.34375,-0.34375,9.609375,-0.00390625,0.0,-0.0234375,-36.125,-28.75,-61.8125
2026-09-28T14:54:49.250815,0.34375,-0.34375,9.58203125,-0.00390625,0.0,-0.0234375,-35.8125,-27.75,-63.25
2026-09-28T14:54:49.280995,0.34375,-0.34375,9.58203125,-0.001953125,0.0,0.0,-36.8125,-28.125,-62.1875
2026-09-28T14:54:49.302099,0.34375,-0.34375,9.609375,-0.001953125,0.0,0.0,-36.8125,-28.125,-62.1875
2026-09-28T14:54:49.323201,0.34375,-0.34375,9.609375,-0.001953125,0.0,0.0,-36.8125,-28.125,-62.1875
2026-09-28T14:54:49.349062,0.34375,-0.34375,9.609375,-0.001953125,0.0,0.0,-35.3125,-27.625,-61.6875
2026-09-28T14:54:49.374377,0.3828125,-0.34375,9.609375,0.0,0.001953125,0.001953125,-35.3125,-27.625,-61.6875
2026-09-28T14:54:49.400239,0.34375,-0.34375,9.58203125,0.0,0.001953125,0.001953125,-36.0625,-28.0625,-61.375
2026-09-28T14:54:49.429203,0.34375,-0.34375,9.58203125,-0.001953125,-0.001953125,-0.00390625,-35.8125,-28.375,-62.5
2026-09-28T14:54:49.447146,0.34375,-0.34375,9.58203125,-0.001953125,-0.001953125,-0.00390625,-35.8125,-28.375,-62.5
2026-09-28T14:54:49.472084,0.3828125,-0.34375,9.58203125,-0.001953125,-0.001953125,0.001953125,-35.8125,-28.375,-62.5
2026-09-28T14:54:49.497929,0.3828125,-0.34375,9.609375,-0.001953125,-0.001953125,0.001953125,-36.25,-27.25,-60.5625
2026-09-28T14:54:49.523055,0.34375,-0.3828125,9.609375,0.001953125,0.0,0.0,-36.25,-27.25,-60.5625
2026-09-28T14:54:49.543460,0.34375,-0.3828125,9.609375,0.001953125,0.0,0.0,-36.0,-28.0,-60.625
2026-09-28T14:54:49.569249,0.3828125,-0.34375,9.58203125,0.001953125,0.0,0.001953125,-36.0,-28.0,-60.625
2026-09-28T14:54:49.595096,0.34375,-0.34375,9.58203125,0.001953125,0.0,0.001953125,-36.0,-28.0,-60.625
2026-09-28T14:54:49.621544,0.34375,-0.34375,9.58203125,0.00390625,-0.005859375,0.0,-36.0,-28.0,-60.625
2026-09-28T14:54:49.647159,0.34375,-0.34375,9.58203125,0.00390625,-0.005859375,0.0,-34.9375,-27.25,-61.6875
2026-09-28T14:54:49.668440,0.34375,-0.34375,9.58203125,-0.0078125,0.0,0.0,-34.9375,-27.25,-61.6875
2026-09-28T14:54:49.694981,0.34375,-0.3828125,9.609375,-0.0078125,0.0,0.0,-35.25,-28.0,-60.5625
2026-09-28T14:54:49.721458,0.3828125,-0.3828125,9.609375,0.001953125,0.0,0.0,-35.25,-28.0,-60.5625
2026-09-28T14:54:49.747564,0.34375,-0.34375,9.58203125,0.001953125,0.0,0.0,-34.5625,-27.9375,-60.875
2026-09-28T14:54:49.771765,0.34375,-0.34375,9.58203125,-0.001953125,0.0,0.001953125,-34.5625,-27.9375,-60.875
2026-09-28T14:54:49.792696,0.34375,-0.34375,9.58203125,-0.001953125,0.0,0.001953125,-36.25,-26.125,-60.5
2026-09-28T14:54:49.818549,0.34375,-0.34375,9.609375,0.001953125,0.0,-0.001953125,-36.25,-26.125,-60.5
2026-09-28T14:54:49.844981,0.3828125,-0.34375,9.609375,0.001953125,0.0,-0.001953125,-36.4375,-28.75,-61.8125
2026-09-28T14:54:49.870601,0.34375,-0.34375,9.609375,-0.001953125,-0.001953125,-0.001953125,-36.4375,-28.75,-61.8125
2026-09-28T14:54:49.896827,0.34375,-0.34375,9.58203125,-0.001953125,-0.001953125,-0.001953125,-35.6875,-28.3125,-61.3125
2026-09-28T14:54:49.918008,0.34375,-0.34375,9.58203125,-0.001953125,-0.001953125,0.0,-35.6875,-28.3125,-61.3125
2026-09-28T14:54:49.943921,0.3828125,-0.3828125,9.58203125,-0.001953125,-0.001953125,0.0,-36.3125,-28.0625,-61.0
2026-09-28T14:54:49.969858,0.34375,-0.34375,9.58203125,0.0,0.001953125,0.001953125,-36.3125,-28.0625,-61.0
2026-09-28T14:54:49.996742,0.34375,-0.3828125,9.58203125,0.0,0.001953125,0.001953125,-36.0625,-28.375,-61.375
2026-09-28T14:54:50.021714,0.34375,-0.34375,9.58203125,0.001953125,0.0,0.0,-36.0625,-28.375,-61.375
2026-09-28T14:54:50.042599,0.34375,-0.34375,9.58203125,0.001953125,0.0,0.0,-36.375,-28.0625,-61.375
2026-09-28T14:54:50.068368,0.34375,-0.34375,9.58203125,0.001953125,0.001953125,0.0,-36.375,-28.0625,-61.375
2026-09-28T14:54:50.094308,0.34375,-0.34375,9.58203125,0.001953125,0.001953125,0.0,-35.375,-27.6875,-62.0625
2026-09-28T14:54:50.120721,0.34375,-0.34375,9.609375,0.0,0.0,0.0,-35.375,-27.6875,-62.0625
2026-09-28T14:54:50.146219,0.34375,-0.3828125,9.609375,0.0,0.0,0.0,-36.0625,-26.9375,-61.75
2026-09-28T14:54:50.167246,0.34375,-0.3828125,9.609375,-0.001953125,0.0,0.001953125,-36.0625,-26.9375,-61.75
2026-09-28T14:54:50.193370,0.34375,-0.34375,9.58203125,-0.001953125,0.0,0.001953125,-35.6875,-26.875,-61.6875
2026-09-28T14:54:50.219035,0.34375,-0.34375,9.58203125,-0.00390625,0.00390625,-0.001953125,-35.6875,-26.875,-61.6875
2026-09-28T14:54:50.244732,0.34375,-0.34375,9.58203125,-0.00390625,0.00390625,-0.001953125,-36.6875,-27.6875,-60.9375
2026-09-28T14:54:50.270327,0.34375,-0.34375,9.58203125,0.00390625,0.00390625,0.0,-36.6875,-27.6875,-60.9375
2026-09-28T14:54:50.291203,0.3828125,-0.34375,9.58203125,0.00390625,0.00390625,0.0,-36.3125,-28.0625,-60.9375
2026-09-28T14:54:50.317182,0.34375,-0.34375,9.609375,0.001953125,0.0,0.0,-36.3125,-28.0625,-60.9375
2026-09-28T14:54:50.343277,0.3828125,-0.34375,9.609375,0.001953125,0.0,0.0,-35.25,-27.9375,-60.125
2026-09-28T14:54:50.369031,0.34375,-0.3828125,9.58203125,0.0,-0.00390625,0.001953125,-35.25,-27.9375,-60.125
2026-09-28T14:54:50.394697,0.34375,-0.3828125,9.58203125,0.0,-0.00390625,0.001953125,-36.3125,-28.0,-60.5625
2026-09-28T14:54:50.416516,0.34375,-0.3828125,9.58203125,0.0,0.0,0.0,-36.3125,-28.0,-60.5625
2026-09-28T14:54:50.441327,0.34375,-0.34375,9.58203125,0.0,0.0,0.0,-36.125,-28.75,-61.75
2026-09-28T14:54:50.467115,0.34375,-0.34375,9.58203125,-0.001953125,0.0,0.001953125,-36.125,-28.75,-61.75
2026-09-28T14:54:50.491219,0.34375,-0.34375,9.609375,-0.001953125,0.0,0.001953125,-36.8125,-27.6875,-62.125
2026-09-28T14:54:50.512201,0.34375,-0.34375,9.609375,0.001953125,-0.001953125,0.0,-36.8125,-27.6875,-62.125
2026-09-28T14:54:50.538008,0.34375,-0.3828125,9.609375,0.001953125,-0.001953125,0.0,-35.75,-28.0625,-62.5
2026-09-28T14:54:50.564407,0.3828125,-0.34375,9.58203125,0.001953125,-0.001953125,0.0,-35.75,-28.0625,-62.5
2026-09-28T14:54:50.590729,0.34375,-0.34375,9.609375,0.001953125,-0.001953125,0.0,-36.125,-28.375,-61.8125
2026-09-28T14:54:50.615950,0.3828125,-0.34375,9.58203125,0.001953125,-0.001953125,-0.001953125,-36.125,-28.375,-61.8125
2026-09-28T14:54:50.636983,0.3828125,-0.34375,9.58203125,0.001953125,-0.001953125,-0.001953125,-36.4375,-28.125,-62.5625
2026-09-28T14:54:50.662107,0.3828125,-0.34375,9.58203125,0.001953125,-0.001953125,0.0,-36.4375,-28.125,-62.5625
2026-09-28T14:54:50.687729,0.34375,-0.34375,9.609375,0.001953125,-0.001953125,0.0,-36.3125,-28.5,-64.0625
2026-09-28T14:54:50.713731,0.34375,-0.34375,9.609375,-0.001953125,0.0,0.0,-36.3125,-28.5,-64.0625
2026-09-28T14:54:50.739541,0.34375,-0.34375,9.609375,-0.001953125,0.0,0.0,-35.4375,-28.375,-62.9375
2026-09-28T14:54:50.761076,0.3828125,-0.34375,9.58203125,-0.001953125,0.00390625,-0.001953125,-35.4375,-28.375,-62.9375
2026-09-28T14:54:50.786851,0.3828125,-0.34375,9.58203125,-0.001953125,0.00390625,-0.001953125,-35.375,-26.9375,-62.375
2026-09-28T14:54:50.812852,0.421875,-0.34375,9.578125,0.0,0.0,0.0,-35.375,-26.9375,-62.375
2026-09-28T14:54:50.838152,0.421875,-0.3828125,9.578125,0.0,0.0,0.0,-36.5,-28.125,-63.3125
2026-09-28T14:54:50.863544,0.421875,-0.3828125,9.578125,-0.001953125,0.00390625,-0.001953125,-36.5,-28.125,-63.3125
2026-09-28T14:54:50.884967,0.421875,-0.34375,9.61328125,-0.001953125,0.00390625,-0.001953125,-37.1875,-28.4375,-62.25
2026-09-28T14:54:50.910496,0.421875,-0.34375,9.578125,0.00390625,0.0,0.0,-37.1875,-28.4375,-62.25
2026-09-28T14:54:50.936237,0.421875,-0.34375,9.61328125,0.00390625,0.0,0.0,-36.0,-27.8125,-65.1875
2026-09-28T14:54:50.960292,0.421875,-0.34375,9.61328125,0.0,0.0,-0.001953125,-36.0,-27.8125,-65.1875
2026-09-28T14:54:50.981162,0.421875,-0.34375,9.61328125,0.0,0.0,-0.001953125,-35.875,-28.8125,-63.6875
2026-09-28T14:54:51.006917,0.4609375,-0.34375,9.58203125,0.0,0.0,-0.001953125,-35.875,-28.8125,-63.6875
2026-09-28T14:54:51.030940,0.421875,-0.34375,9.61328125,0.00390625,0.0,0.001953125,-35.0625,-28.0,-62.8125
2026-09-28T14:54:51.056722,0.421875,-0.34375,9.61328125,0.00390625,0.0,0.001953125,-35.0625,-28.0,-62.8125
2026-09-28T14:54:51.072940,0.4609375,-0.34375,9.58203125,0.0,0.00390625,0.0,-35.0625,-28.0,-62.8125
2026-09-28T14:54:51.099282,0.4609375,-0.34375,9.58203125,0.0,0.00390625,0.0,-36.6875,-28.875,-64.9375
2026-09-28T14:54:51.129857,0.4609375,-0.34375,9.609375,-0.001953125,0.00390625,0.0,-36.0625,-29.5,-60.625
2026-09-28T14:54:51.150582,0.4609375,-0.34375,9.609375,-0.001953125,0.00390625,0.0,-36.0625,-29.5,-60.625
2026-09-28T14:54:51.171826,0.4609375,-0.34375,9.609375,0.0,0.00390625,0.0,-36.0625,-29.5,-60.625
2026-09-28T14:54:51.197408,0.4609375,-0.34375,9.609375,0.0,0.00390625,0.0,-37.625,-29.5625,-62.25
2026-09-28T14:54:51.222431,0.4609375,-0.34375,9.58203125,-0.001953125,0.00390625,0.0,-37.625,-29.5625,-62.25
2026-09-28T14:54:51.248039,0.4609375,-0.34375,9.58203125,-0.001953125,0.00390625,0.0,-37.125,-28.4375,-61.8125
2026-09-28T14:54:51.273130,0.4609375,-0.34375,9.58203125,-0.001953125,0.00390625,0.0,-37.125,-28.4375,-61.8125
2026-09-28T14:54:51.294489,0.4609375,-0.34375,9.58203125,-0.001953125,0.00390625,0.0,-36.0,-26.5,-61.25
2026-09-28T14:54:51.320260,0.4609375,-0.34375,9.58203125,0.001953125,-0.001953125,-0.001953125,-36.0,-26.5,-61.25
2026-09-28T14:54:51.345910,0.4609375,-0.34375,9.609375,0.001953125,-0.001953125,-0.001953125,-35.25,-27.1875,-60.4375
2026-09-28T14:54:51.370574,0.421875,-0.34375,9.578125,0.0,-0.001953125,0.0,-35.25,-27.1875,-60.4375
2026-09-28T14:54:51.391518,0.421875,-0.34375,9.578125,0.0,-0.001953125,0.0,-35.1875,-26.8125,-60.0625
2026-09-28T14:54:51.417047,0.421875,-0.34375,9.578125,0.00390625,-0.001953125,0.001953125,-35.1875,-26.8125,-60.0625
2026-09-28T14:54:51.442834,0.421875,-0.34375,9.61328125,0.00390625,-0.001953125,0.001953125,-37.1875,-28.0625,-62.1875
2026-09-28T14:54:51.469099,0.421875,-0.34375,9.578125,0.00390625,-0.001953125,0.00390625,-37.1875,-28.0625,-62.1875
2026-09-28T14:54:51.493953,0.3828125,-0.34375,9.58203125,0.00390625,-0.001953125,0.00390625,-34.8125,-27.875,-59.625
2026-09-28T14:54:51.515711,0.3828125,-0.34375,9.58203125,0.0,-0.001953125,0.0,-34.8125,-27.875,-59.625
2026-09-28T14:54:51.540217,0.3828125,-0.34375,9.609375,0.0,-0.001953125,0.0,-35.6875,-27.25,-61.6875
2026-09-28T14:54:51.566279,0.421875,-0.3828125,9.578125,0.0,-0.001953125,0.001953125,-35.6875,-27.25,-61.6875
2026-09-28T14:54:51.590105,0.3828125,-0.34375,9.58203125,0.0,-0.001953125,0.001953125,-36.375,-27.3125,-61.6875
2026-09-28T14:54:51.610782,0.3828125,-0.34375,9.58203125,0.001953125,-0.005859375,-0.001953125,-36.375,-27.3125,-61.6875
2026-09-28T14:54:51.636226,0.3828125,-0.34375,9.609375,0.001953125,-0.005859375,-0.001953125,-36.875,-26.625,-63.6875
2026-09-28T14:54:51.660073,0.3828125,-0.34375,9.58203125,0.001953125,0.0,-0.001953125,-36.875,-26.625,-63.6875
2026-09-28T14:54:51.685665,0.34375,-0.34375,9.58203125,0.001953125,0.0,-0.001953125,-36.0,-29.25,-64.4375
2026-09-28T14:54:51.710921,0.34375,-0.34375,9.58203125,0.001953125,0.0,-0.001953125,-36.0,-29.25,-64.4375
2026-09-28T14:54:51.732204,0.34375,-0.34375,9.58203125,0.00390625,0.0,0.0,-36.9375,-28.5,-64.0625
2026-09-28T14:54:51.757660,0.34375,-0.34375,9.58203125,-0.001953125,0.001953125,0.001953125,-36.9375,-28.5,-64.0625
2026-09-28T14:54:51.783444,0.3046875,-0.34375,9.61328125,-0.001953125,0.001953125,0.001953125,-36.1875,-28.0625,-63.25
2026-09-28T14:54:51.799769,0.3046875,-0.34375,9.61328125,-0.001953125,0.001953125,0.001953125,-36.1875,-28.0625,-63.25
2026-09-28T14:54:51.829396,0.3046875,-0.34375,9.578125,0.0,-0.001953125,0.0,-35.6875,-28.3125,-61.3125
2026-09-28T14:54:51.849955,0.3046875,-0.3828125,9.578125,0.0,-0.001953125,0.0,-35.6875,-28.3125,-61.3125
2026-09-28T14:54:51.879405,0.3046875,-0.34375,9.578125,-0.001953125,-0.001953125,0.0,-36.375,-27.6875,-61.75
2026-09-28T14:54:51.899944,0.3046875,-0.34375,9.578125,-0.001953125,-0.001953125,0.0,-36.375,-27.6875,-61.75
2026-09-28T14:54:51.920406,0.3046875,-0.34375,9.578125,0.001953125,-0.00390625,0.0,-36.375,-27.6875,-61.75
2026-09-28T14:54:51.945983,0.3046875,-0.34375,9.578125,0.001953125,-0.00390625,0.0,-35.625,-27.25,-61.25
2026-09-28T14:54:51.970451,0.3046875,-0.34375,9.61328125,0.00390625,-0.00390625,0.0,-35.625,-27.25,-61.25
2026-09-28T14:54:51.995421,0.34375,-0.34375,9.58203125,0.00390625,-0.00390625,0.0,-35.6875,-27.9375,-61.25
2026-09-28T14:54:52.016112,0.34375,-0.34375,9.58203125,0.0,-0.001953125,-0.001953125,-35.6875,-27.9375,-61.25
2026-09-28T14:54:52.041028,0.34375,-0.34375,9.609375,0.0,-0.001953125,-0.001953125,-36.75,-28.75,-61.0
2026-09-28T14:54:52.066467,0.34375,-0.3828125,9.58203125,0.0,0.001953125,0.0,-36.75,-28.75,-61.0
2026-09-28T14:54:52.090173,0.34375,-0.34375,9.58203125,0.0,0.001953125,0.0,-35.75,-29.125,-61.3125
2026-09-28T14:54:52.111015,0.34375,-0.34375,9.58203125,-0.001953125,0.001953125,0.0,-35.75,-29.125,-61.3125
2026-09-28T14:54:52.136414,0.3046875,-0.34375,9.578125,-0.001953125,0.001953125,0.0,-35.75,-28.0,-62.4375
2026-09-28T14:54:52.162232,0.34375,-0.34375,9.58203125,-0.001953125,0.001953125,0.0,-35.75,-28.0,-62.4375
2026-09-28T14:54:52.188326,0.3046875,-0.34375,9.578125,-0.001953125,0.001953125,0.0,-36.4375,-28.375,-62.125
2026-09-28T14:54:52.214876,0.34375,-0.34375,9.58203125,0.001953125,-0.001953125,0.0,-36.4375,-28.375,-62.125
2026-09-28T14:54:52.235597,0.34375,-0.34375,9.58203125,0.001953125,-0.001953125,0.0,-35.75,-28.0,-62.4375
2026-09-28T14:54:52.259745,0.3046875,-0.34375,9.578125,0.0,-0.001953125,0.0,-35.75,-28.0,-62.4375
2026-09-28T14:54:52.285191,0.3046875,-0.34375,9.578125,0.0,-0.001953125,0.0,-35.5625,-28.0625,-64.375
2026-09-28T14:54:52.310018,0.3046875,-0.34375,9.578125,0.0,-0.001953125,0.0,-35.5625,-28.0625,-64.375
2026-09-28T14:54:52.330822,0.3046875,-0.3828125,9.578125,0.00390625,-0.001953125,0.001953125,-36.875,-27.375,-63.6875
2026-09-28T14:54:52.357275,0.26953125,-0.3828125,9.58203125,0.00390625,-0.001953125,0.001953125,-36.875,-27.375,-63.6875
2026-09-28T14:54:52.383029,0.3046875,-0.34375,9.578125,0.0,0.0,-0.03515625,-35.875,-28.8125,-63.25
2026-09-28T14:54:52.408319,0.3046875,-0.34375,9.578125,0.001953125,0.0,-0.0078125,-35.875,-28.8125,-63.25
2026-09-28T14:54:52.434819,0.3046875,-0.34375,9.61328125,0.001953125,0.0,-0.0078125,-36.1875,-27.375,-63.625
2026-09-28T14:54:52.450678,0.3046875,-0.34375,9.61328125,0.001953125,0.0,-0.0078125,-36.1875,-27.375,-63.625
2026-09-28T14:54:52.479756,0.26953125,-0.34375,9.58203125,0.001953125,-0.001953125,-0.001953125,-35.75,-27.3125,-62.375
2026-09-28T14:54:52.506812,0.3046875,-0.3828125,9.578125,0.001953125,-0.001953125,-0.001953125,-35.75,-27.3125,-62.375
2026-09-28T14:54:52.533396,0.23046875,-0.34375,9.578125,0.0,-0.001953125,-0.001953125,-36.5625,-27.75,-63.625
2026-09-28T14:54:52.550059,0.23046875,-0.34375,9.578125,0.0,-0.001953125,-0.001953125,-36.5625,-27.75,-63.625
2026-09-28T14:54:52.579266,0.19140625,-0.34375,9.578125,0.0078125,-0.0078125,0.0,-36.1875,-29.125,-62.125
2026-09-28T14:54:52.599786,0.11328125,-0.34375,9.58203125,0.0078125,-0.0078125,0.0,-36.1875,-29.125,-62.125
2026-09-28T14:54:52.629404,0.0390625,-0.34375,9.609375,0.0078125,-0.01171875,0.00390625,-36.75,-28.0,-61.75
2026-09-28T14:54:52.650581,0.0390625,-0.34375,9.609375,0.0078125,-0.01171875,0.00390625,-36.75,-28.0,-61.75
2026-09-28T14:54:52.670933,0.0,-0.4609375,9.69140625,-0.01171875,-0.240234375,-0.205078125,-36.75,-28.0,-61.75
2026-09-28T14:54:52.696907,0.0390625,-0.23046875,9.4609375,-0.01171875,-0.240234375,-0.205078125,-36.8125,-27.75,-62.5625
2026-09-28T14:54:52.726546,0.0390625,-0.34375,9.609375,0.00390625,0.025390625,0.009765625,-35.3125,-28.3125,-61.3125
2026-09-28T14:54:52.749105,0.0390625,-0.34375,9.609375,0.00390625,0.025390625,0.009765625,-35.3125,-28.3125,-61.3125
2026-09-28T14:54:52.770675,0.0390625,-0.34375,9.609375,0.0,-0.03125,0.04296875,-35.3125,-28.3125,-61.3125
2026-09-28T14:54:52.796639,0.0,-0.421875,9.578125,0.0,-0.03125,0.04296875,-36.4375,-28.8125,-62.1875
2026-09-28T14:54:52.821404,0.0390625,-0.34375,9.58203125,0.0078125,0.10546875,0.0,-36.4375,-28.8125,-62.1875
2026-09-28T14:54:52.846596,0.078125,-0.23046875,9.61328125,0.0078125,0.10546875,0.0,-37.0625,-27.6875,-60.625
2026-09-28T14:54:52.871304,0.0,-0.421875,9.578125,-0.00390625,0.00390625,-0.150390625,-37.0625,-27.6875,-60.625
2026-09-28T14:54:52.892374,0.0,-0.421875,9.578125,-0.00390625,0.00390625,-0.150390625,-36.6875,-28.3125,-60.25
2026-09-28T14:54:52.918699,0.0,-0.3828125,9.58203125,-0.001953125,0.001953125,0.001953125,-36.6875,-28.3125,-60.25
2026-09-28T14:54:52.944684,0.078125,-0.34375,9.58203125,-0.001953125,0.001953125,0.001953125,-36.25,-27.25,-60.5625
2026-09-28T14:54:52.970469,0.15234375,-0.3046875,9.578125,0.0,-0.001953125,0.130859375,-36.25,-27.25,-60.5625
2026-09-28T14:54:52.994767,0.15234375,-0.3046875,9.578125,0.0,-0.001953125,0.130859375,-35.625,-28.3125,-60.5
2026-09-28T14:54:53.017950,0.15234375,-0.3828125,9.58203125,-0.001953125,0.001953125,0.095703125,-35.625,-28.3125,-60.5
2026-09-28T14:54:53.044631,0.15234375,-0.34375,9.609375,-0.001953125,0.001953125,0.095703125,-37.0625,-28.0,-60.625
2026-09-28T14:54:53.070571,0.19140625,-0.3828125,9.578125,0.0,0.00390625,0.009765625,-37.0625,-28.0,-60.625
2026-09-28T14:54:53.097271,0.53515625,-0.26953125,9.609375,0.0,0.00390625,0.009765625,-36.0625,-28.75,-60.9375
2026-09-28T14:54:53.126330,-0.19140625,-0.4609375,9.578125,0.08203125,0.001953125,-0.26171875,-37.0,-26.5625,-60.9375
2026-09-28T14:54:53.143697,-0.19140625,-0.4609375,9.578125,0.08203125,0.001953125,-0.26171875,-37.0,-26.5625,-60.9375
2026-09-28T14:54:53.168913,-0.078125,-0.3828125,9.609375,0.01171875,0.0078125,-0.111328125,-37.0,-26.5625,-60.9375
2026-09-28T14:54:53.194473,-0.15234375,-0.421875,9.578125,0.01171875,0.0078125,-0.111328125,-35.9375,-28.625,-59.375
2026-09-28T14:54:53.218923,0.0390625,-0.3828125,9.58203125,0.001953125,-0.001953125,0.0,-35.9375,-28.625,-59.375
2026-09-28T14:54:53.239410,0.0390625,-0.3828125,9.58203125,0.001953125,-0.001953125,0.0,-36.0,-28.0,-60.5625
2026-09-28T14:54:53.265060,-0.3046875,-0.3828125,9.61328125,-0.0078125,-0.0078125,0.140625,-36.0,-28.0,-60.5625
2026-09-28T14:54:53.290096,0.15234375,-0.53515625,9.58203125,-0.0078125,-0.0078125,0.140625,-35.6875,-27.6875,-61.6875
2026-09-28T14:54:53.316174,-0.15234375,-0.23046875,9.61328125,-0.033203125,0.00390625,0.228515625,-35.6875,-27.6875,-61.6875
2026-09-28T14:54:53.342147,-0.0390625,-0.26953125,9.609375,-0.033203125,0.00390625,0.228515625,-36.1875,-26.8125,-59.6875
2026-09-28T14:54:53.363265,-0.0390625,-0.26953125,9.609375,-0.03515625,0.01953125,0.185546875,-36.1875,-26.8125,-59.6875
2026-09-28T14:54:53.388704,-0.0390625,-0.49609375,9.58203125,-0.03515625,0.01953125,0.185546875,-36.0,-26.875,-61.3125
2026-09-28T14:54:53.414933,0.0,-0.3828125,9.58203125,-0.0234375,0.005859375,-0.044921875,-36.0,-26.875,-61.3125
2026-09-28T14:54:53.439992,0.0390625,-0.26953125,9.73046875,-0.0234375,0.005859375,-0.044921875,-37.75,-26.1875,-61.375
2026-09-28T14:54:53.460807,0.0390625,-0.26953125,9.73046875,-0.009765625,-0.576171875,0.28125,-37.75,-26.1875,-61.375
2026-09-28T14:54:53.486556,0.3046875,-0.3046875,9.6484375,-0.009765625,-0.576171875,0.28125,-37.9375,-26.25,-62.9375
2026-09-28T14:54:53.512466,0.26953125,-0.3046875,9.578125,0.0703125,-0.623046875,0.0078125,-37.9375,-26.25,-62.9375
2026-09-28T14:54:53.538421,0.421875,-0.65234375,9.5390625,0.0703125,-0.623046875,0.0078125,-39.5625,-25.9375,-61.5
2026-09-28T14:54:53.564286,0.4609375,-0.3828125,9.46484375,0.015625,-0.021484375,0.205078125,-39.5625,-25.9375,-61.5
2026-09-28T14:54:53.584882,0.4609375,-0.3828125,9.46484375,0.015625,-0.021484375,0.205078125,-39.4375,-26.1875,-59.9375
2026-09-28T14:54:53.609304,0.421875,-0.421875,9.58203125,0.00390625,-0.04296875,0.00390625,-39.4375,-26.1875,-59.9375
2026-09-28T14:54:53.634752,0.4609375,-0.4609375,9.58203125,0.00390625,-0.04296875,0.00390625,-40.1875,-25.5625,-61.125
2026-09-28T14:54:53.659234,0.84375,-0.34375,9.38671875,-0.009765625,0.484375,-0.46484375,-40.1875,-25.5625,-61.125
2026-09-28T14:54:53.679836,0.84375,-0.34375,9.38671875,-0.009765625,0.484375,-0.46484375,-38.9375,-27.0625,-62.625
2026-09-28T14:54:53.705859,0.7265625,-0.34375,9.421875,0.037109375,0.615234375,-0.044921875,-38.9375,-27.0625,-62.625
2026-09-28T14:54:53.730883,-0.421875,0.3046875,9.921875,0.037109375,0.615234375,-0.044921875,-36.125,-26.9375,-62.5
2026-09-28T14:54:53.756980,-0.53515625,-0.95703125,9.609375,-0.001953125,0.00390625,0.16796875,-36.125,-26.9375,-62.5
2026-09-28T14:54:53.782428,0.0,-0.34375,9.58203125,-0.001953125,0.00390625,0.16796875,-38.0,-26.0,-64.5625
2026-09-28T14:54:53.798705,0.0,-0.34375,9.58203125,-0.001953125,0.00390625,0.16796875,-38.0,-26.0,-64.5625
2026-09-28T14:54:53.828488,0.078125,-0.23046875,9.578125,0.009765625,-0.0078125,-0.333984375,-38.25,-27.8125,-63.0
2026-09-28T14:54:53.854696,-0.99609375,0.0390625,9.58203125,0.009765625,-0.0078125,-0.333984375,-38.25,-27.8125,-63.0
2026-09-28T14:54:53.879678,0.4609375,-0.99609375,9.34765625,-0.328125,0.091796875,3.9609375,-39.375,-23.875,-64.9375
2026-09-28T14:54:53.897503,0.4609375,-0.99609375,9.34765625,-0.328125,0.091796875,3.9609375,-39.375,-23.875,-64.9375
2026-09-28T14:54:53.927777,0.69140625,-0.61328125,9.6875,0.0,-0.05859375,1.123046875,-39.6875,-21.5,-61.3125
2026-09-28T14:54:53.948292,0.0,-0.61328125,9.58203125,0.0,-0.05859375,1.123046875,-39.6875,-21.5,-61.3125
2026-09-28T14:54:53.977754,-0.0390625,-0.421875,9.65234375,-0.013671875,-0.0078125,-0.01171875,-39.4375,-22.25,-61.6875
2026-09-28T14:54:53.998583,-0.0390625,-0.421875,9.65234375,-0.013671875,-0.0078125,-0.01171875,-39.4375,-22.25,-61.6875
2026-09-28T14:54:54.019715,-0.15234375,-0.57421875,9.61328125,-0.0390625,0.134765625,0.00390625,-39.4375,-22.25,-61.6875
2026-09-28T14:54:54.045737,0.19140625,-0.3046875,9.88671875,-0.0390625,0.134765625,0.00390625,-39.8125,-23.75,-61.75
2026-09-28T14:54:54.070530,-0.15234375,-0.49609375,9.12109375,-0.41796875,0.13671875,0.974609375,-39.8125,-23.75,-61.75
2026-09-28T14:54:54.094505,0.19140625,-0.421875,9.88671875,-0.41796875,0.13671875,0.974609375,-39.5,-18.125,-60.4375
2026-09-28T14:54:54.116660,0.19140625,-0.421875,9.88671875,0.38671875,1.265625,0.57421875,-39.5,-18.125,-60.4375
2026-09-28T14:54:54.142753,-0.26953125,-0.95703125,9.765625,0.38671875,1.265625,0.57421875,-37.875,-18.875,-61.875
2026-09-28T14:54:54.168125,-0.69140625,-0.57421875,9.609375,-0.021484375,0.71484375,0.861328125,-37.875,-18.875,-61.875
2026-09-28T14:54:54.193754,-1.5703125,0.3046875,10.11328125,-0.021484375,0.71484375,0.861328125,-36.125,-16.3125,-63.1875
2026-09-28T14:54:54.218688,-0.8046875,-0.4609375,8.4609375,0.45703125,1.236328125,0.11328125,-36.125,-16.3125,-63.1875
2026-09-28T14:54:54.240258,-0.8046875,-0.4609375,8.4609375,0.45703125,1.236328125,0.11328125,-33.375,-16.625,-64.5
2026-09-28T14:54:54.266748,-1.83984375,-0.61328125,10.453125,-0.0390625,2.150390625,0.369140625,-33.375,-16.625,-64.5
2026-09-28T14:54:54.293730,-2.91015625,0.078125,9.15625,-0.0390625,2.150390625,0.369140625,-26.6875,-14.9375,-66.25
2026-09-28T14:54:54.318230,-3.02734375,-0.23046875,9.421875,0.2890625,2.3515625,0.974609375,-26.6875,-14.9375,-66.25
2026-09-28T14:54:54.342372,-3.02734375,-0.23046875,9.421875,0.2890625,2.3515625,0.974609375,-20.375,-15.1875,-67.75
2026-09-28T14:54:54.363641,-4.21484375,0.34375,8.69921875,1.685546875,1.8359375,2.177734375,-20.375,-15.1875,-67.75
2026-09-28T14:54:54.388152,-4.48046875,1.4921875,8.58203125,1.685546875,1.8359375,2.177734375,-14.8125,-19.0,-67.0
2026-09-28T14:54:54.413723,-4.59765625,1.87890625,7.46875,2.763671875,1.37890625,1.544921875,-14.8125,-19.0,-67.0
2026-09-28T14:54:54.438346,-5.40234375,3.79296875,7.625,2.763671875,1.37890625,1.544921875,-13.0625,-26.9375,-64.125
2026-09-28T14:54:54.459280,-5.40234375,3.79296875,7.625,8.841796875,-0.001953125,0.890625,-13.0625,-26.9375,-64.125
2026-09-28T14:54:54.482367,-5.32421875,4.671875,8.04296875,8.841796875,-0.001953125,0.890625,-11.5625,-44.5625,-55.0
2026-09-28T14:54:54.507855,-4.51953125,5.82421875,5.98046875,3.68359375,3.03515625,-1.779296875,-11.5625,-44.5625,-55.0
2026-09-28T14:54:54.533504,-6.78515625,6.20703125,5.40234375,3.68359375,3.03515625,-1.779296875,3.0,-53.875,-42.625
2026-09-28T14:54:54.555416,-6.78515625,6.20703125,5.40234375,2.953125,1.79296875,-1.267578125,3.0,-53.875,-42.625
2026-09-28T14:54:54.577209,-8.04296875,6.3203125,3.484375,2.953125,1.79296875,-1.267578125,9.75,-56.625,-32.875
2026-09-28T14:54:54.597950,-5.8984375,4.13671875,1.1875,2.953125,1.79296875,-1.267578125,9.75,-56.625,-32.875
2026-09-28T14:54:54.618617,-5.8984375,4.13671875,1.1875,2.337890625,3.064453125,1.64453125,9.75,-56.625,-32.875
2026-09-28T14:54:54.644106,-6.62890625,6.66796875,0.0390625,2.337890625,3.064453125,1.64453125,9.0,-59.5625,-22.625
2026-09-28T14:54:54.669393,-6.85546875,7.01171875,0.53515625,3.060546875,2.076171875,0.720703125,9.0,-59.5625,-22.625
2026-09-28T14:54:54.695646,-4.48046875,4.59765625,-0.65234375,3.060546875,2.076171875,0.720703125,9.5625,-60.6875,-14.9375
2026-09-28T14:54:54.724578,-5.66796875,6.2421875,-2.18359375,2.34765625,0.46484375,0.900390625,5.5625,-61.9375,-6.375
2026-09-28T14:54:54.742522,-5.66796875,6.2421875,-2.18359375,2.34765625,0.46484375,0.900390625,5.5625,-61.9375,-6.375
2026-09-28T14:54:54.767585,-6.85546875,8.5,-3.6015625,4.62109375,2.8359375,1.876953125,5.5625,-61.9375,-6.375
2026-09-28T14:54:54.793857,-3.984375,5.78515625,-4.75,4.62109375,2.8359375,1.876953125,-0.5625,-63.125,7.8125
2026-09-28T14:54:54.817754,-3.33203125,4.1328125,-3.29296875,3.240234375,1.58203125,0.12109375,-0.5625,-63.125,7.8125
2026-09-28T14:54:54.838943,-3.33203125,4.1328125,-3.29296875,3.240234375,1.58203125,0.12109375,-3.875,-60.375,14.25
2026-09-28T14:54:54.865234,-3.41015625,6.24609375,-5.8984375,-0.232421875,-0.48046875,0.19140625,-3.875,-60.375,14.25
2026-09-28T14:54:54.891418,-3.5625,6.7421875,-7.9296875,-0.232421875,-0.48046875,0.19140625,-5.375,-58.6875,22.0
2026-09-28T14:54:54.917619,-5.28515625,6.85546875,-5.9765625,-1.4375,1.080078125,0.384765625,-5.375,-58.6875,22.0
2026-09-28T14:54:54.943390,-3.484375,6.05078125,-6.7421875,-1.4375,1.080078125,0.384765625,-11.125,-57.8125,20.4375
2026-09-28T14:54:54.963742,-3.484375,6.05078125,-6.7421875,0.345703125,1.134765625,1.611328125,-11.125,-57.8125,20.4375
2026-09-28T14:54:54.989687,-3.5625,6.51171875,-7.89453125,0.345703125,1.134765625,1.611328125,-15.5625,-56.4375,22.0
2026-09-28T14:54:55.015965,-2.48828125,5.59375,-6.44140625,-0.083984375,-1.501953125,-1.025390625,-15.5625,-56.4375,22.0
2026-09-28T14:54:55.042665,-1.45703125,6.359375,-7.0078125,-0.083984375,-1.501953125,-1.025390625,-11.125,-58.75,25.4375
2026-09-28T14:54:55.067488,-2.64453125,6.08984375,-7.203125,-2.595703125,0.5,0.001953125,-11.125,-58.75,25.4375
2026-09-28T14:54:55.088170,-2.64453125,6.08984375,-7.203125,-2.595703125,0.5,0.001953125,-11.625,-58.0625,23.4375
2026-09-28T14:54:55.113682,-2.60546875,6.62890625,-8.921875,1.154296875,1.46484375,0.51171875,-11.625,-58.0625,23.4375
2026-09-28T14:54:55.139589,-1.87890625,4.94140625,-6.5859375,1.154296875,1.46484375,0.51171875,-15.0,-58.5,25.5
2026-09-28T14:54:55.165959,-1.37890625,3.9453125,-6.44140625,0.833984375,0.556640625,1.037109375,-15.0,-58.5,25.5
2026-09-28T14:54:55.191592,-1.953125,6.85546875,-10.53515625,0.833984375,0.556640625,1.037109375,-17.5,-56.1875,29.1875
2026-09-28T14:54:55.213017,-1.953125,6.85546875,-10.53515625,-0.427734375,1.763671875,0.443359375,-17.5,-56.1875,29.1875
2026-09-28T14:54:55.237728,0.078125,5.70703125,-10.9140625,-0.427734375,1.763671875,0.443359375,-26.0,-53.1875,29.0
2026-09-28T14:54:55.263554,0.0390625,3.984375,-9.00390625,0.42578125,-0.48828125,0.076171875,-26.0,-53.1875,29.0
2026-09-28T14:54:55.289342,-0.53515625,4.671875,-8.578125,0.42578125,-0.48828125,0.076171875,-25.0,-53.0625,31.875
2026-09-28T14:54:55.315130,-0.53515625,4.671875,-8.578125,0.93359375,-0.1484375,0.283203125,-25.0,-53.0625,31.875
2026-09-28T14:54:55.337211,-0.3828125,3.9453125,-8.65625,0.93359375,-0.1484375,0.283203125,-24.8125,-51.5,34.1875
2026-09-28T14:54:55.362981,-0.11328125,5.28515625,-8.88671875,0.125,0.33984375,-0.095703125,-24.8125,-51.5,34.1875
2026-09-28T14:54:55.387729,-0.3828125,4.3671875,-8.84765625,0.125,0.33984375,-0.095703125,-24.8125,-51.125,33.5
2026-09-28T14:54:55.412909,0.0,4.3671875,-8.77734375,0.2734375,0.474609375,0.3359375,-24.8125,-51.125,33.5
2026-09-28T14:54:55.433985,0.0,4.3671875,-8.77734375,0.2734375,0.474609375,0.3359375,-28.4375,-49.4375,32.4375
2026-09-28T14:54:55.459753,0.11328125,4.0234375,-9.3046875,0.53125,0.048828125,-0.115234375,-28.4375,-49.4375,32.4375
2026-09-28T14:54:55.486143,-0.3828125,3.83203125,-9.0390625,0.53125,0.048828125,-0.115234375,-27.25,-47.9375,33.8125
2026-09-28T14:54:55.513070,0.61328125,4.40625,-9.23046875,0.169921875,-0.005859375,0.0390625,-27.25,-47.9375,33.8125
2026-09-28T14:54:55.537190,-0.19140625,3.02734375,-9.34765625,0.169921875,-0.005859375,0.0390625,-25.25,-45.9375,35.5625
2026-09-28T14:54:55.558469,-0.19140625,3.02734375,-9.34765625,1.109375,-0.345703125,-0.513671875,-25.25,-45.9375,35.5625
2026-09-28T14:54:55.582771,-0.15234375,3.83203125,-9.15625,1.109375,-0.345703125,-0.513671875,-24.6875,-45.0625,37.5625
2026-09-28T14:54:55.607535,-0.23046875,3.41015625,-9.421875,1.51953125,-0.0078125,0.19921875,-24.6875,-45.0625,37.5625
2026-09-28T14:54:55.633218,-0.19140625,2.796875,-9.6875,1.51953125,-0.0078125,0.19921875,-25.75,-41.6875,40.6875
2026-09-28T14:54:55.658664,-0.19140625,2.796875,-9.6875,1.455078125,-0.0078125,0.1328125,-25.75,-41.6875,40.6875
2026-09-28T14:54:55.679453,-0.3046875,2.18359375,-9.609375,1.455078125,-0.0078125,0.1328125,-25.0,-38.875,44.375
2026-09-28T14:54:55.705842,-0.26953125,1.953125,-9.92578125,0.12890625,-0.05859375,-0.015625,-25.0,-38.875,44.375
2026-09-28T14:54:55.732767,-0.34375,1.953125,-9.4609375,0.12890625,-0.05859375,-0.015625,-26.3125,-38.1875,45.8125
2026-09-28T14:54:55.757813,-0.34375,1.953125,-9.4609375,2.078125,-0.2890625,0.6328125,-26.3125,-38.1875,45.8125
2026-09-28T14:54:55.776940,-0.26953125,1.41796875,-10.00390625,2.078125,-0.2890625,0.6328125,-24.0625,-27.875,51.875
2026-09-28T14:54:55.803203,-0.3828125,0.49609375,-9.8046875,2.078125,-0.2890625,0.6328125,-24.0625,-27.875,51.875
2026-09-28T14:54:55.827277,-0.3828125,-0.421875,-9.84375,0.08984375,0.580078125,-0.076171875,-25.5,-23.8125,53.8125
2026-09-28T14:54:55.853223,0.078125,-0.26953125,-10.07421875,0.08984375,0.580078125,-0.076171875,-25.5,-23.8125,53.8125
2026-09-28T14:54:55.877993,0.078125,-0.26953125,-10.07421875,0.19921875,0.640625,-0.01953125,-25.3125,-23.5,52.3125
2026-09-28T14:54:55.895785,0.11328125,-0.4609375,-10.23046875,0.19921875,0.640625,-0.01953125,-25.3125,-23.5,52.3125
2026-09-28T14:54:55.925724,0.11328125,-0.19140625,-9.9609375,0.140625,0.0078125,-0.06640625,-27.625,-23.5,54.4375
2026-09-28T14:54:55.947160,0.15234375,-0.53515625,-10.07421875,0.140625,0.0078125,-0.06640625,-27.625,-23.5,54.4375
2026-09-28T14:54:55.968367,0.15234375,-0.53515625,-10.07421875,1.62109375,-0.009765625,-0.015625,-27.625,-23.5,54.4375
2026-09-28T14:54:55.994794,0.11328125,-0.95703125,-9.84765625,1.62109375,-0.009765625,-0.015625,-26.8125,-19.0625,54.25
2026-09-28T14:54:56.025975,0.11328125,-1.265625,-9.80859375,-0.341796875,0.009765625,-0.013671875,-27.375,-19.0,55.8125
2026-09-28T14:54:56.047280,0.11328125,-1.109375,-9.8828125,-0.341796875,0.009765625,-0.013671875,-27.375,-19.0,55.8125
2026-09-28T14:54:56.076449,0.11328125,-0.91796875,-9.88671875,-0.912109375,0.005859375,0.001953125,-26.9375,-21.25,53.8125
2026-09-28T14:54:56.097551,0.11328125,-0.91796875,-9.88671875,-0.912109375,0.005859375,0.001953125,-26.9375,-21.25,53.8125
2026-09-28T14:54:56.118362,0.11328125,-0.3828125,-10.109375,-0.068359375,-0.00390625,-0.048828125,-26.9375,-21.25,53.8125
2026-09-28T14:54:56.144087,0.078125,-0.34375,-10.00390625,-0.068359375,-0.00390625,-0.048828125,-27.1875,-23.9375,51.3125
2026-09-28T14:54:56.169262,0.0390625,-0.23046875,-9.9609375,-0.0390625,-0.001953125,-0.173828125,-27.1875,-23.9375,51.3125
2026-09-28T14:54:56.194929,0.0,-0.3046875,-9.9609375,-0.0390625,-0.001953125,-0.173828125,-26.4375,-26.125,52.8125
2026-09-28T14:54:56.216489,0.0,-0.3046875,-9.9609375,0.07421875,0.0078125,-0.009765625,-26.4375,-26.125,52.8125
2026-09-28T14:54:56.242325,0.0,-0.34375,-9.96484375,0.07421875,0.0078125,-0.009765625,-26.6875,-23.875,53.3125
2026-09-28T14:54:56.267152,0.0,-0.3046875,-9.9609375,-0.021484375,-0.001953125,0.017578125,-26.6875,-23.875,53.3125
2026-09-28T14:54:56.292814,0.078125,-0.26953125,-10.00390625,-0.021484375,-0.001953125,0.017578125,-26.625,-22.375,53.375
2026-09-28T14:54:56.318222,0.0390625,-0.26953125,-10.00390625,-0.0078125,-0.001953125,0.021484375,-26.625,-22.375,53.375
2026-09-28T14:54:56.338944,0.0390625,-0.26953125,-10.00390625,-0.0078125,-0.001953125,0.021484375,-26.25,-23.8125,53.75
2026-09-28T14:54:56.365732,0.0390625,-0.3046875,-9.9609375,0.00390625,-0.001953125,0.0,-26.25,-23.8125,53.75
2026-09-28T14:54:56.392227,0.0390625,-0.3046875,-10.0,0.00390625,-0.001953125,0.0,-26.625,-23.8125,54.0625
2026-09-28T14:54:56.418684,0.0390625,-0.3046875,-9.9609375,-0.013671875,0.0,0.013671875,-26.625,-23.8125,54.0625
2026-09-28T14:54:56.444661,0.0390625,-0.3046875,-9.9609375,-0.013671875,0.0,0.013671875,-25.8125,-23.0625,54.1875
2026-09-28T14:54:56.466728,0.0390625,-0.3046875,-10.0,-0.017578125,0.00390625,-0.00390625,-25.8125,-23.0625,54.1875
2026-09-28T14:54:56.493689,0.0390625,-0.3046875,-10.0,-0.017578125,0.00390625,-0.00390625,-25.875,-21.625,53.5
2026-09-28T14:54:56.518945,0.0390625,-0.3046875,-9.9609375,-0.015625,0.005859375,-0.01171875,-25.875,-21.625,53.5
2026-09-28T14:54:56.545419,0.0390625,-0.26953125,-10.00390625,-0.015625,0.005859375,-0.01171875,-26.9375,-23.0625,54.125
2026-09-28T14:54:56.575447,0.0390625,-0.34375,-9.96484375,-0.021484375,-0.001953125,-0.00390625,-27.4375,-23.9375,52.125
2026-09-28T14:54:56.593223,0.0390625,-0.34375,-9.96484375,-0.021484375,-0.001953125,-0.00390625,-27.4375,-23.9375,52.125
2026-09-28T14:54:56.618604,0.0,-0.26953125,-9.96484375,0.0,-0.00390625,-0.02734375,-27.4375,-23.9375,52.125
2026-09-28T14:54:56.645246,0.0390625,-0.26953125,-10.00390625,0.0,-0.00390625,-0.02734375,-26.75,-24.625,52.9375
2026-09-28T14:54:56.676183,0.0390625,-0.26953125,-9.96484375,0.0,-0.001953125,-0.037109375,-26.75,-23.1875,51.8125
2026-09-28T14:54:56.703542,0.0390625,-0.19140625,-10.0,-0.025390625,0.0,-0.216796875,-26.75,-23.1875,51.8125
2026-09-28T14:54:56.728932,0.0,-0.34375,-10.00390625,-0.025390625,0.0,-0.216796875,-26.5,-25.0,51.3125
2026-09-28T14:54:56.746131,0.0,-0.34375,-10.00390625,-0.025390625,0.0,-0.216796875,-26.5,-25.0,51.3125
2026-09-28T14:54:56.775733,0.078125,-0.26953125,-9.96484375,0.009765625,0.00390625,-0.021484375,-25.3125,-23.875,52.25
2026-09-28T14:54:56.796615,0.0390625,-0.26953125,-9.96484375,0.009765625,0.00390625,-0.021484375,-25.3125,-23.875,52.25
2026-09-28T14:54:56.825625,0.0390625,-0.26953125,-9.96484375,-0.001953125,0.005859375,-0.015625,-26.0,-24.625,52.5625
2026-09-28T14:54:56.843375,0.0390625,-0.26953125,-9.96484375,-0.001953125,0.005859375,-0.015625,-26.0,-24.625,52.5625
2026-09-28T14:54:56.868532,0.0390625,-0.26953125,-9.96484375,0.013671875,-0.001953125,-0.015625,-26.0,-24.625,52.5625
2026-09-28T14:54:56.894971,0.0390625,-0.26953125,-10.00390625,0.013671875,-0.001953125,-0.015625,-25.9375,-24.1875,53.375
2026-09-28T14:54:56.925668,0.0390625,-0.26953125,-9.96484375,0.001953125,0.00390625,0.001953125,-25.9375,-24.1875,53.375
2026-09-28T14:54:56.946485,0.0390625,-0.23046875,-9.9609375,0.001953125,0.00390625,0.001953125,-25.9375,-24.1875,53.375
2026-09-28T14:54:56.967553,0.0390625,-0.23046875,-9.9609375,0.021484375,0.0078125,-0.162109375,-25.9375,-24.1875,53.375
2026-09-28T14:54:56.993950,0.078125,-0.26953125,-10.00390625,0.021484375,0.0078125,-0.162109375,-25.75,-25.375,51.8125
2026-09-28T14:54:57.023399,0.11328125,-0.3828125,-9.96484375,0.03125,0.005859375,-0.013671875,-25.5,-23.4375,53.8125
2026-09-28T14:54:57.045537,0.11328125,-0.3046875,-9.9609375,0.03125,0.005859375,-0.013671875,-25.5,-23.4375,53.8125
2026-09-28T14:54:57.075539,0.11328125,-0.3046875,-10.0,0.0078125,0.0,-0.005859375,-26.4375,-24.3125,52.1875
2026-09-28T14:54:57.093318,0.11328125,-0.3046875,-10.0,0.0078125,0.0,-0.005859375,-26.4375,-24.3125,52.1875
2026-09-28T14:54:57.118442,0.11328125,-0.3046875,-9.9609375,0.005859375,-0.001953125,0.0,-26.4375,-24.3125,52.1875
2026-09-28T14:54:57.144910,0.11328125,-0.3046875,-9.9609375,0.005859375,-0.001953125,0.0,-26.8125,-25.375,52.5
2026-09-28T14:54:57.175515,0.11328125,-0.3046875,-9.9609375,-0.00390625,-0.00390625,-0.001953125,-26.375,-23.875,52.5625
2026-09-28T14:54:57.196397,0.11328125,-0.3046875,-9.9609375,-0.00390625,-0.00390625,-0.001953125,-26.375,-23.875,52.5625
2026-09-28T14:54:57.217492,0.11328125,-0.3046875,-9.9609375,0.013671875,-0.001953125,0.0,-26.375,-23.875,52.5625
2026-09-28T14:54:57.244323,0.078125,-0.3046875,-10.0,0.013671875,-0.001953125,0.0,-25.625,-24.25,52.625
2026-09-28T14:54:57.275428,0.11328125,-0.3046875,-10.0,0.013671875,0.0078125,-0.001953125,-25.5625,-23.4375,53.0625
2026-09-28T14:54:57.302071,0.078125,-0.3046875,-10.0,0.013671875,0.0078125,-0.001953125,-25.5625,-23.4375,53.0625
2026-09-28T14:54:57.327255,0.11328125,-0.34375,-9.96484375,0.01171875,0.0078125,0.001953125,-26.1875,-24.75,50.1875
2026-09-28T14:54:57.344872,0.11328125,-0.34375,-9.96484375,0.01171875,0.0078125,0.001953125,-26.1875,-24.75,50.1875
2026-09-28T14:54:57.375338,0.11328125,-0.34375,-10.00390625,0.0,0.0,-0.001953125,-23.875,-24.875,52.6875
2026-09-28T14:54:57.402098,0.11328125,-0.34375,-9.96484375,0.0,0.0,-0.001953125,-23.875,-24.875,52.6875
2026-09-28T14:54:57.426322,0.11328125,-0.34375,-9.96484375,0.005859375,-0.001953125,0.0,-26.1875,-24.3125,50.625
2026-09-28T14:54:57.452085,0.11328125,-0.34375,-10.00390625,0.005859375,-0.001953125,0.0,-26.1875,-24.3125,50.625
2026-09-28T14:54:57.468268,0.11328125,-0.34375,-10.00390625,-0.00390625,-0.001953125,-0.001953125,-26.1875,-24.3125,50.625
2026-09-28T14:54:57.494678,0.078125,-0.34375,-9.96484375,-0.00390625,-0.001953125,-0.001953125,-27.1875,-24.375,51.3125
2026-09-28T14:54:57.524588,0.078125,-0.34375,-9.96484375,0.0,0.0,0.0,-25.1875,-23.8125,53.8125
2026-09-28T14:54:57.546116,0.078125,-0.34375,-10.00390625,0.0,0.0,0.0,-25.1875,-23.8125,53.8125
2026-09-28T14:54:57.567210,0.078125,-0.34375,-10.00390625,-0.005859375,0.0,-0.001953125,-25.1875,-23.8125,53.8125
2026-09-28T14:54:57.592985,0.11328125,-0.34375,-9.96484375,-0.005859375,0.0,-0.001953125,-25.3125,-23.875,52.25
2026-09-28T14:54:57.618185,0.11328125,-0.3046875,-9.9609375,-0.005859375,-0.001953125,0.0,-25.3125,-23.875,52.25
2026-09-28T14:54:57.643890,0.078125,-0.34375,-9.96484375,-0.005859375,-0.001953125,0.0,-24.5,-24.5,54.1875
2026-09-28T14:54:57.668186,0.078125,-0.34375,-10.00390625,-0.01171875,0.00390625,0.0,-24.5,-24.5,54.1875
2026-09-28T14:54:57.688996,0.078125,-0.34375,-10.00390625,-0.01171875,0.00390625,0.0,-26.3125,-24.1875,53.6875
2026-09-28T14:54:57.715288,0.078125,-0.34375,-10.00390625,-0.009765625,0.00390625,0.0,-26.3125,-24.1875,53.6875
2026-09-28T14:54:57.741150,0.078125,-0.34375,-9.96484375,-0.009765625,0.00390625,0.0,-24.5,-24.1875,53.5
2026-09-28T14:54:57.766004,0.078125,-0.3046875,-9.9609375,0.0,0.0,0.0,-24.5,-24.1875,53.5
2026-09-28T14:54:57.791016,0.078125,-0.3046875,-9.9609375,0.0,0.0,0.0,-24.4375,-24.8125,55.0
2026-09-28T14:54:57.812014,0.078125,-0.34375,-9.96484375,-0.005859375,0.001953125,-0.001953125,-24.4375,-24.8125,55.0
2026-09-28T14:54:57.837984,0.11328125,-0.34375,-9.96484375,-0.005859375,0.001953125,-0.001953125,-26.0,-24.9375,53.375
2026-09-28T14:54:57.863678,0.078125,-0.34375,-10.00390625,0.001953125,-0.00390625,0.001953125,-26.0,-24.9375,53.375
2026-09-28T14:54:57.889010,0.078125,-0.34375,-10.00390625,0.001953125,-0.00390625,0.001953125,-24.8125,-24.125,54.625
2026-09-28T14:54:57.910413,0.078125,-0.34375,-10.00390625,0.00390625,0.0,0.0,-24.8125,-24.125,54.625
2026-09-28T14:54:57.935773,0.11328125,-0.3046875,-10.0,0.00390625,0.0,0.0,-24.25,-24.5625,52.3125
2026-09-28T14:54:57.961889,0.11328125,-0.3046875,-9.9609375,0.0078125,0.00390625,0.001953125,-24.25,-24.5625,52.3125
2026-09-28T14:54:57.988038,0.078125,-0.34375,-9.96484375,0.0078125,0.00390625,0.001953125,-25.25,-23.4375,53.0625
2026-09-28T14:54:58.013096,0.11328125,-0.34375,-9.96484375,-0.009765625,0.00390625,-0.001953125,-25.25,-23.4375,53.0625
2026-09-28T14:54:58.035269,0.11328125,-0.34375,-9.96484375,-0.009765625,0.00390625,-0.001953125,-24.875,-23.75,53.875
2026-09-28T14:54:58.061498,0.11328125,-0.34375,-9.96484375,0.00390625,-0.005859375,0.0,-24.875,-23.75,53.875
2026-09-28T14:54:58.087618,0.11328125,-0.34375,-9.96484375,0.00390625,-0.005859375,0.0,-24.9375,-25.625,53.375
2026-09-28T14:54:58.113287,0.11328125,-0.34375,-9.96484375,0.0,-0.001953125,0.0,-24.9375,-25.625,53.375
2026-09-28T14:54:58.138830,0.11328125,-0.34375,-10.00390625,0.0,-0.001953125,0.0,-26.3125,-24.625,53.3125
2026-09-28T14:54:58.160833,0.11328125,-0.34375,-10.00390625,0.0,-0.001953125,-0.001953125,-26.3125,-24.625,53.3125
2026-09-28T14:54:58.185678,0.11328125,-0.34375,-9.96484375,0.0,-0.001953125,-0.001953125,-25.25,-24.875,54.125
2026-09-28T14:54:58.211431,0.11328125,-0.3046875,-9.9609375,-0.00390625,0.0,0.0,-25.25,-24.875,54.125
2026-09-28T14:54:58.237525,0.11328125,-0.3046875,-9.9609375,-0.00390625,0.0,0.0,-25.25,-23.8125,53.0625
2026-09-28T14:54:58.263617,0.078125,-0.34375,-10.00390625,-0.001953125,0.0,0.0,-25.25,-23.8125,53.0625
2026-09-28T14:54:58.285598,0.078125,-0.34375,-10.00390625,-0.001953125,0.0,0.0,-26.3125,-24.875,54.0625
2026-09-28T14:54:58.311713,0.11328125,-0.34375,-10.00390625,0.005859375,-0.001953125,-0.001953125,-26.3125,-24.875,54.0625
2026-09-28T14:54:58.337776,0.11328125,-0.3046875,-10.0,0.005859375,-0.001953125,-0.001953125,-25.9375,-24.5625,53.75
2026-09-28T14:54:58.363470,0.11328125,-0.34375,-9.96484375,0.001953125,-0.001953125,0.001953125,-25.9375,-24.5625,53.75
2026-09-28T14:54:58.389137,0.11328125,-0.34375,-9.96484375,0.001953125,-0.001953125,0.001953125,-25.8125,-24.5625,54.875
2026-09-28T14:54:58.410656,0.11328125,-0.34375,-9.96484375,-0.0078125,0.0,0.001953125,-25.8125,-24.5625,54.875
2026-09-28T14:54:58.435377,0.078125,-0.34375,-9.96484375,-0.0078125,0.0,0.001953125,-24.875,-24.1875,53.8125
2026-09-28T14:54:58.460603,0.078125,-0.3046875,-10.0,-0.00390625,0.0,-0.001953125,-24.875,-24.1875,53.8125
2026-09-28T14:54:58.485342,0.078125,-0.34375,-9.96484375,-0.00390625,0.0,-0.001953125,-25.625,-24.625,52.5625
2026-09-28T14:54:58.506434,0.078125,-0.34375,-9.96484375,0.001953125,-0.001953125,0.0,-25.625,-24.625,52.5625
2026-09-28T14:54:58.532112,0.11328125,-0.34375,-10.00390625,0.001953125,-0.001953125,0.0,-25.6875,-25.3125,52.1875
2026-09-28T14:54:58.558448,0.11328125,-0.3046875,-9.9609375,0.001953125,-0.001953125,0.0,-25.6875,-25.3125,52.1875
2026-09-28T14:54:58.584691,0.11328125,-0.34375,-10.00390625,0.001953125,-0.001953125,0.0,-26.125,-24.3125,51.0
2026-09-28T14:54:58.610579,0.11328125,-0.34375,-9.96484375,0.0078125,-0.00390625,0.015625,-26.125,-24.3125,51.0
2026-09-28T14:54:58.630888,0.11328125,-0.34375,-9.96484375,0.0078125,-0.00390625,0.015625,-25.625,-23.125,52.25
2026-09-28T14:54:58.655495,0.046875,0.21484375,-9.7734375,-0.001953125,0.0078125,0.0,-25.625,-23.125,52.25
2026-09-28T14:54:58.681011,0.046875,0.17578125,-9.8125,-0.001953125,0.0078125,0.0,-27.125,-23.5625,51.75
2026-09-28T14:54:58.706309,0.046875,0.21484375,-9.7734375,-0.001953125,-0.00390625,0.001953125,-27.125,-23.5625,51.75
2026-09-28T14:54:58.727054,0.046875,0.21484375,-9.7734375,-0.001953125,-0.00390625,0.001953125,-25.0,-25.3125,52.25
2026-09-28T14:54:58.753308,0.01171875,0.21484375,-9.81640625,0.0,-0.001953125,0.001953125,-25.0,-25.3125,52.25
2026-09-28T14:54:58.780009,0.01171875,0.21484375,-9.81640625,0.0,-0.001953125,0.001953125,-26.125,-24.6875,51.375
2026-09-28T14:54:58.804639,0.046875,0.21484375,-9.81640625,0.0,-0.001953125,-0.001953125,-26.125,-24.6875,51.375
2026-09-28T14:54:58.830883,0.046875,0.21484375,-9.81640625,0.0,-0.001953125,-0.001953125,-26.5,-25.0625,50.9375
2026-09-28T14:54:58.852520,0.046875,0.21484375,-9.81640625,0.0,0.00390625,0.0,-26.5,-25.0625,50.9375
2026-09-28T14:54:58.874130,0.046875,0.21484375,-9.81640625,0.0,0.00390625,0.0,-26.5,-24.6875,51.0
2026-09-28T14:54:58.894978,0.01171875,0.21484375,-9.7734375,0.0,0.00390625,0.0,-26.5,-24.6875,51.0
2026-09-28T14:54:58.924340,0.046875,0.17578125,-9.8125,0.001953125,-0.001953125,0.001953125,-26.0625,-24.625,52.1875
2026-09-28T14:54:58.941969,0.046875,0.17578125,-9.8125,0.001953125,-0.001953125,0.001953125,-26.0625,-24.625,52.1875
2026-09-28T14:54:58.967132,0.046875,0.21484375,-9.7734375,-0.001953125,-0.00390625,0.0,-26.0625,-24.625,52.1875
2026-09-28T14:54:58.993338,0.046875,0.21484375,-9.81640625,-0.001953125,-0.00390625,0.0,-26.75,-25.0,52.5
2026-09-28T14:54:59.023782,0.01171875,0.21484375,-9.7734375,-0.001953125,-0.001953125,0.001953125,-25.5,-23.8125,54.25
2026-09-28T14:54:59.044693,0.01171875,0.21484375,-9.7734375,-0.001953125,-0.001953125,0.001953125,-25.5,-23.8125,54.25
2026-09-28T14:54:59.065947,0.01171875,0.21484375,-9.81640625,-0.001953125,-0.001953125,0.0,-25.5,-23.8125,54.25
2026-09-28T14:54:59.091383,0.01171875,0.21484375,-9.81640625,-0.001953125,-0.001953125,0.0,-25.6875,-24.9375,52.1875
2026-09-28T14:54:59.116622,0.046875,0.21484375,-9.7734375,0.001953125,-0.00390625,0.001953125,-25.6875,-24.9375,52.1875
2026-09-28T14:54:59.141525,0.01171875,0.21484375,-9.7734375,0.001953125,-0.00390625,0.001953125,-25.875,-24.1875,54.1875
2026-09-28T14:54:59.163522,0.01171875,0.21484375,-9.7734375,0.00390625,0.0,-0.00390625,-25.875,-24.1875,54.1875
2026-09-28T14:54:59.190171,0.01171875,0.21484375,-9.81640625,0.00390625,0.0,-0.00390625,-25.125,-23.375,54.625
2026-09-28T14:54:59.214863,0.046875,0.21484375,-9.81640625,0.0078125,0.00390625,0.001953125,-25.125,-23.375,54.625
2026-09-28T14:54:59.240555,0.046875,0.17578125,-9.77734375,0.0078125,0.00390625,0.001953125,-24.5625,-24.875,53.4375
2026-09-28T14:54:59.265860,0.01171875,0.21484375,-9.7734375,0.015625,0.0,0.015625,-24.5625,-24.875,53.4375
2026-09-28T14:54:59.295134,0.01171875,0.21484375,-9.7734375,0.015625,0.0,0.015625,-25.875,-25.625,54.875
2026-09-28T14:54:59.315928,0.01171875,0.21484375,-9.81640625,0.0,0.0,0.0,-25.875,-25.625,54.875
2026-09-28T14:54:59.341356,0.046875,0.17578125,-9.77734375,0.0,0.0,0.0,-26.4375,-25.0,52.125
2026-09-28T14:54:59.366426,0.046875,0.17578125,-9.8125,0.001953125,0.001953125,0.0,-26.4375,-25.0,52.125
2026-09-28T14:54:59.391863,0.046875,0.17578125,-9.77734375,0.001953125,0.001953125,0.0,-25.8125,-23.8125,54.5625
2026-09-28T14:54:59.413711,0.046875,0.17578125,-9.77734375,-0.01171875,-0.00390625,-0.01171875,-25.8125,-23.8125,54.5625
2026-09-28T14:54:59.439380,0.046875,0.21484375,-9.7734375,-0.01171875,-0.00390625,-0.01171875,-24.875,-23.8125,53.125
2026-09-28T14:54:59.464065,0.046875,0.21484375,-9.81640625,-0.005859375,0.0,-0.01171875,-24.875,-23.8125,53.125
2026-09-28T14:54:59.489887,0.01171875,0.21484375,-9.7734375,-0.005859375,0.0,-0.01171875,-24.875,-24.1875,53.8125
2026-09-28T14:54:59.514646,0.01171875,0.21484375,-9.7734375,-0.001953125,0.005859375,-0.001953125,-24.875,-24.1875,53.8125
2026-09-28T14:54:59.535502,0.046875,0.21484375,-9.81640625,-0.001953125,0.005859375,-0.001953125,-26.1875,-24.5625,55.25
2026-09-28T14:54:59.560903,0.046875,0.17578125,-9.8125,0.0078125,0.00390625,0.001953125,-26.1875,-24.5625,55.25
2026-09-28T14:54:59.586658,0.01171875,0.21484375,-9.81640625,0.0078125,0.00390625,0.001953125,-25.1875,-22.3125,53.5
2026-09-28T14:54:59.612569,0.01171875,0.17578125,-9.8125,0.005859375,-0.001953125,-0.001953125,-25.1875,-22.3125,53.5
2026-09-28T14:54:59.638084,0.01171875,0.17578125,-9.8125,0.005859375,-0.001953125,-0.001953125,-25.5625,-24.5625,53.75
2026-09-28T14:54:59.659685,0.01171875,0.17578125,-9.77734375,-0.001953125,-0.00390625,0.0,-25.5625,-24.5625,53.75
2026-09-28T14:54:59.684631,0.01171875,0.17578125,-9.8125,-0.001953125,-0.00390625,0.0,-25.3125,-24.9375,53.0
2026-09-28T14:54:59.710506,0.046875,0.17578125,-9.8125,-0.001953125,-0.001953125,0.0,-25.3125,-24.9375,53.0
2026-09-28T14:54:59.736410,0.046875,0.17578125,-9.77734375,-0.001953125,-0.001953125,0.0,-25.875,-24.875,54.125
2026-09-28T14:54:59.757560,0.046875,0.17578125,-9.77734375,-0.00390625,-0.00390625,0.001953125,-25.875,-24.875,54.125
2026-09-28T14:54:59.783572,0.046875,0.17578125,-9.77734375,-0.00390625,-0.00390625,0.001953125,-26.3125,-23.125,52.5625
2026-09-28T14:54:59.809196,0.046875,0.17578125,-9.77734375,0.005859375,-0.001953125,0.00390625,-26.3125,-23.125,52.5625
2026-09-28T14:54:59.833777,0.046875,0.17578125,-9.77734375,0.005859375,-0.001953125,0.00390625,-26.0625,-24.625,52.1875
2026-09-28T14:54:59.854385,0.046875,0.17578125,-9.77734375,-0.00390625,0.0,0.001953125,-26.0625,-24.625,52.1875
2026-09-28T14:54:59.880119,0.01171875,0.17578125,-9.8125,-0.00390625,0.0,0.001953125,-25.4375,-23.9375,51.125
2026-09-28T14:54:59.904547,0.046875,0.21484375,-9.81640625,-0.01171875,0.0,0.00390625,-25.4375,-23.9375,51.125
2026-09-28T14:54:59.930108,0.046875,0.21484375,-9.7734375,-0.01171875,0.0,0.00390625,-25.8125,-24.6875,50.6875
2026-09-28T14:54:59.954744,0.046875,0.21484375,-9.7734375,-0.015625,-0.00390625,0.0,-25.8125,-24.6875,50.6875
2026-09-28T14:54:59.975335,0.046875,0.21484375,-9.81640625,-0.015625,-0.00390625,0.0,-25.0625,-24.6875,51.125
2026-09-28T14:55:00.001612,0.046875,0.21484375,-9.81640625,0.0,-0.001953125,0.0,-25.0625,-24.6875,51.125
2026-09-28T14:55:00.027372,0.01171875,0.17578125,-9.77734375,0.0,-0.001953125,0.0,-24.625,-24.625,52.3125
2026-09-28T14:55:00.053327,0.046875,0.21484375,-9.81640625,-0.029296875,-0.005859375,0.02734375,-24.625,-24.625,52.3125
2026-09-28T14:55:00.078913,0.0859375,0.25390625,-9.77734375,-0.029296875,-0.005859375,0.02734375,-27.3125,-25.125,50.125
2026-09-28T14:55:00.094814,0.0859375,0.25390625,-9.77734375,-0.029296875,-0.005859375,0.02734375,-27.3125,-25.125,50.125
2026-09-28T14:55:00.123303,0.046875,0.25390625,-9.84375,-0.130859375,-0.029296875,-0.068359375,-26.8125,-25.75,52.4375
2026-09-28T14:55:00.143861,-0.02734375,0.25390625,-9.77734375,-0.130859375,-0.029296875,-0.068359375,-26.8125,-25.75,52.4375
2026-09-28T14:55:00.164453,-0.02734375,0.25390625,-9.77734375,-0.009765625,0.0078125,-0.0078125,-26.8125,-25.75,52.4375
2026-09-28T14:55:00.189877,-0.02734375,0.29296875,-9.77734375,-0.009765625,0.0078125,-0.0078125,-25.6875,-25.6875,52.5625
2026-09-28T14:55:00.214401,-0.02734375,0.29296875,-9.8125,0.005859375,-0.00390625,-0.00390625,-25.6875,-25.6875,52.5625
2026-09-28T14:55:00.238856,-0.02734375,0.29296875,-9.77734375,0.005859375,-0.00390625,-0.00390625,-25.25,-23.4375,53.0625
2026-09-28T14:55:00.259732,-0.02734375,0.29296875,-9.77734375,0.021484375,-0.00390625,0.0,-25.25,-23.4375,53.0625
2026-09-28T14:55:00.285946,-0.02734375,0.29296875,-9.77734375,0.021484375,-0.00390625,0.0,-27.0,-24.25,54.0625
2026-09-28T14:55:00.311400,0.01171875,0.29296875,-9.7734375,0.0234375,0.0,0.005859375,-27.0,-24.25,54.0625
2026-09-28T14:55:00.337524,0.01171875,0.25390625,-9.81640625,0.0234375,0.0,0.005859375,-25.3125,-26.375,54.125
2026-09-28T14:55:00.363090,0.01171875,0.25390625,-9.7734375,0.01953125,-0.005859375,0.0,-25.3125,-26.375,54.125
2026-09-28T14:55:00.383659,0.01171875,0.25390625,-9.7734375,0.01953125,-0.005859375,0.0,-24.125,-25.5625,54.25
2026-09-28T14:55:00.409238,0.01171875,0.25390625,-9.81640625,0.01953125,0.001953125,0.0,-24.125,-25.5625,54.25
2026-09-28T14:55:00.433815,0.01171875,0.25390625,-9.7734375,0.01953125,0.001953125,0.0,-25.625,-24.875,53.375
2026-09-28T14:55:00.458677,0.01171875,0.25390625,-9.81640625,0.005859375,0.0,0.0,-25.625,-24.875,53.375
2026-09-28T14:55:00.479548,0.01171875,0.25390625,-9.81640625,0.005859375,0.0,0.0,-25.0,-24.9375,52.25
2026-09-28T14:55:00.504028,0.01171875,0.25390625,-9.81640625,0.001953125,0.005859375,0.0,-25.0,-24.9375,52.25
2026-09-28T14:55:00.529663,0.046875,0.25390625,-9.7734375,0.001953125,0.005859375,0.0,-25.6875,-24.25,52.25
2026-09-28T14:55:00.555938,0.01171875,0.25390625,-9.81640625,-0.001953125,0.001953125,-0.001953125,-25.6875,-24.25,52.25
2026-09-28T14:55:00.581554,0.01171875,0.25390625,-9.81640625,-0.001953125,0.001953125,-0.001953125,-25.375,-25.3125,52.1875
2026-09-28T14:55:00.603376,0.01171875,0.25390625,-9.81640625,-0.001953125,0.0,0.00390625,-25.375,-25.3125,52.1875
2026-09-28T14:55:00.629027,0.01171875,0.25390625,-9.7734375,-0.001953125,0.0,0.00390625,-26.8125,-24.3125,51.3125
2026-09-28T14:55:00.653910,0.01171875,0.25390625,-9.7734375,0.0,0.005859375,0.0,-26.8125,-24.3125,51.3125
2026-09-28T14:55:00.679598,0.01171875,0.25390625,-9.81640625,0.0,0.005859375,0.0,-26.5,-24.375,50.625
2026-09-28T14:55:00.705181,0.01171875,0.25390625,-9.81640625,-0.00390625,0.0,0.0,-26.5,-24.375,50.625
2026-09-28T14:55:00.726781,0.01171875,0.25390625,-9.7734375,-0.00390625,0.0,0.0,-25.5,-25.0,51.0625
2026-09-28T14:55:00.753094,0.01171875,0.25390625,-9.7734375,0.00390625,0.0,0.0,-25.5,-25.0,51.0625
2026-09-28T14:55:00.778902,0.01171875,0.25390625,-9.7734375,0.00390625,0.0,0.0,-25.5,-24.3125,50.25
2026-09-28T14:55:00.794803,0.01171875,0.25390625,-9.7734375,0.00390625,0.0,0.0,-25.5,-24.3125,50.25
2026-09-28T14:55:00.823336,0.01171875,0.25390625,-9.81640625,0.0,0.0,0.0,-25.4375,-25.375,51.4375
2026-09-28T14:55:00.843895,0.01171875,0.25390625,-9.7734375,0.0,0.0,0.0,-25.4375,-25.375,51.4375
2026-09-28T14:55:00.872648,0.01171875,0.25390625,-9.81640625,0.00390625,-0.001953125,0.0,-25.375,-25.6875,53.0
2026-09-28T14:55:00.893974,0.01171875,0.25390625,-9.81640625,0.00390625,-0.001953125,0.0,-25.375,-25.6875,53.0
2026-09-28T14:55:00.914653,0.01171875,0.25390625,-9.81640625,-0.00390625,-0.001953125,-0.001953125,-25.375,-25.6875,53.0
2026-09-28T14:55:00.940005,0.01171875,0.25390625,-9.7734375,-0.00390625,-0.001953125,-0.001953125,-25.375,-24.9375,52.25
2026-09-28T14:55:00.965148,0.01171875,0.25390625,-9.81640625,0.0,0.0,0.0,-25.375,-24.9375,52.25
2026-09-28T14:55:00.989293,0.01171875,0.25390625,-9.7734375,0.0,0.0,0.0,-25.1875,-24.8125,54.5625
2026-09-28T14:55:01.010781,0.01171875,0.25390625,-9.7734375,-0.005859375,-0.00390625,0.001953125,-25.1875,-24.8125,54.5625
2026-09-28T14:55:01.036808,0.01171875,0.25390625,-9.7734375,-0.005859375,-0.00390625,0.001953125,-26.8125,-25.0,52.125
2026-09-28T14:55:01.063069,0.01171875,0.25390625,-9.81640625,0.005859375,-0.001953125,0.001953125,-26.8125,-25.0,52.125
2026-09-28T14:55:01.088658,0.01171875,0.25390625,-9.7734375,0.005859375,-0.001953125,0.001953125,-26.3125,-24.9375,53.3125
2026-09-28T14:55:01.112521,0.01171875,0.25390625,-9.7734375,0.0,-0.001953125,-0.001953125,-26.3125,-24.9375,53.3125
2026-09-28T14:55:01.133033,0.01171875,0.25390625,-9.81640625,0.0,-0.001953125,-0.001953125,-24.5,-24.8125,54.1875
2026-09-28T14:55:01.158666,0.01171875,0.25390625,-9.7734375,-0.001953125,-0.001953125,0.0,-24.5,-24.8125,54.1875
2026-09-28T14:55:01.183207,0.01171875,0.25390625,-9.7734375,-0.001953125,-0.001953125,0.0,-25.9375,-26.4375,54.0
2026-09-28T14:55:01.209175,0.01171875,0.25390625,-9.7734375,-0.00390625,0.0,0.0,-25.9375,-26.4375,54.0
2026-09-28T14:55:01.230566,0.01171875,0.25390625,-9.7734375,-0.00390625,0.0,0.0,-24.125,-24.125,53.5
2026-09-28T14:55:01.256690,0.01171875,0.25390625,-9.7734375,0.001953125,0.001953125,0.0,-24.125,-24.125,53.5
2026-09-28T14:55:01.282642,0.01171875,0.25390625,-9.81640625,0.001953125,0.001953125,0.0,-25.4375,-24.3125,51.0625
2026-09-28T14:55:01.308112,0.01171875,0.25390625,-9.81640625,0.00390625,0.0,-0.00390625,-25.4375,-24.3125,51.0625
2026-09-28T14:55:01.332602,0.01171875,0.25390625,-9.81640625,0.00390625,0.0,-0.00390625,-25.0625,-26.4375,52.1875
2026-09-28T14:55:01.353072,0.01171875,0.25390625,-9.7734375,0.0,0.005859375,0.001953125,-25.0625,-26.4375,52.1875
2026-09-28T14:55:01.378976,0.01171875,0.25390625,-9.81640625,0.0,0.005859375,0.001953125,-26.125,-24.6875,51.0
2026-09-28T14:55:01.403428,0.01171875,0.25390625,-9.7734375,0.0,0.001953125,0.0,-26.125,-24.6875,51.0
2026-09-28T14:55:01.428415,0.01171875,0.25390625,-9.81640625,0.0,0.001953125,0.0,-26.5,-24.6875,51.0
2026-09-28T14:55:01.444183,0.01171875,0.25390625,-9.81640625,0.0,0.001953125,0.0,-26.5,-24.6875,51.0
2026-09-28T14:55:01.472559,0.046875,0.25390625,-9.81640625,0.0,0.0,0.0,-25.0625,-24.25,51.125
2026-09-28T14:55:01.493079,0.01171875,0.25390625,-9.7734375,0.0,0.0,0.0,-25.0625,-24.25,51.125
2026-09-28T14:55:01.513555,0.01171875,0.25390625,-9.7734375,0.0,0.0,0.001953125,-25.0625,-24.25,51.125
2026-09-28T14:55:01.538890,0.01171875,0.25390625,-9.81640625,0.0,0.0,0.001953125,-26.8125,-26.125,52.4375
2026-09-28T14:55:01.563363,0.046875,0.25390625,-9.7734375,0.0,0.0,-0.001953125,-26.8125,-26.125,52.4375
2026-09-28T14:55:01.588817,0.01171875,0.25390625,-9.7734375,0.0,0.0,-0.001953125,-26.625,-24.1875,54.0625
2026-09-28T14:55:01.613951,0.01171875,0.25390625,-9.7734375,-0.00390625,0.001953125,-0.001953125,-26.625,-24.1875,54.0625
2026-09-28T14:55:01.635114,0.01171875,0.25390625,-9.7734375,-0.00390625,0.001953125,-0.001953125,-25.5625,-24.5625,53.75
2026-09-28T14:55:01.661272,0.01171875,0.25390625,-9.81640625,0.0,0.0,0.0,-25.5625,-24.5625,53.75
2026-09-28T14:55:01.687727,0.01171875,0.25390625,-9.81640625,0.0,0.0,0.0,-24.875,-23.4375,53.125
2026-09-28T14:55:01.712977,0.01171875,0.25390625,-9.7734375,-0.00390625,0.0,0.001953125,-24.875,-23.4375,53.125
2026-09-28T14:55:01.734222,0.01171875,0.25390625,-9.7734375,-0.00390625,0.0,0.001953125,-25.25,-24.5625,53.4375
2026-09-28T14:55:01.759502,0.01171875,0.25390625,-9.81640625,-0.001953125,0.0,0.0,-25.25,-24.5625,53.4375
2026-09-28T14:55:01.785139,0.01171875,0.25390625,-9.81640625,-0.001953125,0.0,0.0,-25.25,-24.5625,53.4375
2026-09-28T14:55:01.810473,0.01171875,0.25390625,-9.7734375,0.00390625,0.0,0.001953125,-25.25,-24.5625,53.4375
2026-09-28T14:55:01.835066,0.046875,0.25390625,-9.81640625,0.00390625,0.0,0.001953125,-25.5625,-25.625,54.5
2026-09-28T14:55:01.856123,0.046875,0.25390625,-9.81640625,0.001953125,-0.001953125,0.001953125,-25.5625,-25.625,54.5
2026-09-28T14:55:01.881983,0.046875,0.25390625,-9.81640625,0.001953125,-0.001953125,0.001953125,-24.8125,-24.125,54.1875
2026-09-28T14:55:01.907697,0.01171875,0.25390625,-9.81640625,-0.00390625,0.0,0.0,-24.8125,-24.125,54.1875
2026-09-28T14:55:01.932154,0.01171875,0.25390625,-9.81640625,-0.00390625,0.0,0.0,-24.625,-24.5625,52.6875
2026-09-28T14:55:01.952580,0.01171875,0.25390625,-9.81640625,0.001953125,0.0,0.0,-24.625,-24.5625,52.6875
2026-09-28T14:55:01.978044,0.01171875,0.25390625,-9.7734375,0.001953125,0.0,0.0,-26.25,-25.0625,49.8125
2026-09-28T14:55:02.002401,0.046875,0.21484375,-9.7734375,-0.001953125,-0.001953125,0.001953125,-26.25,-25.0625,49.8125
2026-09-28T14:55:02.028002,0.01171875,0.25390625,-9.81640625,-0.001953125,-0.001953125,0.001953125,-26.5,-26.125,51.75
2026-09-28T14:55:02.043750,0.01171875,0.25390625,-9.81640625,-0.001953125,-0.001953125,0.001953125,-26.5,-26.125,51.75
2026-09-28T14:55:02.072708,0.01171875,0.25390625,-9.81640625,0.0,-0.00390625,0.0,-26.4375,-25.0,52.125
2026-09-28T14:55:02.098558,0.01171875,0.25390625,-9.81640625,0.0,-0.00390625,0.0,-26.4375,-25.0,52.125
2026-09-28T14:55:02.122185,0.01171875,0.25390625,-9.81640625,0.0,-0.001953125,0.0,-26.0625,-25.3125,52.5
2026-09-28T14:55:02.139604,0.01171875,0.25390625,-9.81640625,0.0,-0.001953125,0.0,-26.0625,-25.3125,52.5
2026-09-28T14:55:02.164430,0.01171875,0.25390625,-9.81640625,0.0,0.00390625,0.013671875,-26.0625,-25.3125,52.5
2026-09-28T14:55:02.189684,0.01171875,0.25390625,-9.7734375,0.0,0.00390625,0.013671875,-26.6875,-23.875,53.3125
2026-09-28T14:55:02.214168,0.01171875,0.25390625,-9.7734375,0.0,-0.00390625,0.001953125,-26.6875,-23.875,53.3125
2026-09-28T14:55:02.234626,0.01171875,0.25390625,-9.7734375,0.0,-0.00390625,0.001953125,-25.25,-25.25,54.125
2026-09-28T14:55:02.260914,0.01171875,0.25390625,-9.81640625,-0.00390625,-0.001953125,0.0,-25.25,-25.25,54.125
2026-09-28T14:55:02.287768,0.01171875,0.25390625,-9.7734375,-0.00390625,-0.001953125,0.0,-25.3125,-25.3125,53.0
2026-09-28T14:55:02.312462,0.01171875,0.25390625,-9.81640625,0.0,-0.001953125,0.001953125,-25.3125,-25.3125,53.0
2026-09-28T14:55:02.337910,0.01171875,0.25390625,-9.81640625,0.0,-0.001953125,0.001953125,-26.625,-24.1875,54.5
2026-09-28T14:55:02.358479,0.01171875,0.25390625,-9.81640625,-0.0234375,-0.005859375,-0.056640625,-26.625,-24.1875,54.5
2026-09-28T14:55:02.382829,0.01171875,0.25390625,-9.7734375,-0.0234375,-0.005859375,-0.056640625,-26.0,-25.6875,53.3125
2026-09-28T14:55:02.408314,0.01171875,0.25390625,-9.7734375,0.009765625,0.00390625,0.0,-26.0,-25.6875,53.3125
2026-09-28T14:55:02.431930,0.01171875,0.25390625,-9.81640625,0.009765625,0.00390625,0.0,-25.3125,-23.8125,52.625
2026-09-28T14:55:02.451636,0.01171875,0.25390625,-9.81640625,0.001953125,0.00390625,0.03125,-25.3125,-23.8125,52.625
2026-09-28T14:55:02.477197,0.01171875,0.25390625,-9.7734375,0.001953125,0.00390625,0.03125,-26.6875,-24.25,52.9375
2026-09-28T14:55:02.501860,0.046875,0.25390625,-9.7734375,0.00390625,0.001953125,0.0078125,-26.6875,-24.25,52.9375
2026-09-28T14:55:02.527492,0.01171875,0.25390625,-9.81640625,0.00390625,0.001953125,0.0078125,-26.5625,-25.8125,50.9375
2026-09-28T14:55:02.552705,0.01171875,0.25390625,-9.81640625,-0.021484375,-0.001953125,-0.01171875,-26.5625,-25.8125,50.9375
2026-09-28T14:55:02.574578,0.01171875,0.29296875,-9.7734375,-0.021484375,-0.001953125,-0.01171875,-25.375,-24.25,51.875
2026-09-28T14:55:02.600703,0.01171875,0.29296875,-9.7734375,-0.12109375,-0.00390625,-0.04296875,-25.375,-24.25,51.875
2026-09-28T14:55:02.627099,0.01171875,0.33203125,-9.81640625,-0.12109375,-0.00390625,-0.04296875,-26.9375,-26.5625,51.25
2026-09-28T14:55:02.643282,0.01171875,0.33203125,-9.81640625,-0.12109375,-0.00390625,-0.04296875,-26.9375,-26.5625,51.25
2026-09-28T14:55:02.671960,-0.02734375,0.40625,-9.81640625,-0.2265625,-0.013671875,0.017578125,-25.1875,-26.5,51.0
2026-09-28T14:55:02.698145,-0.02734375,0.4453125,-9.84765625,-0.2265625,-0.013671875,0.017578125,-25.1875,-26.5,51.0
2026-09-28T14:55:02.722207,-0.06640625,0.59765625,-9.84375,-0.529296875,-0.1484375,0.0859375,-26.375,-28.0625,49.3125
2026-09-28T14:55:02.748102,-0.06640625,0.75,-9.84765625,-0.529296875,-0.1484375,0.0859375,-26.375,-28.0625,49.3125
2026-09-28T14:55:02.763817,-0.06640625,0.75,-9.84765625,-0.716796875,-0.251953125,0.060546875,-26.375,-28.0625,49.3125
2026-09-28T14:55:02.789728,-0.21875,1.01953125,-9.8828125,-0.716796875,-0.251953125,0.060546875,-25.5,-29.5625,47.8125
2026-09-28T14:55:02.819392,-0.41015625,1.36328125,-9.8828125,-1.419921875,-0.623046875,0.25,-23.75,-32.8125,48.5625
2026-09-28T14:55:02.841166,-0.48828125,1.74609375,-9.578125,-1.419921875,-0.623046875,0.25,-23.75,-32.8125,48.5625
2026-09-28T14:55:02.870356,-0.48828125,1.74609375,-9.578125,-1.013671875,-0.474609375,0.220703125,-23.25,-36.875,47.6875
2026-09-28T14:55:02.887660,-0.71875,2.12890625,-9.578125,-1.013671875,-0.474609375,0.220703125,-23.25,-36.875,47.6875
2026-09-28T14:55:02.912019,-0.83203125,2.55078125,-9.66015625,-1.208984375,-0.6953125,0.154296875,-23.25,-36.875,47.6875
2026-09-28T14:55:02.937405,-1.0234375,2.8984375,-9.4296875,-1.208984375,-0.6953125,0.154296875,-22.8125,-39.5,46.0625
2026-09-28T14:55:02.962111,-1.0234375,2.8984375,-9.4296875,-1.38671875,-0.712890625,0.048828125,-22.8125,-39.5,46.0625
2026-09-28T14:55:02.982934,-1.17578125,3.28125,-9.31640625,-1.38671875,-0.712890625,0.048828125,-20.125,-43.125,44.9375
2026-09-28T14:55:03.008906,-1.40625,3.546875,-9.05078125,-0.794921875,-0.3828125,-0.0546875,-20.125,-43.125,44.9375
2026-09-28T14:55:03.034878,-1.59765625,3.85546875,-9.15625,-0.794921875,-0.3828125,-0.0546875,-19.6875,-44.6875,42.625
2026-09-28T14:55:03.060840,-1.67578125,4.12109375,-8.9296875,-0.71875,0.01171875,-0.0859375,-19.6875,-44.6875,42.625
2026-09-28T14:55:03.081626,-1.67578125,4.12109375,-8.9296875,-0.71875,0.01171875,-0.0859375,-19.125,-46.5625,40.625
2026-09-28T14:55:03.107754,-1.71484375,4.27734375,-8.89453125,-0.92578125,-0.013671875,0.00390625,-19.125,-46.5625,40.625
2026-09-28T14:55:03.133664,-1.67578125,4.62109375,-8.734375,-0.92578125,-0.013671875,0.00390625,-18.3125,-49.25,38.625
2026-09-28T14:55:03.158871,-1.71484375,4.8515625,-8.5078125,-1.068359375,0.392578125,0.048828125,-18.3125,-49.25,38.625
2026-09-28T14:55:03.183621,-1.5234375,5.08203125,-8.546875,-1.068359375,0.392578125,0.048828125,-20.8125,-52.375,35.25
2026-09-28T14:55:03.203978,-1.5234375,5.08203125,-8.546875,-1.451171875,0.251953125,0.119140625,-20.8125,-52.375,35.25
2026-09-28T14:55:03.229857,-1.3671875,5.6171875,-8.46875,-1.451171875,0.251953125,0.119140625,-22.4375,-54.5,29.25
2026-09-28T14:55:03.256652,-1.3671875,5.921875,-8.16796875,-2.2734375,0.443359375,0.01171875,-22.4375,-54.5,29.25
2026-09-28T14:55:03.281720,-1.25390625,6.421875,-7.58984375,-2.2734375,0.443359375,0.01171875,-24.4375,-58.125,23.625
2026-09-28T14:55:03.307677,-1.140625,6.7265625,-7.20703125,-1.732421875,0.591796875,-0.0703125,-24.4375,-58.125,23.625
2026-09-28T14:55:03.330016,-1.140625,6.7265625,-7.20703125,-1.732421875,0.591796875,-0.0703125,-25.0625,-61.75,16.875
2026-09-28T14:55:03.355926,-1.0625,7.1484375,-6.9375,-1.400390625,0.525390625,-0.01171875,-25.0625,-61.75,16.875
2026-09-28T14:55:03.381332,-0.984375,7.53515625,-6.74609375,-1.400390625,0.525390625,-0.01171875,-23.6875,-62.25,11.5
2026-09-28T14:55:03.407043,-0.94921875,7.65234375,-6.40234375,-1.142578125,0.423828125,-0.013671875,-23.6875,-62.25,11.5
2026-09-28T14:55:03.431591,-0.94921875,7.65234375,-6.40234375,-1.142578125,0.423828125,-0.013671875,-26.25,-63.3125,7.0
2026-09-28T14:55:03.452658,-0.87109375,7.9140625,-6.09375,-0.958984375,0.560546875,0.181640625,-26.25,-63.3125,7.0
2026-09-28T14:55:03.479034,-0.6796875,8.18359375,-5.90234375,-0.958984375,0.560546875,0.181640625,-24.75,-63.375,3.25
2026-09-28T14:55:03.505372,-0.56640625,8.453125,-5.75,-1.013671875,0.24609375,0.00390625,-24.75,-63.375,3.25
2026-09-28T14:55:03.530456,-0.52734375,8.56640625,-5.3671875,-1.013671875,0.24609375,0.00390625,-27.5625,-63.6875,-1.25
2026-09-28T14:55:03.551334,-0.52734375,8.56640625,-5.3671875,-1.095703125,0.333984375,-0.07421875,-27.5625,-63.6875,-1.25
2026-09-28T14:55:03.577369,-0.48828125,8.80078125,-5.09765625,-1.095703125,0.333984375,-0.07421875,-26.9375,-65.25,-5.5
2026-09-28T14:55:03.603365,-0.41015625,9.0625,-4.83203125,-1.76953125,-0.03515625,-0.294921875,-26.9375,-65.25,-5.5
2026-09-28T14:55:03.629765,-0.56640625,8.8671875,-4.37109375,-1.76953125,-0.03515625,-0.294921875,-27.75,-66.25,-10.625
2026-09-28T14:55:03.655215,-0.6015625,9.1796875,-3.94921875,-0.734375,0.193359375,-0.037109375,-27.75,-66.25,-10.625
2026-09-28T14:55:03.676078,-0.6015625,9.1796875,-3.94921875,-0.734375,0.193359375,-0.037109375,-27.875,-64.1875,-13.625
2026-09-28T14:55:03.700913,-0.56640625,9.40625,-3.7578125,-0.759765625,0.154296875,-0.0859375,-27.875,-64.1875,-13.625
2026-09-28T14:55:03.722532,-0.6796875,9.44921875,-3.375,-0.759765625,0.154296875,-0.0859375,-25.5625,-66.0,-15.5
2026-09-28T14:55:03.739374,-0.6796875,9.44921875,-3.375,-0.759765625,0.154296875,-0.0859375,-25.5625,-66.0,-15.5
2026-09-28T14:55:03.768375,-0.6015625,9.671875,-3.18359375,-1.166015625,-0.16015625,-0.310546875,-25.3125,-65.3125,-17.4375
2026-09-28T14:55:03.790033,-0.83203125,9.328125,-3.0703125,-1.166015625,-0.16015625,-0.310546875,-25.3125,-65.3125,-17.4375
2026-09-28T14:55:03.820360,-0.79296875,9.64453125,-2.6484375,-0.439453125,0.2421875,0.02734375,-27.5625,-63.625,-19.0625
2026-09-28T14:55:03.841411,-0.71875,9.671875,-2.6484375,-0.439453125,0.2421875,0.02734375,-27.5625,-63.625,-19.0625
2026-09-28T14:55:03.862437,-0.71875,9.671875,-2.6484375,-0.435546875,0.1640625,0.095703125,-27.5625,-63.625,-19.0625
2026-09-28T14:55:03.888432,-0.640625,9.75390625,-2.41796875,-0.435546875,0.1640625,0.095703125,-27.8125,-64.875,-21.8125
2026-09-28T14:55:03.918188,-0.640625,9.7890625,-2.3046875,-0.57421875,0.205078125,-0.021484375,-27.125,-64.125,-22.125
2026-09-28T14:55:03.939999,-0.6796875,9.7890625,-2.07421875,-0.57421875,0.205078125,-0.021484375,-27.125,-64.125,-22.125
2026-09-28T14:55:03.970386,-0.640625,9.79296875,-1.99609375,-0.255859375,0.125,0.083984375,-24.3125,-63.375,-23.4375
2026-09-28T14:55:03.987799,-0.640625,9.79296875,-1.99609375,-0.255859375,0.125,0.083984375,-24.3125,-63.375,-23.4375
2026-09-28T14:55:04.012830,-0.44921875,9.9453125,-2.11328125,-0.302734375,0.1171875,-0.08984375,-24.3125,-63.375,-23.4375
2026-09-28T14:55:04.038183,-0.640625,9.75,-1.765625,-0.302734375,0.1171875,-0.08984375,-26.25,-62.75,-25.5
2026-09-28T14:55:04.063261,-0.56640625,9.79296875,-1.99609375,0.3203125,0.01953125,0.130859375,-26.25,-62.75,-25.5
2026-09-28T14:55:04.083678,-0.56640625,9.79296875,-1.99609375,0.3203125,0.01953125,0.130859375,-24.5,-62.5625,-21.875
2026-09-28T14:55:04.109677,-0.37109375,9.9453125,-2.3046875,-0.15625,0.03125,-0.181640625,-24.5,-62.5625,-21.875
2026-09-28T14:55:04.136086,-0.640625,9.71484375,-1.99609375,-0.15625,0.03125,-0.181640625,-26.4375,-63.0625,-23.625
2026-09-28T14:55:04.160900,-0.52734375,9.8671875,-2.1875,-0.0703125,0.115234375,-0.009765625,-26.4375,-63.0625,-23.625
2026-09-28T14:55:04.186410,-0.48828125,9.90625,-2.2265625,-0.0703125,0.115234375,-0.009765625,-26.0625,-62.625,-23.125
2026-09-28T14:55:04.207407,-0.48828125,9.90625,-2.2265625,-0.41796875,0.0703125,-0.119140625,-26.0625,-62.625,-23.125
2026-09-28T14:55:04.233957,-0.640625,9.79296875,-1.95703125,-0.41796875,0.0703125,-0.119140625,-23.6875,-63.375,-24.125
2026-09-28T14:55:04.259258,-0.6015625,9.8671875,-1.84375,-0.5859375,0.146484375,0.009765625,-23.6875,-63.375,-24.125
2026-09-28T14:55:04.285228,-0.52734375,9.90625,-1.65234375,-0.5859375,0.146484375,0.009765625,-24.8125,-62.6875,-25.8125
2026-09-28T14:55:04.309938,-0.6015625,9.91015625,-1.421875,-0.5859375,0.025390625,-0.107421875,-24.8125,-62.6875,-25.8125
2026-09-28T14:55:04.331013,-0.6015625,9.91015625,-1.421875,-0.5859375,0.025390625,-0.107421875,-24.5,-61.3125,-27.25
2026-09-28T14:55:04.356850,-0.640625,9.9453125,-1.15234375,-0.2890625,0.072265625,-0.123046875,-24.5,-61.3125,-27.25
2026-09-28T14:55:04.382914,-0.71875,9.90625,-1.0390625,-0.2890625,0.072265625,-0.123046875,-26.0625,-61.75,-28.5625
2026-09-28T14:55:04.409378,-0.71875,9.90625,-1.15234375,0.08984375,0.130859375,-0.037109375,-26.0625,-61.75,-28.5625
2026-09-28T14:55:04.436199,-0.79296875,9.79296875,-1.19140625,0.08984375,0.130859375,-0.037109375,-24.0,-62.0625,-29.125
2026-09-28T14:55:04.457166,-0.79296875,9.79296875,-1.19140625,0.259765625,0.07421875,0.439453125,-24.0,-62.0625,-29.125
2026-09-28T14:55:04.482983,-0.52734375,9.91015625,-1.421875,0.259765625,0.07421875,0.439453125,-24.1875,-60.5625,-28.0
2026-09-28T14:55:04.509404,-0.3359375,10.0234375,-1.4609375,-0.130859375,0.0546875,0.265625,-24.1875,-60.5625,-28.0
2026-09-28T14:55:04.536175,-0.296875,9.9453125,-1.26953125,-0.130859375,0.0546875,0.265625,-28.1875,-60.0,-29.0
2026-09-28T14:55:04.560458,-0.296875,9.9453125,-1.26953125,0.095703125,0.02734375,0.28125,-28.1875,-60.0,-29.0
2026-09-28T14:55:04.580875,-0.2578125,9.94921875,-1.30859375,0.095703125,0.02734375,0.28125,-25.375,-60.25,-28.8125
2026-09-28T14:55:04.606671,-0.14453125,9.984375,-1.3828125,-0.111328125,0.05078125,0.232421875,-25.375,-60.25,-28.8125
2026-09-28T14:55:04.631054,-0.10546875,9.90625,-1.19140625,-0.111328125,0.05078125,0.232421875,-27.125,-60.3125,-28.5625
2026-09-28T14:55:04.656079,0.0859375,10.05859375,-1.3828125,0.00390625,0.03515625,0.232421875,-27.125,-60.3125,-28.5625
2026-09-28T14:55:04.676772,0.0859375,10.05859375,-1.3828125,0.00390625,0.03515625,0.232421875,-27.5625,-60.6875,-29.375
2026-09-28T14:55:04.702589,0.046875,9.98828125,-1.30859375,-0.34765625,0.001953125,0.00390625,-27.5625,-60.6875,-29.375
2026-09-28T14:55:04.729254,0.046875,9.94921875,-1.19140625,-0.34765625,0.001953125,0.00390625,-27.75,-58.625,-32.4375
2026-09-28T14:55:04.755843,0.01171875,9.98828125,-1.0390625,-0.30859375,0.0,0.0,-27.75,-58.625,-32.4375
2026-09-28T14:55:04.780151,0.01171875,9.98828125,-0.9609375,-0.30859375,0.0,0.0,-27.3125,-58.9375,-31.625
2026-09-28T14:55:04.800598,0.01171875,9.98828125,-0.9609375,-0.21875,-0.001953125,0.0,-27.3125,-58.9375,-31.625
2026-09-28T14:55:04.825973,0.01171875,9.98828125,-0.80859375,-0.21875,-0.001953125,0.0,-28.875,-57.25,-34.0
2026-09-28T14:55:04.850327,0.01171875,9.9453125,-0.80859375,0.076171875,-0.001953125,0.001953125,-28.875,-57.25,-34.0
2026-09-28T14:55:04.875382,0.01171875,9.984375,-0.88671875,0.076171875,-0.001953125,0.001953125,-29.875,-58.75,-33.375
2026-09-28T14:55:04.891121,0.01171875,9.984375,-0.88671875,0.076171875,-0.001953125,0.001953125,-29.875,-58.75,-33.375
2026-09-28T14:55:04.919796,0.01171875,9.9453125,-0.9609375,-0.00390625,-0.00390625,-0.001953125,-30.3125,-58.4375,-33.8125
2026-09-28T14:55:04.940158,0.01171875,9.984375,-0.88671875,-0.00390625,-0.00390625,-0.001953125,-30.3125,-58.4375,-33.8125
2026-09-28T14:55:04.960572,0.01171875,9.984375,-0.88671875,-0.111328125,-0.00390625,0.0,-30.3125,-58.4375,-33.8125
2026-09-28T14:55:04.986314,0.01171875,9.984375,-0.88671875,-0.111328125,-0.00390625,0.0,-28.4375,-60.875,-32.1875
2026-09-28T14:55:05.010680,0.01171875,9.984375,-0.84765625,-0.1640625,0.00390625,-0.00390625,-28.4375,-60.875,-32.1875
2026-09-28T14:55:05.036315,0.01171875,9.98828125,-0.76953125,-0.1640625,0.00390625,-0.00390625,-30.125,-58.0,-31.875
2026-09-28T14:55:05.061793,0.01171875,9.98828125,-0.65625,-0.17578125,-0.001953125,0.00390625,-30.125,-58.0,-31.875
2026-09-28T14:55:05.082507,0.01171875,9.98828125,-0.65625,-0.17578125,-0.001953125,0.00390625,-29.625,-59.875,-33.0
2026-09-28T14:55:05.108892,0.01171875,9.98828125,-0.65625,-0.064453125,-0.00390625,0.001953125,-29.625,-59.875,-33.0
2026-09-28T14:55:05.135700,0.01171875,9.98828125,-0.578125,-0.064453125,-0.00390625,0.001953125,-28.375,-59.75,-31.375
2026-09-28T14:55:05.160060,0.01171875,9.98828125,-0.65625,0.046875,0.00390625,-0.001953125,-28.375,-59.75,-31.375
2026-09-28T14:55:05.180406,0.01171875,9.98828125,-0.65625,0.046875,0.00390625,-0.001953125,-28.0625,-58.375,-33.25
2026-09-28T14:55:05.205739,0.046875,9.984375,-0.6953125,-0.025390625,-0.001953125,0.0,-28.0625,-58.375,-33.25
2026-09-28T14:55:05.230094,0.01171875,9.984375,-0.6953125,-0.025390625,-0.001953125,0.0,-28.0625,-58.375,-33.25
2026-09-28T14:55:05.255604,0.01171875,9.98828125,-0.65625,-0.228515625,0.0,0.0,-28.0625,-58.375,-33.25
2026-09-28T14:55:05.279209,0.01171875,9.98828125,-0.65625,-0.228515625,0.0,0.0,-27.8125,-58.0,-33.9375
2026-09-28T14:55:05.300285,-0.02734375,9.98828125,-0.46484375,-0.0625,-0.001953125,0.0,-27.8125,-58.0,-33.9375
2026-09-28T14:55:05.325582,-0.02734375,9.98828125,-0.50390625,-0.0625,-0.001953125,0.0,-29.75,-57.375,-36.0625
2026-09-28T14:55:05.349877,-0.02734375,10.02734375,-0.50390625,-0.015625,-0.001953125,0.0,-29.75,-57.375,-36.0625
2026-09-28T14:55:05.375571,-0.02734375,9.98828125,-0.50390625,-0.015625,-0.001953125,0.0,-29.75,-58.125,-36.0625
2026-09-28T14:55:05.396324,-0.02734375,9.98828125,-0.50390625,-0.015625,-0.001953125,0.0,-29.75,-58.125,-36.0625
2026-09-28T14:55:05.419927,-0.02734375,9.98828125,-0.46484375,-0.044921875,-0.001953125,-0.001953125,-29.4375,-57.375,-36.75
2026-09-28T14:55:05.440260,-0.02734375,9.98828125,-0.46484375,-0.044921875,-0.001953125,-0.001953125,-29.4375,-57.375,-36.75
2026-09-28T14:55:05.461290,-0.02734375,9.98828125,-0.46484375,-0.02734375,-0.00390625,0.001953125,-29.4375,-57.375,-36.75
2026-09-28T14:55:05.487541,-0.06640625,9.984375,-0.50390625,-0.02734375,-0.00390625,0.001953125,-29.3125,-56.9375,-35.5625
2026-09-28T14:55:05.512524,-0.06640625,9.98828125,-0.42578125,-0.029296875,0.0,0.005859375,-29.3125,-56.9375,-35.5625
2026-09-28T14:55:05.538803,-0.06640625,9.98828125,-0.42578125,-0.029296875,0.0,0.005859375,-28.875,-58.0,-33.6875
2026-09-28T14:55:05.569092,-0.06640625,9.98828125,-0.42578125,0.01171875,-0.001953125,-0.001953125,-28.4375,-57.1875,-33.25
2026-09-28T14:55:05.586297,-0.06640625,9.98828125,-0.42578125,0.01171875,-0.001953125,-0.001953125,-28.4375,-57.1875,-33.25
2026-09-28T14:55:05.610474,-0.06640625,9.98828125,-0.42578125,0.109375,0.001953125,-0.001953125,-28.4375,-57.1875,-33.25
2026-09-28T14:55:05.635857,-0.06640625,9.98828125,-0.5390625,0.109375,0.001953125,-0.001953125,-29.1875,-59.0625,-32.9375
2026-09-28T14:55:05.660095,-0.06640625,9.98828125,-0.5390625,-0.00390625,0.001953125,0.0,-29.1875,-59.0625,-32.9375
2026-09-28T14:55:05.680340,-0.06640625,9.98828125,-0.5390625,-0.00390625,0.001953125,0.0,-27.375,-57.1875,-33.5
2026-09-28T14:55:05.705867,-0.02734375,9.98828125,-0.50390625,-0.037109375,0.0,0.0,-27.375,-57.1875,-33.5
2026-09-28T14:55:05.730063,-0.06640625,9.98828125,-0.42578125,-0.037109375,0.0,0.0,-27.875,-58.6875,-34.4375
2026-09-28T14:55:05.755120,-0.02734375,9.984375,-0.5390625,0.048828125,-0.00390625,-0.001953125,-27.875,-58.6875,-34.4375
2026-09-28T14:55:05.775599,-0.02734375,9.984375,-0.5390625,0.048828125,-0.00390625,-0.001953125,-29.0,-57.6875,-35.625
2026-09-28T14:55:05.799803,-0.06640625,10.02734375,-0.5390625,-0.01171875,0.001953125,-0.001953125,-29.0,-57.6875,-35.625
2026-09-28T14:55:05.825190,-0.02734375,9.98828125,-0.46484375,-0.01171875,0.001953125,-0.001953125,-28.5625,-57.3125,-35.125
2026-09-28T14:55:05.849522,-0.02734375,9.98828125,-0.50390625,0.001953125,0.001953125,0.00390625,-28.5625,-57.3125,-35.125
2026-09-28T14:55:05.870119,-0.02734375,9.98828125,-0.50390625,0.001953125,0.001953125,0.00390625,-28.25,-57.6875,-35.5625
2026-09-28T14:55:05.895781,-0.02734375,10.0234375,-0.5390625,0.001953125,0.001953125,0.00390625,-28.25,-57.6875,-35.5625
2026-09-28T14:55:05.919662,-0.02734375,9.98828125,-0.50390625,-0.001953125,0.0,0.0,-28.6875,-58.5,-36.0
2026-09-28T14:55:05.945708,-0.01953125,9.7734375,-0.5078125,-0.001953125,0.0,0.0,-28.6875,-58.5,-36.0
2026-09-28T14:55:05.961325,-0.01953125,9.7734375,-0.5078125,-0.001953125,0.001953125,0.001953125,-28.6875,-58.5,-36.0
2026-09-28T14:55:05.987179,-0.01953125,9.77734375,-0.47265625,-0.001953125,0.001953125,0.001953125,-29.0625,-58.5,-36.375
2026-09-28T14:55:06.011714,-0.01953125,9.7734375,-0.5078125,-0.025390625,0.001953125,0.0,-29.0625,-58.5,-36.375
2026-09-28T14:55:06.036160,-0.01953125,9.81640625,-0.5078125,-0.025390625,0.001953125,0.0,-28.9375,-59.5,-34.5
2026-09-28T14:55:06.057250,-0.01953125,9.81640625,-0.5078125,-0.015625,-0.001953125,0.0,-28.9375,-59.5,-34.5
2026-09-28T14:55:06.082731,-0.01953125,9.77734375,-0.47265625,-0.015625,-0.001953125,0.0,-28.125,-59.0625,-33.625
2026-09-28T14:55:06.107970,-0.01953125,9.7734375,-0.5078125,0.033203125,-0.001953125,0.0,-28.125,-59.0625,-33.625
2026-09-28T14:55:06.133056,-0.01953125,9.77734375,-0.546875,0.033203125,-0.001953125,0.0,-27.0,-57.5625,-33.125
2026-09-28T14:55:06.158249,-0.01953125,9.77734375,-0.546875,0.0078125,0.0,-0.001953125,-27.0,-57.5625,-33.125
2026-09-28T14:55:06.179175,-0.01953125,9.77734375,-0.47265625,0.0078125,0.0,-0.001953125,-29.125,-57.1875,-32.5
2026-09-28T14:55:06.204924,-0.01953125,9.77734375,-0.546875,-0.025390625,-0.001953125,-0.001953125,-29.125,-57.1875,-32.5
2026-09-28T14:55:06.229193,-0.01953125,9.7734375,-0.5078125,-0.025390625,-0.001953125,-0.001953125,-27.5625,-57.625,-35.5
2026-09-28T14:55:06.254424,-0.01953125,9.77734375,-0.47265625,-0.01953125,0.001953125,0.001953125,-27.5625,-57.625,-35.5
2026-09-28T14:55:06.275604,-0.01953125,9.77734375,-0.47265625,-0.01953125,0.001953125,0.001953125,-28.5,-58.375,-34.0
2026-09-28T14:55:06.301578,-0.01953125,9.77734375,-0.47265625,0.01171875,-0.001953125,-0.001953125,-28.5,-58.375,-34.0
2026-09-28T14:55:06.327791,-0.01953125,9.7734375,-0.5078125,0.01171875,-0.001953125,-0.001953125,-27.9375,-58.4375,-35.5
2026-09-28T14:55:06.354522,-0.01953125,9.7734375,-0.5078125,-0.005859375,-0.001953125,0.0,-27.9375,-58.4375,-35.5
2026-09-28T14:55:06.378902,-0.01953125,9.7734375,-0.5078125,-0.005859375,-0.001953125,0.0,-28.125,-58.0,-34.0
2026-09-28T14:55:06.399181,-0.01953125,9.7734375,-0.5078125,0.06640625,-0.001953125,0.0,-28.125,-58.0,-34.0
2026-09-28T14:55:06.424774,-0.01953125,9.77734375,-0.47265625,0.06640625,-0.001953125,0.0,-28.625,-59.125,-34.875
2026-09-28T14:55:06.449100,-0.01953125,9.77734375,-0.546875,0.09765625,-0.00390625,0.0,-28.625,-59.125,-34.875
2026-09-28T14:55:06.472871,-0.05859375,9.77734375,-0.546875,0.09765625,-0.00390625,0.0,-29.0,-58.4375,-35.25
2026-09-28T14:55:06.489002,-0.05859375,9.77734375,-0.546875,0.09765625,-0.00390625,0.0,-29.0,-58.4375,-35.25
2026-09-28T14:55:06.518563,-0.05859375,9.7734375,-0.625,-0.001953125,-0.001953125,0.0,-27.75,-57.5625,-33.1875
2026-09-28T14:55:06.539497,-0.05859375,9.7734375,-0.5859375,-0.001953125,-0.001953125,0.0,-27.75,-57.5625,-33.1875
2026-09-28T14:55:06.560542,-0.05859375,9.7734375,-0.5859375,-0.0078125,-0.00390625,0.0,-27.75,-57.5625,-33.1875
2026-09-28T14:55:06.586736,-0.01953125,9.7734375,-0.5859375,-0.0078125,-0.00390625,0.0,-28.625,-58.4375,-35.1875
2026-09-28T14:55:06.611316,-0.01953125,9.7734375,-0.5078125,-0.076171875,0.0,0.001953125,-28.625,-58.4375,-35.1875
2026-09-28T14:55:06.636477,-0.01953125,9.7734375,-0.5078125,-0.076171875,0.0,0.001953125,-28.875,-59.0625,-33.6875
2026-09-28T14:55:06.661105,-0.05859375,9.77734375,-0.47265625,-0.044921875,0.00390625,0.0,-28.875,-59.0625,-33.6875
2026-09-28T14:55:06.681370,-0.05859375,9.77734375,-0.47265625,-0.044921875,0.00390625,0.0,-30.625,-58.0625,-33.4375
2026-09-28T14:55:06.706517,-0.05859375,9.7734375,-0.5078125,-0.02734375,0.0,0.0,-30.625,-58.0625,-33.4375
2026-09-28T14:55:06.732304,-0.05859375,9.7734375,-0.5078125,-0.02734375,0.0,0.0,-28.875,-57.625,-34.0
2026-09-28T14:55:06.757453,-0.05859375,9.77734375,-0.47265625,-0.005859375,-0.00390625,0.00390625,-28.875,-57.625,-34.0
2026-09-28T14:55:06.778370,-0.05859375,9.77734375,-0.47265625,-0.005859375,-0.00390625,0.00390625,-30.125,-56.1875,-32.875
2026-09-28T14:55:06.804662,-0.05859375,9.77734375,-0.47265625,0.01171875,-0.00390625,0.001953125,-30.125,-56.1875,-32.875
2026-09-28T14:55:06.828804,-0.01953125,9.7734375,-0.5078125,0.01171875,-0.00390625,0.001953125,-28.1875,-58.375,-34.4375
2026-09-28T14:55:06.854468,-0.05859375,9.77734375,-0.47265625,0.001953125,0.0,0.0,-28.1875,-58.375,-34.4375
2026-09-28T14:55:06.879049,-0.05859375,9.77734375,-0.47265625,0.001953125,0.0,0.0,-29.25,-57.625,-34.0625
2026-09-28T14:55:06.900086,-0.01953125,9.77734375,-0.47265625,0.02734375,0.0,-0.001953125,-29.25,-57.625,-34.0625
2026-09-28T14:55:06.926277,-0.01953125,9.7734375,-0.5078125,0.02734375,0.0,-0.001953125,-29.0,-58.0625,-35.625
2026-09-28T14:55:06.951394,-0.01953125,9.7734375,-0.5078125,0.029296875,-0.001953125,0.0,-29.0,-58.0625,-35.625
2026-09-28T14:55:06.976265,-0.01953125,9.77734375,-0.546875,0.029296875,-0.001953125,0.0,-28.0625,-57.0,-37.0625
2026-09-28T14:55:06.998133,-0.01953125,9.77734375,-0.546875,-0.00390625,-0.001953125,-0.001953125,-28.0625,-57.0,-37.0625
2026-09-28T14:55:07.023812,-0.01953125,9.77734375,-0.47265625,-0.00390625,-0.001953125,-0.001953125,-27.9375,-58.4375,-35.125
2026-09-28T14:55:07.048421,-0.01953125,9.7734375,-0.5078125,0.08203125,0.0,0.0,-27.9375,-58.4375,-35.125
2026-09-28T14:55:07.073708,-0.01953125,9.77734375,-0.546875,0.08203125,0.0,0.0,-28.6875,-58.5,-36.375
2026-09-28T14:55:07.089366,-0.01953125,9.77734375,-0.546875,0.08203125,0.0,0.0,-28.6875,-58.5,-36.375
2026-09-28T14:55:07.118283,-0.01953125,9.77734375,-0.546875,0.103515625,-0.001953125,0.0,-28.5625,-59.125,-34.5
2026-09-28T14:55:07.138536,-0.01953125,9.7734375,-0.625,0.103515625,-0.001953125,0.0,-28.5625,-59.125,-34.5
2026-09-28T14:55:07.167935,-0.05859375,9.8125,-0.546875,0.00390625,-0.00390625,0.0,-29.875,-59.125,-33.0
2026-09-28T14:55:07.185530,-0.05859375,9.8125,-0.546875,0.00390625,-0.00390625,0.0,-29.875,-59.125,-33.0
2026-09-28T14:55:07.210602,-0.05859375,9.7734375,-0.625,0.06640625,0.0,0.0,-29.875,-59.125,-33.0
2026-09-28T14:55:07.236063,-0.05859375,9.734375,-0.6640625,0.06640625,0.0,0.0,-28.0625,-58.3125,-32.8125
2026-09-28T14:55:07.261227,-0.05859375,9.7734375,-0.6640625,0.005859375,0.001953125,0.0,-28.0625,-58.3125,-32.8125
2026-09-28T14:55:07.285810,-0.05859375,9.7734375,-0.6640625,0.005859375,0.001953125,0.0,-28.8125,-58.6875,-32.5
2026-09-28T14:55:07.307987,-0.05859375,9.7734375,-0.6640625,-0.12890625,-0.001953125,0.0,-28.8125,-58.6875,-32.5
2026-09-28T14:55:07.334179,-0.05859375,9.7734375,-0.5859375,-0.12890625,-0.001953125,0.0,-27.9375,-57.875,-31.25
2026-09-28T14:55:07.358364,-0.05859375,9.7734375,-0.5859375,-0.0859375,0.0,0.00390625,-27.9375,-57.875,-31.25
2026-09-28T14:55:07.383679,-0.05859375,9.77734375,-0.546875,-0.0859375,0.0,0.00390625,-28.0625,-57.5625,-32.8125
2026-09-28T14:55:07.404492,-0.05859375,9.77734375,-0.546875,-0.03515625,-0.001953125,0.0,-28.0625,-57.5625,-32.8125
2026-09-28T14:55:07.428998,-0.05859375,9.7734375,-0.5078125,-0.03515625,-0.001953125,0.0,-29.1875,-58.375,-32.875
2026-09-28T14:55:07.454602,-0.05859375,9.7734375,-0.5078125,0.0546875,0.0,0.001953125,-29.1875,-58.375,-32.875
2026-09-28T14:55:07.478717,-0.05859375,9.7734375,-0.5078125,0.0546875,0.0,0.001953125,-29.5625,-57.625,-33.3125
2026-09-28T14:55:07.498964,-0.05859375,9.7734375,-0.5078125,0.080078125,-0.00390625,0.00390625,-29.5625,-57.625,-33.3125
2026-09-28T14:55:07.524488,-0.05859375,9.7734375,-0.5859375,0.080078125,-0.00390625,0.00390625,-28.5625,-56.9375,-35.5625
2026-09-28T14:55:07.548721,-0.05859375,9.7734375,-0.625,0.0,-0.00390625,0.001953125,-28.5625,-56.9375,-35.5625
2026-09-28T14:55:07.575331,-0.05859375,9.7734375,-0.6640625,0.0,-0.00390625,0.001953125,-28.3125,-58.4375,-35.9375
2026-09-28T14:55:07.601608,-0.05859375,9.7734375,-0.5859375,-0.248046875,0.0,0.0,-28.3125,-58.4375,-35.9375
2026-09-28T14:55:07.623366,-0.05859375,9.7734375,-0.5859375,-0.248046875,0.0,0.0,-28.875,-58.0,-34.0625
2026-09-28T14:55:07.648063,-0.05859375,9.7734375,-0.43359375,-0.146484375,-0.00390625,0.001953125,-28.875,-58.0,-34.0625
2026-09-28T14:55:07.673814,-0.09765625,9.77734375,-0.39453125,-0.146484375,-0.00390625,0.001953125,-28.375,-57.375,-37.0625
2026-09-28T14:55:07.698232,-0.09765625,9.77734375,-0.39453125,0.0703125,0.001953125,-0.001953125,-28.375,-57.375,-37.0625
2026-09-28T14:55:07.718562,-0.09765625,9.77734375,-0.39453125,0.0703125,0.001953125,-0.001953125,-29.0,-56.25,-36.375
2026-09-28T14:55:07.744372,-0.05859375,9.77734375,-0.35546875,0.0703125,0.001953125,-0.001953125,-29.0,-56.25,-36.375
2026-09-28T14:55:07.768548,-0.01953125,9.7734375,-0.5078125,0.33984375,0.001953125,-0.001953125,-29.375,-58.0625,-35.3125
2026-09-28T14:55:07.788740,-0.05859375,9.734375,-0.73828125,0.33984375,0.001953125,-0.001953125,-29.375,-58.0625,-35.3125
2026-09-28T14:55:07.809585,-0.05859375,9.734375,-0.73828125,0.515625,-0.658203125,0.021484375,-29.375,-58.0625,-35.3125
2026-09-28T14:55:07.835312,-0.01953125,9.77734375,-0.69921875,0.515625,-0.658203125,0.021484375,-28.5,-59.8125,-32.9375
2026-09-28T14:55:07.859905,0.09375,9.734375,-1.12109375,0.427734375,-0.34375,0.0234375,-28.5,-59.8125,-32.9375
2026-09-28T14:55:07.884232,0.01953125,9.77734375,-1.19921875,0.427734375,-0.34375,0.0234375,-29.625,-58.3125,-30.25
2026-09-28T14:55:07.904618,0.01953125,9.77734375,-1.19921875,-0.28515625,-0.431640625,0.052734375,-29.625,-58.3125,-30.25
2026-09-28T14:55:07.930104,-0.171875,9.7734375,-1.046875,-0.28515625,-0.431640625,0.052734375,-30.8125,-59.4375,-30.4375
2026-09-28T14:55:07.955950,-0.05859375,9.7734375,-0.77734375,-0.09375,-0.53515625,0.03125,-30.8125,-59.4375,-30.4375
2026-09-28T14:55:07.981860,-0.05859375,9.7734375,-0.77734375,-0.09375,-0.53515625,0.03125,-31.4375,-58.6875,-30.375
2026-09-28T14:55:08.006993,-0.05859375,9.7734375,-0.77734375,-1.0,-0.041015625,0.0,-31.4375,-58.6875,-30.375
2026-09-28T14:55:08.027941,0.01953125,9.7734375,-0.77734375,-1.0,-0.041015625,0.0,-30.8125,-58.0,-31.125
2026-09-28T14:55:08.053548,-0.05859375,9.77734375,-0.31640625,-0.634765625,-0.46484375,0.0234375,-30.8125,-58.0,-31.125
2026-09-28T14:55:08.078365,0.1328125,9.734375,0.02734375,-0.634765625,-0.46484375,0.0234375,-32.3125,-56.25,-32.6875
2026-09-28T14:55:08.104055,-0.25,9.81640625,-0.2421875,0.26953125,-0.09765625,-0.01171875,-32.3125,-56.25,-32.6875
2026-09-28T14:55:08.126642,-0.25,9.81640625,-0.2421875,0.26953125,-0.09765625,-0.01171875,-32.875,-56.875,-30.4375
2026-09-28T14:55:08.153008,0.01953125,9.77734375,-0.35546875,0.01953125,-0.091796875,-0.00390625,-32.875,-56.875,-30.4375
2026-09-28T14:55:08.177584,-0.13671875,9.77734375,-0.39453125,0.01953125,-0.091796875,-0.00390625,-32.5,-56.875,-30.8125
2026-09-28T14:55:08.203054,0.32421875,9.73828125,-0.39453125,0.365234375,-0.916015625,-0.0234375,-32.5,-56.875,-30.8125
2026-09-28T14:55:08.227621,0.32421875,9.734375,-0.35546875,0.365234375,-0.916015625,-0.0234375,-32.6875,-55.75,-28.8125
2026-09-28T14:55:08.247818,0.32421875,9.734375,-0.35546875,0.072265625,-0.740234375,0.0234375,-32.6875,-55.75,-28.8125
2026-09-28T14:55:08.273337,-0.671875,9.8515625,-1.16015625,0.072265625,-0.740234375,0.0234375,-36.375,-58.75,-28.5
2026-09-28T14:55:08.297505,-0.05859375,9.77734375,-0.35546875,-0.263671875,-0.015625,0.0078125,-36.375,-58.75,-28.5
2026-09-28T14:55:08.323111,-0.01953125,9.7734375,-0.2421875,-0.263671875,-0.015625,0.0078125,-35.75,-58.125,-30.75
2026-09-28T14:55:08.338680,-0.01953125,9.7734375,-0.2421875,-0.263671875,-0.015625,0.0078125,-35.75,-58.125,-30.75
2026-09-28T14:55:08.367373,-0.05859375,9.734375,-0.125,0.916015625,-0.05078125,-0.001953125,-36.75,-56.875,-26.125
2026-09-28T14:55:08.387682,-0.05859375,9.77734375,-1.2734375,0.916015625,-0.05078125,-0.001953125,-36.75,-56.875,-26.125
2026-09-28T14:55:08.407899,-0.05859375,9.77734375,-1.2734375,0.59375,0.00390625,0.001953125,-36.75,-56.875,-26.125
2026-09-28T14:55:08.433200,-0.171875,9.96875,-1.6953125,0.59375,0.00390625,0.001953125,-35.5,-58.1875,-22.1875
2026-09-28T14:55:08.457404,0.0546875,9.5859375,-0.77734375,0.365234375,-0.228515625,0.0234375,-35.5,-58.1875,-22.1875
2026-09-28T14:55:08.483178,0.28515625,9.70703125,-1.0078125,0.365234375,-0.228515625,0.0234375,-33.5625,-59.875,-20.1875
2026-09-28T14:55:08.507039,0.28515625,9.70703125,-1.0078125,1.296875,-0.69921875,-1.0390625,-33.5625,-59.875,-20.1875
2026-09-28T14:55:08.527670,0.4375,10.2734375,-2.04296875,1.296875,-0.69921875,-1.0390625,-34.0,-61.875,-15.625
2026-09-28T14:55:08.553279,-1.3984375,9.66796875,-1.7734375,2.3359375,-1.798828125,-2.92578125,-34.0,-61.875,-15.625
2026-09-28T14:55:08.577542,-1.97265625,9.125,-2.9609375,2.3359375,-1.798828125,-2.92578125,-24.625,-64.25,-8.8125
2026-09-28T14:55:08.602168,-1.97265625,9.125,-2.9609375,-0.6796875,-0.28125,-0.80078125,-24.625,-64.25,-8.8125
2026-09-28T14:55:08.623072,-2.43359375,8.90234375,-3.53515625,-0.6796875,-0.28125,-0.80078125,-21.375,-65.375,-12.8125
2026-09-28T14:55:08.647237,-3.3515625,9.8125,-1.54296875,-2.55078125,0.033203125,-2.30859375,-21.375,-65.375,-12.8125
2026-09-28T14:55:08.665738,-3.3515625,9.8125,-1.54296875,-2.55078125,0.033203125,-2.30859375,-14.125,-66.3125,-23.5625
2026-09-28T14:55:08.687268,-3.66015625,9.5859375,-1.54296875,-2.55078125,0.033203125,-2.30859375,-14.125,-66.3125,-23.5625
2026-09-28T14:55:08.716326,-4.00390625,9.390625,-1.19921875,-0.6328125,-0.134765625,-1.380859375,-10.5625,-66.1875,-23.6875
2026-09-28T14:55:08.737248,-3.92578125,8.3984375,0.140625,-0.6328125,-0.134765625,-1.380859375,-10.5625,-66.1875,-23.6875
2026-09-28T14:55:08.766731,-4.3125,8.2421875,-0.77734375,0.3984375,-0.103515625,-0.068359375,-7.875,-65.625,-21.5
2026-09-28T14:55:08.783872,-4.3125,8.2421875,-0.77734375,0.3984375,-0.103515625,-0.068359375,-7.875,-65.625,-21.5
2026-09-28T14:55:08.807956,-4.6171875,8.8203125,-0.125,0.404296875,0.482421875,0.435546875,-7.875,-65.625,-21.5
2026-09-28T14:55:08.833495,-4.00390625,9.3125,-1.16015625,0.404296875,0.482421875,0.435546875,-10.3125,-64.875,-20.4375
2026-09-28T14:55:08.857650,-4.2734375,8.20703125,-1.12109375,0.765625,-0.353515625,-1.3828125,-10.3125,-64.875,-20.4375
2026-09-28T14:55:08.878615,-4.2734375,8.20703125,-1.12109375,0.765625,-0.353515625,-1.3828125,-8.6875,-65.5,-18.125
2026-09-28T14:55:08.904844,-4.88671875,8.015625,-0.1640625,-0.51171875,-1.095703125,-2.11328125,-8.6875,-65.5,-18.125
2026-09-28T14:55:08.931120,-5.7265625,8.3203125,-0.39453125,-0.51171875,-1.095703125,-2.11328125,-1.25,-66.3125,-17.9375
2026-09-28T14:55:08.957142,-6.33984375,7.48046875,-0.0859375,-0.30078125,0.400390625,-2.529296875,-1.25,-66.3125,-17.9375
2026-09-28T14:55:08.982787,-6.6484375,7.9765625,-0.77734375,-0.30078125,0.400390625,-2.529296875,7.0,-64.625,-18.75
2026-09-28T14:55:09.003234,-6.6484375,7.9765625,-0.77734375,-0.271484375,0.2109375,-2.02734375,7.0,-64.625,-18.75
2026-09-28T14:55:09.027359,-7.3359375,6.98046875,-0.81640625,-0.271484375,0.2109375,-2.02734375,14.9375,-61.75,-18.375
2026-09-28T14:55:09.052856,-7.68359375,6.59765625,-0.31640625,-0.599609375,-0.447265625,-1.7734375,14.9375,-61.75,-18.375
2026-09-28T14:55:09.077033,-8.2890625,5.9453125,0.06640625,-0.599609375,-0.447265625,-1.7734375,19.1875,-58.375,-21.0625
2026-09-28T14:55:09.097199,-8.2890625,5.9453125,0.06640625,-0.423828125,-0.65625,-2.07421875,19.1875,-58.375,-21.0625
2026-09-28T14:55:09.118569,-7.37890625,4.796875,0.06640625,-0.423828125,-0.65625,-2.07421875,26.6875,-54.8125,-22.25
2026-09-28T14:55:09.144319,-8.40625,4.375,0.296875,-0.400390625,-0.0859375,-2.017578125,26.6875,-54.8125,-22.25
2026-09-28T14:55:09.167706,-8.40625,4.375,0.296875,-0.400390625,-0.0859375,-2.017578125,31.3125,-51.4375,-23.375
2026-09-28T14:55:09.184786,-8.98828125,4.4140625,0.2578125,-0.400390625,-0.0859375,-2.017578125,31.3125,-51.4375,-23.375
2026-09-28T14:55:09.214214,-8.37109375,3.7265625,0.10546875,-0.310546875,-0.21484375,-1.146484375,34.6875,-49.4375,-22.25
2026-09-28T14:55:09.236534,-9.09375,3.49609375,0.2578125,-0.310546875,-0.21484375,-1.146484375,34.6875,-49.4375,-22.25
2026-09-28T14:55:09.263873,-9.48046875,3.15234375,0.1796875,0.126953125,-0.107421875,-1.341796875,39.125,-44.125,-23.25
2026-09-28T14:55:09.281926,-9.48046875,3.15234375,0.1796875,0.126953125,-0.107421875,-1.341796875,39.125,-44.125,-23.25
2026-09-28T14:55:09.306959,-9.8671875,2.99609375,0.2578125,0.255859375,-0.193359375,-0.478515625,39.125,-44.125,-23.25
2026-09-28T14:55:09.333103,-9.4765625,2.65234375,0.37109375,0.255859375,-0.193359375,-0.478515625,42.125,-45.0,-20.6875
2026-09-28T14:55:09.358397,-9.2890625,2.30859375,0.48828125,0.470703125,-0.349609375,-0.34765625,42.125,-45.0,-20.6875
2026-09-28T14:55:09.379577,-9.2890625,2.30859375,0.48828125,0.470703125,-0.349609375,-0.34765625,40.6875,-43.25,-21.125
2026-09-28T14:55:09.405277,-9.48046875,2.3828125,0.640625,0.384765625,0.177734375,-0.248046875,40.6875,-43.25,-21.125
2026-09-28T14:55:09.431004,-9.29296875,2.19140625,0.48828125,0.384765625,0.177734375,-0.248046875,42.3125,-43.5,-19.4375
2026-09-28T14:55:09.456720,-9.67578125,2.34765625,0.296875,0.3359375,0.51953125,-0.41015625,42.3125,-43.5,-19.4375
2026-09-28T14:55:09.481970,-9.2890625,2.0,0.21875,0.3359375,0.51953125,-0.41015625,44.9375,-42.9375,-17.3125
2026-09-28T14:55:09.502416,-9.2890625,2.0,0.21875,0.205078125,0.994140625,0.0546875,44.9375,-42.9375,-17.3125
2026-09-28T14:55:09.526602,-9.55859375,1.92578125,-0.5078125,0.205078125,0.994140625,0.0546875,45.375,-44.3125,-15.8125
2026-09-28T14:55:09.552037,-9.2109375,1.84765625,-0.81640625,-0.05859375,0.28515625,-0.193359375,45.375,-44.3125,-15.8125
2026-09-28T14:55:09.576609,-8.984375,1.84765625,-0.546875,-0.05859375,0.28515625,-0.193359375,47.9375,-43.5625,-15.9375
2026-09-28T14:55:09.596715,-8.984375,1.84765625,-0.546875,-0.10546875,0.171875,-0.056640625,47.9375,-43.5625,-15.9375
2026-09-28T14:55:09.621863,-10.44140625,2.19140625,-0.203125,-0.10546875,0.171875,-0.056640625,46.4375,-44.3125,-16.125
2026-09-28T14:55:09.646686,-9.6328125,2.15625,-0.1640625,-0.173828125,0.173828125,-0.07421875,46.4375,-44.3125,-16.125
2026-09-28T14:55:09.665017,-9.6328125,2.15625,-0.1640625,-0.173828125,0.173828125,-0.07421875,47.125,-43.625,-16.8125
2026-09-28T14:55:09.686188,-9.09765625,2.0390625,-0.31640625,-0.173828125,0.173828125,-0.07421875,47.125,-43.625,-16.8125
2026-09-28T14:55:09.715676,-9.90234375,2.23046875,-1.2734375,-0.09375,0.423828125,-0.015625,48.125,-42.3125,-14.0
2026-09-28T14:55:09.736773,-8.71484375,1.96484375,-1.23828125,-0.09375,0.423828125,-0.015625,48.125,-42.3125,-14.0
2026-09-28T14:55:09.757205,-8.71484375,1.96484375,-1.23828125,0.0859375,-0.357421875,0.12890625,48.125,-42.3125,-14.0
2026-09-28T14:55:09.782815,-9.2109375,1.84765625,-0.81640625,0.0859375,-0.357421875,0.12890625,48.375,-42.75,-14.75
2026-09-28T14:55:09.806872,-9.828125,1.84765625,-0.546875,0.33203125,-0.9296875,-0.96875,48.375,-42.75,-14.75
2026-09-28T14:55:09.832193,-10.1328125,1.96484375,-0.35546875,0.33203125,-0.9296875,-0.96875,47.875,-40.4375,-12.75
2026-09-28T14:55:09.856944,-10.1328125,1.96484375,-0.35546875,0.4296875,-0.466796875,-0.91015625,47.875,-40.4375,-12.75
2026-09-28T14:55:09.877118,-9.6328125,1.42578125,-0.05078125,0.4296875,-0.466796875,-0.91015625,50.625,-39.3125,-14.4375
2026-09-28T14:55:09.902261,-9.75390625,0.96875,-0.2421875,0.044921875,-0.625,-0.59375,50.625,-39.3125,-14.4375
2026-09-28T14:55:09.926231,-9.67578125,0.8125,0.1796875,0.044921875,-0.625,-0.59375,52.375,-36.75,-16.5
2026-09-28T14:55:09.951700,-9.71484375,0.62109375,0.48828125,0.04296875,-0.19921875,-0.630859375,52.375,-36.75,-16.5
2026-09-28T14:55:09.972453,-9.71484375,0.62109375,0.48828125,0.04296875,-0.19921875,-0.630859375,52.625,-36.8125,-18.0
2026-09-28T14:55:09.996815,-9.7109375,0.35546875,0.2578125,-0.111328125,-0.072265625,-0.68359375,52.625,-36.8125,-18.0
2026-09-28T14:55:10.015542,-9.7109375,0.35546875,0.2578125,-0.111328125,-0.072265625,-0.68359375,53.3125,-34.625,-19.4375
2026-09-28T14:55:10.036622,-9.75,0.31640625,0.48828125,-0.111328125,-0.072265625,-0.68359375,53.3125,-34.625,-19.4375
2026-09-28T14:55:10.065946,-9.8671875,-0.06640625,0.41015625,0.025390625,0.330078125,-0.06640625,52.75,-33.125,-17.875
2026-09-28T14:55:10.086357,-9.71484375,0.0859375,0.21875,0.025390625,0.330078125,-0.06640625,52.75,-33.125,-17.875
2026-09-28T14:55:10.115485,-9.71484375,0.125,-0.0859375,0.02734375,0.185546875,0.013671875,55.0,-32.5625,-16.5
2026-09-28T14:55:10.132235,-9.71484375,0.125,-0.0859375,0.02734375,0.185546875,0.013671875,55.0,-32.5625,-16.5
2026-09-28T14:55:10.156698,-9.7109375,0.1640625,0.06640625,0.046875,-0.22265625,0.001953125,55.0,-32.5625,-16.5
2026-09-28T14:55:10.182447,-9.67578125,0.125,0.44921875,0.046875,-0.22265625,0.001953125,53.6875,-33.0,-15.5
2026-09-28T14:55:10.206520,-9.67578125,0.125,0.140625,0.01953125,0.310546875,0.0,53.6875,-33.0,-15.5
2026-09-28T14:55:10.226624,-9.67578125,0.125,0.140625,0.01953125,0.310546875,0.0,54.4375,-34.0,-13.9375
2026-09-28T14:55:10.251905,-9.7109375,0.1640625,-0.01171875,0.015625,0.353515625,-0.00390625,54.4375,-34.0,-13.9375
2026-09-28T14:55:10.276026,-9.671875,0.1640625,-0.125,0.015625,0.353515625,-0.00390625,56.5,-34.3125,-14.5625
2026-09-28T14:55:10.301895,-9.71484375,0.125,-0.2421875,0.0703125,0.220703125,-0.013671875,56.5,-34.3125,-14.5625
2026-09-28T14:55:10.326514,-9.71484375,0.125,-0.2421875,0.0703125,0.220703125,-0.013671875,55.25,-32.4375,-13.4375
2026-09-28T14:55:10.347516,-9.71484375,0.125,-0.2421875,0.154296875,0.134765625,-0.013671875,55.25,-32.4375,-13.4375
2026-09-28T14:55:10.373611,-9.671875,0.125,-0.125,0.154296875,0.134765625,-0.013671875,54.6875,-33.3125,-15.375
2026-09-28T14:55:10.398666,-9.71484375,0.125,-0.43359375,0.306640625,0.130859375,-0.01171875,54.6875,-33.3125,-15.375
2026-09-28T14:55:10.422286,-9.671875,0.125,-0.28125,0.306640625,0.130859375,-0.01171875,55.875,-34.3125,-13.8125
2026-09-28T14:55:10.442675,-9.671875,0.125,-0.28125,0.306640625,0.130859375,-0.01171875,55.875,-34.3125,-13.8125
2026-09-28T14:55:10.466001,-9.7109375,0.0859375,-0.47265625,0.078125,0.388671875,-0.001953125,54.875,-33.9375,-12.6875
2026-09-28T14:55:10.486037,-9.7109375,0.125,-0.69921875,0.078125,0.388671875,-0.001953125,54.875,-33.9375,-12.6875
2026-09-28T14:55:10.506144,-9.7109375,0.125,-0.69921875,0.154296875,0.146484375,-0.005859375,54.875,-33.9375,-12.6875
2026-09-28T14:55:10.531663,-9.7109375,0.0859375,-0.546875,0.154296875,0.146484375,-0.005859375,56.125,-34.125,-10.75
2026-09-28T14:55:10.555854,-9.67578125,0.0859375,-0.81640625,0.052734375,-0.013671875,0.013671875,56.125,-34.125,-10.75
2026-09-28T14:55:10.581409,-9.7109375,0.125,-0.546875,0.052734375,-0.013671875,0.013671875,55.875,-33.8125,-9.9375
2026-09-28T14:55:10.602097,-9.7109375,0.125,-0.546875,-0.001953125,0.1640625,-0.001953125,55.875,-33.8125,-9.9375
2026-09-28T14:55:10.626163,-9.671875,0.0859375,-0.6640625,-0.001953125,0.1640625,-0.001953125,55.0625,-33.125,-10.75
2026-09-28T14:55:10.651660,-9.7109375,0.0859375,-0.81640625,0.0,-0.017578125,0.0,55.0625,-33.125,-10.75
2026-09-28T14:55:10.675732,-9.671875,0.125,-0.625,0.0,-0.017578125,0.0,56.125,-33.5,-11.0625
2026-09-28T14:55:10.696151,-9.671875,0.125,-0.625,0.0078125,0.1328125,0.00390625,56.125,-33.5,-11.0625
2026-09-28T14:55:10.721578,-9.7109375,0.0859375,-0.81640625,0.0078125,0.1328125,0.00390625,57.1875,-32.6875,-11.3125
2026-09-28T14:55:10.745968,-9.67578125,0.125,-0.81640625,0.005859375,0.01953125,0.00390625,57.1875,-32.6875,-11.3125
2026-09-28T14:55:10.771535,-9.7109375,0.125,-0.81640625,0.005859375,0.01953125,0.00390625,55.3125,-35.375,-11.5625
2026-09-28T14:55:10.796658,-9.7109375,0.125,-0.81640625,0.005859375,0.01953125,0.00390625,55.3125,-35.375,-11.5625
2026-09-28T14:55:10.817149,-9.67578125,0.125,-0.85546875,0.0,-0.080078125,0.001953125,55.75,-32.375,-12.25
2026-09-28T14:55:10.843162,-9.7109375,0.125,-0.69921875,-0.001953125,0.021484375,0.001953125,55.75,-32.375,-12.25
2026-09-28T14:55:10.868197,-9.71484375,0.125,-0.77734375,-0.001953125,0.021484375,0.001953125,56.0625,-34.1875,-11.125
2026-09-28T14:55:10.884927,-9.71484375,0.125,-0.77734375,-0.001953125,0.021484375,0.001953125,56.0625,-34.1875,-11.125
2026-09-28T14:55:10.915061,-9.7109375,0.125,-0.85546875,-0.001953125,-0.119140625,-0.001953125,55.0625,-34.5625,-10.0
2026-09-28T14:55:10.936184,-9.671875,0.125,-0.73828125,-0.001953125,-0.119140625,-0.001953125,55.0625,-34.5625,-10.0
2026-09-28T14:55:10.965851,-9.7109375,0.125,-0.69921875,0.0,-0.06640625,-0.001953125,56.4375,-34.5625,-11.0625
2026-09-28T14:55:10.986126,-9.71484375,0.125,-0.6640625,0.0,-0.06640625,-0.001953125,56.4375,-34.5625,-11.0625
2026-09-28T14:55:11.006223,-9.71484375,0.125,-0.6640625,-0.00390625,-0.052734375,0.001953125,56.4375,-34.5625,-11.0625
2026-09-28T14:55:11.031334,-9.71484375,0.125,-0.625,-0.00390625,-0.052734375,0.001953125,56.0625,-34.1875,-11.5
2026-09-28T14:55:11.055505,-9.71484375,0.125,-0.625,0.001953125,0.0078125,0.0,56.0625,-34.1875,-11.5
2026-09-28T14:55:11.080989,-9.71484375,0.125,-0.6640625,0.001953125,0.0078125,0.0,55.875,-33.4375,-9.5625
2026-09-28T14:55:11.101679,-9.71484375,0.125,-0.6640625,0.001953125,0.10546875,0.0,55.875,-33.4375,-9.5625
2026-09-28T14:55:11.125673,-9.71484375,0.125,-0.5859375,0.001953125,0.10546875,0.0,54.8125,-34.5,-8.875
2026-09-28T14:55:11.151300,-9.7109375,0.125,-0.81640625,0.001953125,0.076171875,0.00390625,54.8125,-34.5,-8.875
2026-09-28T14:55:11.175412,-9.7109375,0.0859375,-0.81640625,0.001953125,0.076171875,0.00390625,55.5,-34.125,-9.625
2026-09-28T14:55:11.195882,-9.7109375,0.0859375,-0.81640625,0.001953125,-0.03125,0.0078125,55.5,-34.125,-9.625
2026-09-28T14:55:11.221676,-9.71484375,0.125,-0.625,0.001953125,-0.03125,0.0078125,55.75,-33.875,-11.5
2026-09-28T14:55:11.246068,-9.7109375,0.125,-0.81640625,0.001953125,-0.03125,0.0,55.75,-33.875,-11.5
2026-09-28T14:55:11.271176,-9.71484375,0.125,-0.77734375,0.001953125,-0.03125,0.0,55.375,-34.5625,-11.1875
2026-09-28T14:55:11.291947,-9.71484375,0.125,-0.77734375,0.001953125,-0.03125,0.0,55.375,-34.5625,-11.1875
2026-09-28T14:55:11.315641,-9.71484375,0.125,-0.5859375,0.00390625,0.126953125,0.0,56.8125,-33.8125,-11.375
2026-09-28T14:55:11.336051,-9.67578125,0.125,-0.9296875,0.00390625,0.126953125,0.0,56.8125,-33.8125,-11.375
2026-09-28T14:55:11.365547,-9.7109375,0.125,-0.9296875,0.005859375,-0.01171875,-0.001953125,57.6875,-33.375,-9.75
2026-09-28T14:55:11.382900,-9.7109375,0.125,-0.9296875,0.005859375,-0.01171875,-0.001953125,57.6875,-33.375,-9.75
2026-09-28T14:55:11.407343,-9.67578125,0.125,-0.69921875,0.0,0.171875,0.001953125,57.6875,-33.375,-9.75
2026-09-28T14:55:11.433011,-9.67578125,0.125,-0.85546875,0.0,0.171875,0.001953125,56.6875,-34.4375,-8.0
2026-09-28T14:55:11.456847,-9.67578125,0.125,-0.85546875,0.001953125,0.31640625,0.00390625,56.6875,-34.4375,-8.0
2026-09-28T14:55:11.477477,-9.67578125,0.125,-0.85546875,0.001953125,0.31640625,0.00390625,58.5625,-33.25,-7.0
2026-09-28T14:55:11.503049,-9.671875,0.125,-0.96875,0.0,0.79296875,0.005859375,58.5625,-33.25,-7.0
2026-09-28T14:55:11.528715,-9.671875,0.125,-1.54296875,0.0,0.79296875,0.005859375,57.6875,-32.8125,-5.125
2026-09-28T14:55:11.553954,-9.67578125,0.125,-1.7734375,-0.005859375,-0.099609375,0.0,57.6875,-32.8125,-5.125
2026-09-28T14:55:11.579285,-9.67578125,0.125,-1.7734375,-0.005859375,-0.099609375,0.0,58.25,-33.25,-6.6875
2026-09-28T14:55:11.600830,-9.67578125,0.125,-1.4296875,-0.001953125,-0.421875,-0.005859375,58.25,-33.25,-6.6875
2026-09-28T14:55:11.625920,-9.6328125,0.125,-1.046875,-0.001953125,-0.421875,-0.005859375,55.6875,-32.625,-8.0
2026-09-28T14:55:11.651673,-9.671875,0.125,-1.16015625,0.001953125,-0.1953125,-0.00390625,55.6875,-32.625,-8.0
2026-09-28T14:55:11.677827,-9.671875,0.125,-1.23828125,0.001953125,-0.1953125,-0.00390625,57.5,-33.625,-7.125
2026-09-28T14:55:11.698548,-9.671875,0.125,-1.23828125,0.013671875,-0.580078125,0.0,57.5,-33.625,-7.125
2026-09-28T14:55:11.724201,-9.671875,0.125,-0.96875,0.013671875,-0.580078125,0.0,55.8125,-33.0625,-10.6875
2026-09-28T14:55:11.750366,-9.71484375,0.0859375,-0.77734375,-0.015625,-0.57421875,0.01953125,55.8125,-33.0625,-10.6875
2026-09-28T14:55:11.774915,-9.83203125,-0.02734375,-0.6640625,-0.015625,-0.57421875,0.01953125,56.4375,-33.125,-11.4375
2026-09-28T14:55:11.800324,-9.79296875,0.0859375,-0.1640625,0.498046875,-1.1796875,0.33203125,56.4375,-33.125,-11.4375
2026-09-28T14:55:11.821107,-9.79296875,0.0859375,-0.1640625,0.498046875,-1.1796875,0.33203125,53.4375,-35.125,-12.875
2026-09-28T14:55:11.845103,-9.8671875,0.27734375,0.06640625,0.119140625,-0.93359375,0.759765625,53.4375,-35.125,-12.875
2026-09-28T14:55:11.863471,-9.8671875,0.27734375,0.06640625,0.119140625,-0.93359375,0.759765625,50.6875,-38.0625,-19.4375
2026-09-28T14:55:11.884871,-9.671875,0.69921875,0.984375,0.119140625,-0.93359375,0.759765625,50.6875,-38.0625,-19.4375
2026-09-28T14:55:11.914000,-9.63671875,0.8125,0.5625,0.8984375,-0.6484375,0.173828125,49.375,-39.875,-16.875
2026-09-28T14:55:11.934712,-9.83203125,1.2734375,1.328125,0.8984375,-0.6484375,0.173828125,49.375,-39.875,-16.875
2026-09-28T14:55:11.963985,-9.6328125,0.69921875,0.37109375,-1.1171875,-1.107421875,0.734375,47.8125,-39.25,-18.9375
2026-09-28T14:55:11.981059,-9.6328125,0.69921875,0.37109375,-1.1171875,-1.107421875,0.734375,47.8125,-39.25,-18.9375
2026-09-28T14:55:12.004420,-9.671875,0.77734375,1.25390625,0.486328125,-0.4765625,0.138671875,47.8125,-39.25,-18.9375
2026-09-28T14:55:12.030582,-9.75390625,0.890625,1.51953125,0.486328125,-0.4765625,0.138671875,46.0,-41.125,-19.125
2026-09-28T14:55:12.054645,-9.37109375,1.7734375,1.51953125,0.390625,0.08984375,0.25,46.0,-41.125,-19.125
2026-09-28T14:55:12.075417,-9.37109375,1.7734375,1.51953125,0.390625,0.08984375,0.25,46.25,-42.625,-19.5625
2026-09-28T14:55:12.100622,-9.87109375,0.890625,1.3671875,0.423828125,0.1171875,1.080078125,46.25,-42.625,-19.5625
2026-09-28T14:55:12.125012,-9.40625,1.88671875,1.3671875,0.423828125,0.1171875,1.080078125,43.6875,-44.9375,-19.4375
2026-09-28T14:55:12.150518,-9.40625,1.92578125,1.13671875,-0.35546875,-0.267578125,0.3359375,43.6875,-44.9375,-19.4375
2026-09-28T14:55:12.175126,-9.40625,1.92578125,1.13671875,-0.35546875,-0.267578125,0.3359375,42.75,-45.0625,-21.875
2026-09-28T14:55:12.196875,-9.44921875,2.0390625,1.4453125,0.005859375,-0.55859375,0.296875,42.75,-45.0625,-21.875
2026-09-28T14:55:12.220922,-9.4765625,1.96484375,1.90234375,0.005859375,-0.55859375,0.296875,41.4375,-44.5,-25.0625
2026-09-28T14:55:12.245361,-9.2109375,2.23046875,2.05859375,0.73046875,-0.623046875,-0.0390625,41.4375,-44.5,-25.0625
2026-09-28T14:55:12.270941,-9.25,2.19140625,1.75,0.73046875,-0.623046875,-0.0390625,38.75,-46.125,-26.5
2026-09-28T14:55:12.293190,-9.25,2.19140625,1.75,0.451171875,-1.478515625,-0.201171875,38.75,-46.125,-26.5
2026-09-28T14:55:12.318396,-9.21484375,2.19140625,1.94140625,0.451171875,-1.478515625,-0.201171875,37.5,-46.9375,-28.9375
2026-09-28T14:55:12.343392,-9.06640625,2.078125,2.5546875,-2.0234375,-0.822265625,-0.119140625,37.5,-46.9375,-28.9375
2026-09-28T14:55:12.361745,-9.06640625,2.078125,2.5546875,-2.0234375,-0.822265625,-0.119140625,36.0625,-44.6875,-34.375
2026-09-28T14:55:12.383370,-8.94921875,1.84765625,3.08984375,-2.0234375,-0.822265625,-0.119140625,36.0625,-44.6875,-34.375
2026-09-28T14:55:12.411385,-8.8671875,1.46484375,3.66796875,-1.427734375,-1.43359375,-0.33984375,34.9375,-40.0,-37.375
2026-09-28T14:55:12.433084,-8.75,1.3125,3.16796875,-1.427734375,-1.43359375,-0.33984375,34.9375,-40.0,-37.375
2026-09-28T14:55:12.460455,-8.1796875,0.66015625,4.35546875,-3.91015625,-2.2734375,-0.611328125,31.25,-33.125,-46.6875
2026-09-28T14:55:12.475918,-8.1796875,0.66015625,4.35546875,-3.91015625,-2.2734375,-0.611328125,31.25,-33.125,-46.6875
2026-09-28T14:55:12.501841,-8.06640625,-0.44921875,7.23046875,0.451171875,-1.431640625,-0.390625,31.25,-33.125,-46.6875
2026-09-28T14:55:12.527872,-7.4921875,-0.06640625,7.421875,0.451171875,-1.431640625,-0.390625,25.375,-31.25,-49.875
2026-09-28T14:55:12.552684,-7.4921875,-0.06640625,7.421875,-0.177734375,1.390625,0.62109375,25.375,-31.25,-49.875
2026-09-28T14:55:12.574517,-8.1015625,0.1640625,4.96875,-0.177734375,1.390625,0.62109375,28.75,-32.5625,-46.875
2026-09-28T14:55:12.600198,-8.06640625,0.5859375,4.47265625,-0.3203125,-1.29296875,-0.359375,28.75,-32.5625,-46.875
2026-09-28T14:55:12.624345,-7.984375,-0.10546875,6.078125,-0.3203125,-1.29296875,-0.359375,25.6875,-31.25,-50.1875
2026-09-28T14:55:12.650005,-7.71875,0.0859375,6.578125,0.0234375,0.505859375,0.029296875,25.6875,-31.25,-50.1875
2026-09-28T14:55:12.670508,-7.71875,0.0859375,6.578125,0.0234375,0.505859375,0.029296875,26.0,-31.0,-51.25
2026-09-28T14:55:12.694646,-7.94921875,0.19921875,5.390625,-0.123046875,-0.25,-0.037109375,26.0,-31.0,-51.25
2026-09-28T14:55:12.720042,-7.90625,0.27734375,5.3125,-0.123046875,-0.25,-0.037109375,26.25,-32.0625,-51.3125
2026-09-28T14:55:12.744164,-7.796875,0.0859375,6.1953125,-0.005859375,-0.169921875,-0.0078125,26.25,-32.0625,-51.3125
2026-09-28T14:55:12.764356,-7.796875,0.0859375,6.1953125,-0.005859375,-0.169921875,-0.0078125,26.1875,-31.75,-52.4375
2026-09-28T14:55:12.784487,-7.80078125,0.125,6.078125,-0.005859375,-0.169921875,-0.0078125,26.1875,-31.75,-52.4375
2026-09-28T14:55:12.813922,-7.8359375,0.19921875,5.54296875,0.021484375,0.05078125,0.03515625,24.875,-31.3125,-51.0
2026-09-28T14:55:12.834860,-7.796875,0.1640625,5.8515625,0.021484375,0.05078125,0.03515625,24.875,-31.3125,-51.0
2026-09-28T14:55:12.855086,-7.796875,0.1640625,5.8515625,-0.009765625,-0.25,-0.013671875,24.875,-31.3125,-51.0
2026-09-28T14:55:12.880476,-7.71875,0.125,6.1171875,-0.009765625,-0.25,-0.013671875,25.1875,-32.125,-51.4375
2026-09-28T14:55:12.904986,-7.76171875,0.1640625,5.88671875,0.0078125,0.0703125,0.015625,25.1875,-32.125,-51.4375
2026-09-28T14:55:12.929916,-7.796875,0.1640625,5.8125,0.0078125,0.0703125,0.015625,26.125,-30.5625,-49.6875
2026-09-28T14:55:12.950698,-7.796875,0.1640625,5.8125,-0.009765625,-0.185546875,-0.009765625,26.125,-30.5625,-49.6875
2026-09-28T14:55:12.976485,-7.72265625,0.125,6.04296875,-0.009765625,-0.185546875,-0.009765625,24.625,-30.625,-50.1875
2026-09-28T14:55:13.001815,-7.72265625,0.1640625,6.04296875,0.0078125,0.01953125,0.009765625,24.625,-30.625,-50.1875
2026-09-28T14:55:13.027240,-7.7578125,0.1640625,5.92578125,0.0078125,0.01953125,0.009765625,25.0,-31.25,-49.4375
2026-09-28T14:55:13.047419,-7.7578125,0.1640625,5.92578125,-0.001953125,-0.111328125,-0.00390625,25.0,-31.25,-49.4375
2026-09-28T14:55:13.073189,-7.72265625,0.1640625,6.00390625,-0.001953125,-0.111328125,-0.00390625,24.8125,-32.125,-51.8125
2026-09-28T14:55:13.099502,-7.64453125,0.125,6.078125,0.001953125,-0.03125,0.00390625,24.8125,-32.125,-51.8125
2026-09-28T14:55:13.123978,-7.6796875,0.1640625,6.04296875,0.001953125,-0.03125,0.00390625,25.5625,-31.6875,-51.75
2026-09-28T14:55:13.149522,-7.640625,0.1640625,6.00390625,-0.009765625,-0.0703125,-0.001953125,25.5625,-31.6875,-51.75
2026-09-28T14:55:13.170121,-7.640625,0.1640625,6.00390625,-0.009765625,-0.0703125,-0.001953125,24.4375,-33.1875,-51.5
2026-09-28T14:55:13.194356,-7.64453125,0.1640625,6.078125,0.005859375,-0.02734375,0.00390625,24.4375,-33.1875,-51.5
2026-09-28T14:55:13.219712,-7.64453125,0.1640625,6.1171875,0.005859375,-0.02734375,0.00390625,25.0,-31.4375,-54.5
2026-09-28T14:55:13.235219,-7.64453125,0.1640625,6.1171875,0.005859375,-0.02734375,0.00390625,25.0,-31.4375,-54.5
2026-09-28T14:55:13.264153,-7.64453125,0.1640625,6.1171875,0.00390625,-0.05078125,-0.00390625,24.3125,-32.25,-53.8125
2026-09-28T14:55:13.284401,-7.6015625,0.1640625,6.078125,0.00390625,-0.05078125,-0.00390625,24.3125,-32.25,-53.8125
2026-09-28T14:55:13.313416,-7.64453125,0.1640625,6.1171875,0.0,-0.05078125,0.0,23.875,-30.625,-50.6875
2026-09-28T14:55:13.334811,-7.64453125,0.1640625,6.1171875,0.0,-0.05078125,0.0,23.875,-30.625,-50.6875
2026-09-28T14:55:13.355426,-7.609375,0.1640625,6.15625,0.0,-0.048828125,-0.005859375,23.875,-30.625,-50.6875
2026-09-28T14:55:13.380921,-7.609375,0.1640625,6.15625,0.0,-0.048828125,-0.005859375,22.375,-31.8125,-52.0
2026-09-28T14:55:13.406049,-7.5703125,0.1640625,6.1953125,-0.001953125,-0.048828125,0.0,22.375,-31.8125,-52.0
2026-09-28T14:55:13.431599,-7.57421875,0.1640625,6.15625,-0.001953125,-0.048828125,0.0,23.9375,-30.25,-50.3125
2026-09-28T14:55:13.453574,-7.57421875,0.1640625,6.15625,-0.001953125,-0.048828125,0.0,23.9375,-30.25,-50.3125
2026-09-28T14:55:13.479481,-7.5703125,0.125,6.1953125,-0.001953125,-0.048828125,0.0,23.75,-32.9375,-51.5
2026-09-28T14:55:13.503869,-7.5703125,0.1640625,6.1953125,0.0,-0.052734375,0.001953125,23.75,-32.9375,-51.5
2026-09-28T14:55:13.529440,-7.53515625,0.125,6.1953125,0.0,-0.052734375,0.001953125,23.875,-31.375,-50.6875
2026-09-28T14:55:13.553532,-7.53515625,0.125,6.1953125,-0.00390625,-0.05078125,-0.001953125,23.875,-31.375,-50.6875
2026-09-28T14:55:13.573749,-7.53125,0.125,6.234375,-0.00390625,-0.05078125,-0.001953125,23.1875,-30.6875,-50.3125
2026-09-28T14:55:13.599507,-7.53125,0.1640625,6.234375,-0.001953125,-0.048828125,0.00390625,23.1875,-30.6875,-50.3125
2026-09-28T14:55:13.623714,-7.53125,0.125,6.234375,-0.001953125,-0.048828125,0.00390625,23.0,-31.4375,-52.6875
2026-09-28T14:55:13.649436,-7.4921875,0.1640625,6.2734375,0.00390625,-0.013671875,0.0,23.0,-31.4375,-52.6875
2026-09-28T14:55:13.669944,-7.4921875,0.1640625,6.2734375,0.00390625,-0.013671875,0.0,23.0,-31.4375,-52.6875
2026-09-28T14:55:13.694120,-7.53125,0.1640625,6.234375,0.0,-0.056640625,0.0,23.0,-31.4375,-52.6875
2026-09-28T14:55:13.719871,-7.4921875,0.125,6.2734375,0.0,-0.056640625,0.0,22.75,-33.375,-54.75
2026-09-28T14:55:13.743720,-7.4921875,0.125,6.2734375,0.001953125,-0.02734375,0.001953125,22.75,-33.375,-54.75
2026-09-28T14:55:13.764415,-7.4921875,0.1640625,6.234375,0.001953125,-0.02734375,0.001953125,22.8125,-31.9375,-54.3125
2026-09-28T14:55:13.790033,-7.4921875,0.125,6.2734375,0.001953125,-0.02734375,0.001953125,22.8125,-31.9375,-54.3125
2026-09-28T14:55:13.813631,-7.4921875,0.125,6.2734375,-0.001953125,-0.04296875,-0.001953125,22.0625,-31.3125,-55.875
2026-09-28T14:55:13.830215,-7.4921875,0.125,6.2734375,-0.001953125,-0.04296875,-0.001953125,22.0625,-31.3125,-55.875
2026-09-28T14:55:13.855331,-7.45703125,0.1640625,6.3125,0.0,-0.02734375,0.0,22.0625,-31.3125,-55.875
2026-09-28T14:55:13.880517,-7.45703125,0.125,6.3125,0.0,-0.02734375,0.0,23.4375,-31.4375,-51.9375
2026-09-28T14:55:13.905008,-7.45703125,0.1640625,6.3125,-0.00390625,-0.02734375,0.0,23.4375,-31.4375,-51.9375
2026-09-28T14:55:13.925305,-7.45703125,0.1640625,6.3125,-0.00390625,-0.02734375,0.0,21.75,-31.125,-50.875
2026-09-28T14:55:13.950403,-7.45703125,0.125,6.3125,-0.00390625,-0.029296875,-0.001953125,21.75,-31.125,-50.875
2026-09-28T14:55:13.975915,-7.45703125,0.125,6.3125,-0.00390625,-0.029296875,-0.001953125,21.75,-31.125,-50.875
2026-09-28T14:55:14.001032,-7.45703125,0.1640625,6.34765625,0.0,-0.029296875,0.0,21.75,-31.125,-50.875
2026-09-28T14:55:14.026910,-7.42578125,0.125,6.34765625,0.0,-0.029296875,0.0,21.6875,-30.0,-51.625
2026-09-28T14:55:14.047023,-7.42578125,0.125,6.34765625,-0.00390625,-0.02734375,-0.00390625,21.6875,-30.0,-51.625
2026-09-28T14:55:14.072110,-7.42578125,0.1640625,6.34765625,-0.00390625,-0.02734375,-0.00390625,22.375,-31.125,-52.0625
2026-09-28T14:55:14.097196,-7.42578125,0.1640625,6.38671875,0.0,-0.029296875,0.001953125,22.375,-31.125,-52.0625
2026-09-28T14:55:14.123088,-7.42578125,0.125,6.34765625,0.0,-0.029296875,0.001953125,22.4375,-31.9375,-54.3125
2026-09-28T14:55:14.143745,-7.42578125,0.125,6.34765625,0.0,-0.037109375,-0.001953125,22.4375,-31.9375,-54.3125
2026-09-28T14:55:14.169523,-7.42578125,0.125,6.34765625,0.0,-0.037109375,-0.001953125,21.0,-32.0,-54.8125
2026-09-28T14:55:14.194063,-7.42578125,0.1640625,6.38671875,-0.00390625,-0.03125,-0.001953125,21.0,-32.0,-54.8125
2026-09-28T14:55:14.219448,-7.3828125,0.1640625,6.38671875,-0.00390625,-0.03125,-0.001953125,21.3125,-31.625,-55.5625
2026-09-28T14:55:14.244325,-7.3828125,0.1640625,6.38671875,-0.00390625,-0.03125,-0.001953125,21.3125,-31.625,-55.5625
2026-09-28T14:55:14.264642,-7.3828125,0.125,6.38671875,-0.001953125,-0.033203125,0.001953125,22.375,-31.5625,-55.5
2026-09-28T14:55:14.289825,-7.3828125,0.1640625,6.38671875,-0.001953125,-0.033203125,0.001953125,22.375,-31.5625,-55.5
2026-09-28T14:55:14.313767,-7.3828125,0.1640625,6.38671875,0.001953125,-0.033203125,0.0,21.5,-31.9375,-53.6875
2026-09-28T14:55:14.331347,-7.3828125,0.1640625,6.38671875,0.001953125,-0.033203125,0.0,21.5,-31.9375,-53.6875
2026-09-28T14:55:14.355548,-7.38671875,0.1640625,6.42578125,0.0,-0.03515625,0.001953125,21.5,-31.9375,-53.6875
2026-09-28T14:55:14.381837,-7.38671875,0.1640625,6.42578125,0.0,-0.03515625,0.001953125,20.8125,-31.25,-52.9375
2026-09-28T14:55:14.412127,-7.34765625,0.125,6.42578125,0.001953125,-0.02734375,0.00390625,22.625,-32.25,-52.4375
2026-09-28T14:55:14.433082,-7.38671875,0.125,6.42578125,0.001953125,-0.02734375,0.00390625,22.625,-32.25,-52.4375
2026-09-28T14:55:14.453329,-7.38671875,0.125,6.42578125,0.001953125,-0.041015625,0.001953125,22.625,-32.25,-52.4375
2026-09-28T14:55:14.478789,-7.34765625,0.1640625,6.42578125,0.001953125,-0.041015625,0.001953125,22.1875,-31.875,-53.625
2026-09-28T14:55:14.502997,-7.34375,0.125,6.46484375,0.001953125,-0.03125,0.00390625,22.1875,-31.875,-53.625
2026-09-28T14:55:14.528626,-7.34375,0.1640625,6.46484375,0.001953125,-0.03125,0.00390625,22.0,-30.75,-52.0
2026-09-28T14:55:14.549165,-7.34375,0.1640625,6.46484375,0.0,-0.029296875,0.001953125,22.0,-30.75,-52.0
2026-09-28T14:55:14.573397,-7.34375,0.125,6.46484375,0.0,-0.029296875,0.001953125,22.5625,-31.5,-53.125
2026-09-28T14:55:14.599336,-7.34375,0.125,6.46484375,0.001953125,-0.025390625,0.001953125,22.5625,-31.5,-53.125
2026-09-28T14:55:14.623321,-7.34375,0.125,6.46484375,0.001953125,-0.025390625,0.001953125,22.0,-31.8125,-51.6875
2026-09-28T14:55:14.644347,-7.34375,0.125,6.46484375,-0.001953125,-0.0234375,0.001953125,22.0,-31.8125,-51.6875
2026-09-28T14:55:14.669895,-7.34375,0.1640625,6.50390625,-0.001953125,-0.0234375,0.001953125,22.125,-32.6875,-54.375
2026-09-28T14:55:14.696443,-7.30859375,0.1640625,6.50390625,-0.00390625,-0.017578125,-0.001953125,22.125,-32.6875,-54.375
2026-09-28T14:55:14.721529,-7.30859375,0.125,6.46484375,-0.00390625,-0.017578125,-0.001953125,20.8125,-31.9375,-52.9375
2026-09-28T14:55:14.746675,-7.30859375,0.125,6.50390625,-0.00390625,-0.0234375,0.0,20.8125,-31.9375,-52.9375
2026-09-28T14:55:14.768007,-7.30859375,0.125,6.50390625,-0.00390625,-0.0234375,0.0,21.4375,-32.6875,-54.0
2026-09-28T14:55:14.792711,-7.30859375,0.125,6.50390625,-0.001953125,-0.01953125,0.0,21.4375,-32.6875,-54.0
2026-09-28T14:55:14.818485,-7.30859375,0.125,6.50390625,-0.001953125,-0.01953125,0.0,20.9375,-32.375,-55.25
2026-09-28T14:55:14.843205,-7.30859375,0.125,6.50390625,-0.001953125,-0.01953125,0.0,20.9375,-32.375,-55.25
2026-09-28T14:55:14.864162,-7.30859375,0.1640625,6.50390625,0.0,-0.013671875,0.0,20.5625,-32.0625,-55.625
2026-09-28T14:55:14.890386,-7.26953125,0.125,6.50390625,0.0,-0.013671875,0.0,20.5625,-32.0625,-55.625
2026-09-28T14:55:14.915349,-7.3046875,0.125,6.5390625,0.0,-0.025390625,0.001953125,21.1875,-31.1875,-52.875
2026-09-28T14:55:14.940587,-7.265625,0.125,6.5390625,-0.001953125,-0.01171875,0.00390625,21.1875,-31.1875,-52.875
2026-09-28T14:55:14.965307,-7.265625,0.125,6.5390625,-0.001953125,-0.01171875,0.00390625,19.9375,-30.625,-55.625
2026-09-28T14:55:14.981938,-7.265625,0.1640625,6.5390625,-0.001953125,-0.01171875,0.00390625,19.9375,-30.625,-55.625
2026-09-28T14:55:15.012004,-7.265625,0.125,6.5390625,-0.001953125,-0.015625,-0.00390625,20.125,-31.5625,-52.625
2026-09-28T14:55:15.033002,-7.265625,0.125,6.5390625,-0.001953125,-0.015625,-0.00390625,20.125,-31.5625,-52.625
2026-09-28T14:55:15.053265,-7.265625,0.125,6.5390625,-0.001953125,-0.0078125,-0.001953125,20.125,-31.5625,-52.625
2026-09-28T14:55:15.078924,-7.26953125,0.1640625,6.50390625,-0.001953125,-0.0078125,-0.001953125,20.75,-31.5625,-53.3125
2026-09-28T14:55:15.103191,-7.265625,0.125,6.5390625,0.001953125,-0.03125,-0.001953125,20.75,-31.5625,-53.3125
2026-09-28T14:55:15.128821,-7.265625,0.1640625,6.578125,0.001953125,-0.03125,-0.001953125,21.625,-31.875,-52.0625
2026-09-28T14:55:15.154055,-7.265625,0.125,6.578125,-0.001953125,-0.005859375,-0.001953125,21.625,-31.875,-52.0625
2026-09-28T14:55:15.175300,-7.265625,0.125,6.578125,-0.001953125,-0.005859375,-0.001953125,19.75,-31.5625,-53.0
2026-09-28T14:55:15.200781,-7.23046875,0.125,6.5390625,0.0,-0.017578125,0.0,19.75,-31.5625,-53.0
2026-09-28T14:55:15.226605,-7.23046875,0.1640625,6.578125,0.0,-0.017578125,0.0,20.5,-32.3125,-53.0
2026-09-28T14:55:15.251405,-7.23046875,0.125,6.578125,-0.001953125,-0.025390625,0.001953125,20.5,-32.3125,-53.0
2026-09-28T14:55:15.272361,-7.23046875,0.125,6.578125,-0.001953125,-0.025390625,0.001953125,21.125,-32.3125,-53.3125
2026-09-28T14:55:15.297708,-7.23046875,0.125,6.578125,-0.001953125,-0.015625,0.0,21.125,-32.3125,-53.3125
2026-09-28T14:55:15.322300,-7.23046875,0.125,6.578125,-0.001953125,-0.015625,0.0,20.6875,-31.3125,-54.4375
2026-09-28T14:55:15.348184,-7.23046875,0.125,6.578125,-0.001953125,-0.025390625,0.0,20.6875,-31.3125,-54.4375
2026-09-28T14:55:15.372063,-7.23046875,0.125,6.578125,-0.001953125,-0.025390625,0.0,21.125,-32.6875,-52.9375
2026-09-28T14:55:15.392704,-7.23046875,0.125,6.578125,0.0,-0.029296875,0.0,21.125,-32.6875,-52.9375
2026-09-28T14:55:15.418101,-7.23046875,0.125,6.578125,0.0,-0.029296875,0.0,19.9375,-31.6875,-55.3125
2026-09-28T14:55:15.442342,-7.23046875,0.125,6.578125,0.0,-0.01953125,0.001953125,19.9375,-31.6875,-55.3125
2026-09-28T14:55:15.468026,-7.19140625,0.125,6.578125,0.0,-0.01953125,0.001953125,22.125,-30.875,-55.5
2026-09-28T14:55:15.483741,-7.19140625,0.125,6.578125,0.0,-0.01953125,0.001953125,22.125,-30.875,-55.5
2026-09-28T14:55:15.511952,-7.23046875,0.1640625,6.578125,0.0,-0.01953125,-0.001953125,20.375,-32.0,-54.5
2026-09-28T14:55:15.532675,-7.19140625,0.125,6.6171875,0.0,-0.01953125,-0.001953125,20.375,-32.0,-54.5
2026-09-28T14:55:15.553795,-7.19140625,0.125,6.6171875,0.0,-0.025390625,0.001953125,20.375,-32.0,-54.5
2026-09-28T14:55:15.579998,-7.19140625,0.125,6.6171875,0.0,-0.025390625,0.001953125,20.5,-30.5,-53.6875
2026-09-28T14:55:15.604947,-7.23046875,0.125,6.6171875,-0.001953125,-0.017578125,0.0,20.5,-30.5,-53.6875
2026-09-28T14:55:15.630718,-7.19140625,0.125,6.6171875,-0.001953125,-0.017578125,0.0,19.8125,-31.5625,-52.625
2026-09-28T14:55:15.654597,-7.19140625,0.125,6.6171875,-0.001953125,-0.015625,0.0,19.8125,-31.5625,-52.625
2026-09-28T14:55:15.674756,-7.19140625,0.125,6.6171875,-0.001953125,-0.015625,0.0,19.375,-31.625,-53.0625
2026-09-28T14:55:15.699811,-7.19140625,0.125,6.6171875,0.0,-0.015625,0.0,19.375,-31.625,-53.0625
2026-09-28T14:55:15.725935,-7.19140625,0.125,6.6171875,0.0,-0.015625,0.0,20.8125,-31.9375,-52.9375
2026-09-28T14:55:15.752162,-7.19140625,0.125,6.6171875,0.001953125,-0.0234375,0.001953125,20.8125,-31.9375,-52.9375
2026-09-28T14:55:15.772776,-7.19140625,0.125,6.6171875,0.001953125,-0.0234375,0.001953125,21.625,-30.8125,-52.4375
2026-09-28T14:55:15.798354,-7.19140625,0.1640625,6.6171875,0.0,-0.013671875,-0.001953125,21.625,-30.8125,-52.4375
2026-09-28T14:55:15.822560,-7.19140625,0.125,6.65625,0.0,-0.013671875,-0.001953125,19.75,-31.5625,-53.0
2026-09-28T14:55:15.847853,-7.1484375,0.125,6.65625,0.0,-0.013671875,0.0,19.75,-31.5625,-53.0
2026-09-28T14:55:15.867669,-7.1484375,0.125,6.65625,0.0,-0.013671875,0.0,20.75,-30.875,-54.0625
2026-09-28T14:55:15.891856,-7.19140625,0.1640625,6.65625,0.00390625,-0.013671875,0.0,20.75,-30.875,-54.0625
2026-09-28T14:55:15.917252,-7.1484375,0.125,6.65625,0.00390625,-0.013671875,0.0,20.0,-31.3125,-54.875
2026-09-28T14:55:15.941863,-7.1484375,0.125,6.65625,0.001953125,-0.013671875,0.001953125,20.0,-31.3125,-54.875
2026-09-28T14:55:15.962219,-7.1484375,0.125,6.65625,0.001953125,-0.013671875,0.001953125,19.5,-32.0625,-55.75
2026-09-28T14:55:15.982497,-7.1484375,0.1640625,6.65625,0.001953125,-0.013671875,0.001953125,19.5,-32.0625,-55.75
2026-09-28T14:55:16.011904,-7.1484375,0.125,6.65625,0.001953125,-0.015625,0.0,20.8125,-30.5,-53.6875
2026-09-28T14:55:16.038287,-7.1484375,0.1640625,6.65625,0.001953125,-0.015625,0.0,20.8125,-30.5,-53.6875
2026-09-28T14:55:16.063294,-7.1484375,0.1640625,6.65625,0.001953125,-0.01171875,0.001953125,19.5,-30.625,-56.5
2026-09-28T14:55:16.081401,-7.1484375,0.125,6.65625,0.001953125,-0.01171875,0.001953125,19.5,-30.625,-56.5
2026-09-28T14:55:16.111418,-7.1484375,0.125,6.65625,0.0,-0.015625,-0.001953125,19.6875,-31.3125,-53.8125
2026-09-28T14:55:16.132408,-7.15234375,0.125,6.6953125,0.0,-0.015625,-0.001953125,19.6875,-31.3125,-53.8125
2026-09-28T14:55:16.161416,-7.15234375,0.125,6.6953125,0.00390625,-0.021484375,0.0,20.4375,-31.25,-53.75
2026-09-28T14:55:16.178639,-7.15234375,0.125,6.6953125,0.00390625,-0.021484375,0.0,20.4375,-31.25,-53.75
2026-09-28T14:55:16.203316,-7.15234375,0.1640625,6.6953125,0.001953125,-0.01953125,0.001953125,20.4375,-31.25,-53.75
2026-09-28T14:55:16.228778,-7.15234375,0.1640625,6.6953125,0.001953125,-0.01953125,0.001953125,20.5,-31.5625,-52.5625
2026-09-28T14:55:16.253339,-7.11328125,0.125,6.6953125,0.0,-0.02734375,0.001953125,20.5,-31.5625,-52.5625
2026-09-28T14:55:16.274644,-7.11328125,0.125,6.6953125,0.0,-0.02734375,0.001953125,19.6875,-32.375,-53.8125
2026-09-28T14:55:16.301008,-7.15234375,0.125,6.6953125,0.0,-0.01953125,0.0,19.6875,-32.375,-53.8125
2026-09-28T14:55:16.326989,-7.11328125,0.125,6.6953125,0.0,-0.01953125,0.0,20.4375,-32.0,-53.75
2026-09-28T14:55:16.351615,-7.11328125,0.125,6.6953125,0.0,-0.025390625,0.001953125,20.4375,-32.0,-53.75
2026-09-28T14:55:16.376854,-7.11328125,0.125,6.6953125,0.0,-0.025390625,0.001953125,19.0,-32.0,-52.6875
2026-09-28T14:55:16.397786,-7.11328125,0.125,6.6953125,0.001953125,-0.015625,0.00390625,19.0,-32.0,-52.6875
2026-09-28T14:55:16.422292,-7.11328125,0.125,6.73046875,0.001953125,-0.015625,0.00390625,19.3125,-30.9375,-54.1875
2026-09-28T14:55:16.447896,-7.11328125,0.125,6.6953125,0.001953125,-0.02734375,0.001953125,19.3125,-30.9375,-54.1875
2026-09-28T14:55:16.472163,-7.11328125,0.125,6.6953125,0.001953125,-0.02734375,0.001953125,19.0,-31.3125,-53.4375
2026-09-28T14:55:16.492414,-7.11328125,0.125,6.6953125,0.0,-0.009765625,0.0,19.0,-31.3125,-53.4375
2026-09-28T14:55:16.517782,-7.11328125,0.125,6.6953125,0.0,-0.009765625,0.0,19.625,-32.0,-54.1875
2026-09-28T14:55:16.541989,-7.11328125,0.125,6.73046875,-0.009765625,0.029296875,0.009765625,19.625,-32.0,-54.1875
2026-09-28T14:55:16.567342,-7.11328125,0.1640625,6.73046875,-0.009765625,0.029296875,0.009765625,19.8125,-31.75,-56.875
2026-09-28T14:55:16.582958,-7.11328125,0.1640625,6.73046875,-0.009765625,0.029296875,0.009765625,19.8125,-31.75,-56.875
2026-09-28T14:55:16.611271,-7.11328125,0.125,6.73046875,-0.001953125,-0.01953125,0.001953125,19.1875,-31.6875,-55.375
2026-09-28T14:55:16.631545,-7.11328125,0.125,6.73046875,-0.001953125,-0.01953125,0.001953125,19.1875,-31.6875,-55.375
2026-09-28T14:55:16.651737,-7.11328125,0.125,6.73046875,0.0,-0.005859375,0.001953125,19.1875,-31.6875,-55.375
2026-09-28T14:55:16.677149,-7.11328125,0.125,6.6953125,0.0,-0.005859375,0.001953125,18.8125,-33.625,-55.0625
2026-09-28T14:55:16.701315,-7.11328125,0.125,6.73046875,0.001953125,-0.005859375,0.001953125,18.8125,-33.625,-55.0625
2026-09-28T14:55:16.726677,-7.0703125,0.125,6.73046875,0.001953125,-0.005859375,0.001953125,19.625,-31.0,-54.9375
2026-09-28T14:55:16.750537,-7.0703125,0.125,6.73046875,0.0,-0.00390625,0.001953125,19.625,-31.0,-54.9375
2026-09-28T14:55:16.771391,-7.11328125,0.125,6.73046875,0.0,-0.00390625,0.001953125,19.4375,-31.25,-52.1875
2026-09-28T14:55:16.797115,-7.0703125,0.125,6.73046875,0.00390625,-0.015625,-0.001953125,19.4375,-31.25,-52.1875
2026-09-28T14:55:16.821323,-7.0703125,0.125,6.73046875,0.00390625,-0.015625,-0.001953125,18.875,-31.375,-54.9375
2026-09-28T14:55:16.846583,-7.0703125,0.1640625,6.73046875,0.0,-0.009765625,-0.001953125,18.875,-31.375,-54.9375
2026-09-28T14:55:16.867395,-7.0703125,0.1640625,6.73046875,0.0,-0.009765625,-0.001953125,18.9375,-31.6875,-54.25
2026-09-28T14:55:16.891604,-7.0703125,0.125,6.73046875,-0.001953125,-0.013671875,0.0,18.9375,-31.6875,-54.25
2026-09-28T14:55:16.915645,-7.0703125,0.125,6.73046875,-0.001953125,-0.013671875,0.0,18.5,-31.4375,-56.1875
2026-09-28T14:55:16.931626,-7.0703125,0.125,6.73046875,-0.001953125,-0.013671875,0.0,18.5,-31.4375,-56.1875
2026-09-28T14:55:16.961428,-7.0703125,0.125,6.73046875,-0.00390625,-0.013671875,0.0,18.5625,-30.625,-55.375
2026-09-28T14:55:16.987607,-7.0390625,0.125,6.73046875,-0.00390625,-0.013671875,0.0,18.5625,-30.625,-55.375
2026-09-28T14:55:17.011378,-7.07421875,0.125,6.76953125,-0.001953125,-0.01171875,-0.001953125,18.875,-32.8125,-54.3125
2026-09-28T14:55:17.032323,-7.07421875,0.125,6.76953125,-0.001953125,-0.01171875,-0.001953125,18.875,-32.8125,-54.3125
2026-09-28T14:55:17.052702,-7.07421875,0.125,6.76953125,0.001953125,-0.017578125,0.001953125,18.875,-32.8125,-54.3125
2026-09-28T14:55:17.077849,-7.07421875,0.125,6.76953125,0.001953125,-0.017578125,0.001953125,19.25,-32.0625,-54.5625
2026-09-28T14:55:17.106992,-7.07421875,0.125,6.76953125,-0.001953125,-0.013671875,-0.001953125,19.375,-31.6875,-53.375
2026-09-28T14:55:17.127535,-7.0703125,0.125,6.73046875,-0.001953125,-0.013671875,-0.001953125,19.375,-31.6875,-53.375
2026-09-28T14:55:17.149017,-7.0703125,0.125,6.73046875,0.00390625,-0.025390625,-0.001953125,19.375,-31.6875,-53.375
2026-09-28T14:55:17.175200,-7.07421875,0.125,6.76953125,0.00390625,-0.025390625,-0.001953125,19.3125,-31.625,-53.75
2026-09-28T14:55:17.201157,-7.07421875,0.125,6.76953125,0.0,-0.0078125,0.0,19.3125,-31.625,-53.75
2026-09-28T14:55:17.226748,-7.07421875,0.125,6.76953125,0.0,-0.0078125,0.0,20.4375,-31.9375,-53.3125
2026-09-28T14:55:17.246574,-7.07421875,0.125,6.76953125,0.0,-0.013671875,0.001953125,20.4375,-31.9375,-53.3125
2026-09-28T14:55:17.270839,-7.07421875,0.125,6.76953125,0.0,-0.013671875,0.001953125,20.125,-30.875,-53.6875
2026-09-28T14:55:17.296263,-7.04296875,0.125,6.76953125,0.00390625,-0.01171875,0.001953125,20.125,-30.875,-53.6875
2026-09-28T14:55:17.320779,-7.04296875,0.125,6.76953125,0.00390625,-0.01171875,0.001953125,20.4375,-30.9375,-54.0625
2026-09-28T14:55:17.341086,-7.04296875,0.125,6.76953125,0.0,-0.013671875,0.0,20.4375,-30.9375,-54.0625
2026-09-28T14:55:17.366637,-7.04296875,0.125,6.76953125,0.0,-0.013671875,0.0,18.375,-32.5625,-56.625
2026-09-28T14:55:17.391249,-7.04296875,0.125,6.76953125,0.0,-0.0078125,-0.00390625,18.375,-32.5625,-56.625
2026-09-28T14:55:17.417146,-7.04296875,0.125,6.76953125,0.0,-0.0078125,-0.00390625,18.0625,-32.1875,-56.625
2026-09-28T14:55:17.442393,-7.04296875,0.125,6.76953125,0.001953125,-0.015625,-0.001953125,18.0625,-32.1875,-56.625
2026-09-28T14:55:17.463382,-7.04296875,0.125,6.76953125,0.001953125,-0.015625,-0.001953125,18.4375,-32.5,-55.8125
2026-09-28T14:55:17.490016,-7.04296875,0.125,6.76953125,-0.001953125,-0.01171875,0.0,18.4375,-32.5,-55.8125
2026-09-28T14:55:17.516023,-7.04296875,0.125,6.80859375,-0.001953125,-0.01171875,0.0,19.125,-32.5,-55.8125
2026-09-28T14:55:17.540644,-7.04296875,0.125,6.80859375,-0.001953125,-0.013671875,0.001953125,19.125,-32.5,-55.8125
2026-09-28T14:55:17.566469,-7.04296875,0.125,6.80859375,-0.001953125,-0.013671875,0.001953125,18.0625,-33.625,-55.5625
2026-09-28T14:55:17.587315,-7.04296875,0.125,6.80859375,-0.001953125,-0.013671875,0.001953125,18.0625,-33.625,-55.5625
2026-09-28T14:55:17.611121,-7.04296875,0.125,6.80859375,-0.001953125,-0.013671875,0.001953125,18.0,-32.1875,-57.0
2026-09-28T14:55:17.637058,-7.04296875,0.125,6.80859375,-0.001953125,-0.013671875,0.001953125,18.0,-32.1875,-57.0
2026-09-28T14:55:17.653025,-7.04296875,0.125,6.80859375,0.001953125,-0.01953125,0.0,18.0,-32.1875,-57.0
2026-09-28T14:55:17.678409,-7.04296875,0.125,6.80859375,0.001953125,-0.01953125,0.0,19.125,-31.4375,-56.5
2026-09-28T14:55:17.703298,-7.00390625,0.125,6.80859375,-0.001953125,-0.0078125,0.001953125,19.125,-31.4375,-56.5
2026-09-28T14:55:17.729469,-7.04296875,0.125,6.80859375,-0.001953125,-0.0078125,0.001953125,18.625,-31.3125,-53.4375
2026-09-28T14:55:17.758274,-7.00390625,0.125,6.80859375,-0.001953125,-0.01953125,0.0,19.375,-32.0,-53.0625
2026-09-28T14:55:17.775456,-7.00390625,0.125,6.80859375,-0.001953125,-0.01953125,0.0,19.375,-32.0,-53.0625
2026-09-28T14:55:17.800708,-7.04296875,0.125,6.80859375,-0.001953125,-0.017578125,0.0,19.375,-32.0,-53.0625
2026-09-28T14:55:17.826268,-7.00390625,0.125,6.80859375,-0.001953125,-0.017578125,0.0,19.0,-32.375,-52.75
2026-09-28T14:55:17.850658,-7.00390625,0.125,6.80859375,-0.001953125,-0.005859375,0.001953125,19.0,-32.375,-52.75
2026-09-28T14:55:17.870810,-7.00390625,0.125,6.80859375,-0.001953125,-0.005859375,0.001953125,19.75,-31.3125,-53.375
2026-09-28T14:55:17.896276,-7.00390625,0.125,6.80859375,0.0,-0.0078125,0.001953125,19.75,-31.3125,-53.375
2026-09-28T14:55:17.920405,-7.00390625,0.125,6.80859375,0.0,-0.0078125,0.001953125,18.5625,-31.375,-54.625
2026-09-28T14:55:17.946328,-7.00390625,0.125,6.80859375,0.00390625,-0.01171875,0.00390625,18.5625,-31.375,-54.625
2026-09-28T14:55:17.967105,-7.00390625,0.125,6.80859375,0.00390625,-0.01171875,0.00390625,17.8125,-31.0625,-55.0625
2026-09-28T14:55:17.992990,-7.00390625,0.125,6.80859375,0.001953125,-0.00390625,0.001953125,17.8125,-31.0625,-55.0625
2026-09-28T14:55:18.019172,-7.0,0.125,6.84765625,0.001953125,-0.00390625,0.001953125,18.9375,-30.9375,-54.1875
2026-09-28T14:55:18.044258,-7.00390625,0.125,6.80859375,0.0,-0.001953125,0.0,18.9375,-30.9375,-54.1875
2026-09-28T14:55:18.068732,-7.00390625,0.125,6.80859375,0.0,-0.001953125,0.0,18.75,-29.9375,-56.875
2026-09-28T14:55:18.090234,-7.00390625,0.1640625,6.80859375,0.001953125,-0.005859375,-0.001953125,18.75,-29.9375,-56.875
2026-09-28T14:55:18.115638,-7.00390625,0.1640625,6.80859375,0.001953125,-0.005859375,-0.001953125,18.5625,-30.25,-55.75
2026-09-28T14:55:18.140269,-7.0,0.125,6.84765625,-0.00390625,-0.001953125,0.0,18.5625,-30.25,-55.75
2026-09-28T14:55:18.165568,-7.00390625,0.125,6.80859375,-0.00390625,-0.001953125,0.0,18.0625,-31.75,-56.1875
2026-09-28T14:55:18.181529,-7.00390625,0.125,6.80859375,-0.00390625,-0.001953125,0.0,18.0625,-31.75,-56.1875
2026-09-28T14:55:18.210812,-7.0,0.125,6.84765625,-0.001953125,-0.005859375,-0.001953125,17.75,-31.0625,-55.8125
2026-09-28T14:55:18.231100,-7.0,0.125,6.84765625,-0.001953125,-0.005859375,-0.001953125,17.75,-31.0625,-55.8125
2026-09-28T14:55:18.260338,-7.0,0.125,6.84765625,0.0,-0.00390625,-0.005859375,17.9375,-32.0625,-53.5
2026-09-28T14:55:18.277449,-7.0,0.125,6.84765625,0.0,-0.00390625,-0.005859375,17.9375,-32.0625,-53.5
2026-09-28T14:55:18.302249,-7.0,0.125,6.84765625,0.001953125,-0.0078125,-0.00390625,17.9375,-32.0625,-53.5
2026-09-28T14:55:18.328015,-7.0,0.125,6.84765625,0.001953125,-0.0078125,-0.00390625,17.5,-31.4375,-54.6875
2026-09-28T14:55:18.352962,-7.0,0.125,6.84765625,-0.0078125,-0.00390625,0.0,17.5,-31.4375,-54.6875
2026-09-28T14:55:18.374057,-7.0,0.125,6.84765625,-0.0078125,-0.00390625,0.0,18.9375,-33.5625,-53.5
2026-09-28T14:55:18.400265,-7.0,0.125,6.84765625,-0.001953125,-0.0078125,0.0,18.9375,-33.5625,-53.5
2026-09-28T14:55:18.426402,-6.9609375,0.125,6.84765625,-0.001953125,-0.0078125,0.0,18.625,-31.3125,-53.875
2026-09-28T14:55:18.450699,-6.9609375,0.125,6.84765625,-0.001953125,-0.009765625,0.0,18.625,-31.3125,-53.875
2026-09-28T14:55:18.475902,-6.9609375,0.125,6.84765625,-0.001953125,-0.009765625,0.0,19.0,-32.0,-52.6875
2026-09-28T14:55:18.496379,-6.9609375,0.125,6.84765625,0.0,-0.00390625,0.001953125,19.0,-32.0,-52.6875
2026-09-28T14:55:18.520556,-6.9609375,0.125,6.84765625,0.0,-0.00390625,0.001953125,17.375,-31.875,-55.9375
2026-09-28T14:55:18.546370,-6.9609375,0.125,6.84765625,0.00390625,-0.005859375,0.0,17.375,-31.875,-55.9375
2026-09-28T14:55:18.570237,-6.9609375,0.125,6.84765625,0.00390625,-0.005859375,0.0,18.5,-32.875,-55.0625
2026-09-28T14:55:18.590856,-6.9609375,0.125,6.84765625,-0.001953125,-0.01171875,0.00390625,18.5,-32.875,-55.0625
2026-09-28T14:55:18.616436,-6.9609375,0.125,6.84765625,-0.001953125,-0.01171875,0.00390625,19.1875,-31.8125,-55.8125
2026-09-28T14:55:18.639936,-6.9609375,0.125,6.84765625,0.001953125,-0.001953125,0.0,19.1875,-31.8125,-55.8125
2026-09-28T14:55:18.665573,-6.9609375,0.125,6.84765625,0.001953125,-0.001953125,0.0,17.625,-31.5,-57.4375
2026-09-28T14:55:18.681141,-6.9609375,0.125,6.84765625,0.001953125,-0.001953125,0.0,17.625,-31.5,-57.4375
2026-09-28T14:55:18.710053,-6.9609375,0.125,6.84765625,0.001953125,-0.00390625,0.001953125,17.4375,-32.125,-55.125
2026-09-28T14:55:18.730300,-6.9609375,0.125,6.84765625,0.001953125,-0.00390625,0.001953125,17.4375,-32.125,-55.125
2026-09-28T14:55:18.750557,-6.9609375,0.125,6.84765625,0.001953125,-0.00390625,0.0,17.4375,-32.125,-55.125
2026-09-28T14:55:18.776107,-6.9609375,0.125,6.84765625,0.001953125,-0.00390625,0.0,18.875,-30.625,-55.0
2026-09-28T14:55:18.800281,-6.9609375,0.125,6.88671875,-0.001953125,-0.005859375,0.0,18.875,-30.625,-55.0
2026-09-28T14:55:18.825577,-6.9609375,0.125,6.88671875,-0.001953125,-0.005859375,0.0,18.375,-32.0,-52.3125
2026-09-28T14:55:18.850326,-6.9609375,0.125,6.88671875,0.0,-0.001953125,-0.00390625,18.375,-32.0,-52.3125
2026-09-28T14:55:18.870642,-6.9609375,0.125,6.88671875,0.0,-0.001953125,-0.00390625,17.1875,-31.75,-53.5625
2026-09-28T14:55:18.896073,-6.9609375,0.125,6.88671875,-0.001953125,0.0,0.0,17.1875,-31.75,-53.5625
2026-09-28T14:55:18.920244,-6.9609375,0.125,6.88671875,-0.001953125,0.0,0.0,19.375,-30.9375,-53.8125
2026-09-28T14:55:18.945514,-6.9609375,0.125,6.88671875,0.0,-0.001953125,-0.001953125,19.375,-30.9375,-53.8125
2026-09-28T14:55:18.965990,-6.9609375,0.125,6.88671875,0.0,-0.001953125,-0.001953125,17.75,-32.5,-55.0625
2026-09-28T14:55:18.990226,-6.92578125,0.125,6.84765625,-0.001953125,-0.005859375,-0.00390625,17.75,-32.5,-55.0625
2026-09-28T14:55:19.015458,-6.9609375,0.125,6.88671875,-0.001953125,-0.005859375,-0.00390625,18.0,-31.5,-57.4375
2026-09-28T14:55:19.031026,-6.9609375,0.125,6.88671875,-0.001953125,-0.005859375,-0.00390625,18.0,-31.5,-57.4375
2026-09-28T14:55:19.059904,-6.9609375,0.125,6.84765625,0.0,-0.01171875,-0.001953125,17.75,-31.75,-55.875
2026-09-28T14:55:19.080121,-6.9609375,0.125,6.88671875,0.0,-0.01171875,-0.001953125,17.75,-31.75,-55.875
2026-09-28T14:55:19.108742,-6.9609375,0.125,6.88671875,-0.001953125,-0.001953125,0.0,18.1875,-32.0625,-54.6875
2026-09-28T14:55:19.125998,-6.9609375,0.125,6.88671875,-0.001953125,-0.001953125,0.0,18.1875,-32.0625,-54.6875
2026-09-28T14:55:19.150200,-6.92578125,0.125,6.84765625,-0.001953125,-0.005859375,0.0,18.1875,-32.0625,-54.6875
2026-09-28T14:55:19.175373,-6.9609375,0.125,6.88671875,-0.001953125,-0.005859375,0.0,18.3125,-32.375,-53.125
2026-09-28T14:55:19.199636,-6.92578125,0.125,6.88671875,0.0,-0.009765625,0.0,18.3125,-32.375,-53.125
2026-09-28T14:55:19.219927,-6.92578125,0.125,6.88671875,0.0,-0.009765625,0.0,19.0625,-30.9375,-53.0625
2026-09-28T14:55:19.245260,-6.96484375,0.125,6.92578125,0.0,-0.005859375,0.0,19.0625,-30.9375,-53.0625
2026-09-28T14:55:19.269502,-6.92578125,0.125,6.88671875,0.0,-0.005859375,0.0,18.5625,-31.0,-55.375
2026-09-28T14:55:19.295248,-6.92578125,0.125,6.88671875,0.001953125,-0.001953125,0.0,18.5625,-31.0,-55.375
2026-09-28T14:55:19.315022,-6.92578125,0.125,6.88671875,0.001953125,-0.001953125,0.0,18.875,-31.0,-54.9375
2026-09-28T14:55:19.339334,-6.92578125,0.125,6.88671875,0.00390625,-0.005859375,0.00390625,18.875,-31.0,-54.9375
2026-09-28T14:55:19.364644,-6.92578125,0.125,6.88671875,0.00390625,-0.005859375,0.00390625,17.625,-32.5625,-56.6875
2026-09-28T14:55:19.389469,-6.92578125,0.125,6.88671875,-0.001953125,-0.005859375,-0.001953125,17.625,-32.5625,-56.6875
2026-09-28T14:55:19.409695,-6.92578125,0.125,6.88671875,-0.001953125,-0.005859375,-0.001953125,17.875,-32.625,-58.1875
2026-09-28T14:55:19.429952,-6.92578125,0.125,6.921875,-0.001953125,-0.005859375,-0.001953125,17.875,-32.625,-58.1875
2026-09-28T14:55:19.458987,-6.92578125,0.125,6.88671875,-0.00390625,-0.009765625,0.001953125,17.0625,-31.4375,-55.125
2026-09-28T14:55:19.479396,-6.92578125,0.125,6.88671875,-0.00390625,-0.009765625,0.001953125,17.0625,-31.4375,-55.125
2026-09-28T14:55:19.499659,-6.92578125,0.125,6.88671875,0.001953125,-0.009765625,0.001953125,17.0625,-31.4375,-55.125
2026-09-28T14:55:19.525017,-6.92578125,0.125,6.88671875,0.001953125,-0.009765625,0.001953125,16.8125,-31.4375,-54.8125
2026-09-28T14:55:19.549315,-6.92578125,0.125,6.88671875,-0.001953125,-0.009765625,0.001953125,16.8125,-31.4375,-54.8125
2026-09-28T14:55:19.573144,-6.92578125,0.125,6.88671875,-0.001953125,-0.009765625,0.001953125,18.1875,-32.5,-54.6875
2026-09-28T14:55:19.594537,-6.92578125,0.125,6.88671875,0.005859375,-0.01171875,0.0,18.1875,-32.5,-54.6875
2026-09-28T14:55:19.619100,-6.92578125,0.125,6.921875,0.005859375,-0.01171875,0.0,18.625,-31.375,-54.25
2026-09-28T14:55:19.644587,-6.92578125,0.125,6.921875,0.0,-0.013671875,-0.001953125,18.625,-31.375,-54.25
2026-09-28T14:55:19.669197,-6.92578125,0.125,6.921875,0.0,-0.013671875,-0.001953125,18.1875,-31.8125,-55.125
2026-09-28T14:55:19.689403,-6.92578125,0.125,6.921875,-0.001953125,-0.013671875,0.001953125,18.1875,-31.8125,-55.125
2026-09-28T14:55:19.714898,-6.92578125,0.125,6.921875,-0.001953125,-0.013671875,0.001953125,16.9375,-31.8125,-56.75
2026-09-28T14:55:19.739051,-6.92578125,0.125,6.921875,0.001953125,-0.01953125,0.001953125,16.9375,-31.8125,-56.75
2026-09-28T14:55:19.764951,-6.92578125,0.125,6.921875,0.001953125,-0.01953125,0.001953125,17.25,-33.375,-56.75
2026-09-28T14:55:19.780552,-6.92578125,0.125,6.921875,0.001953125,-0.01953125,0.001953125,17.25,-33.375,-56.75
2026-09-28T14:55:19.808737,-6.92578125,0.125,6.88671875,0.0,-0.015625,0.0,17.75,-31.75,-55.5
2026-09-28T14:55:19.829686,-6.92578125,0.125,6.921875,0.0,-0.015625,0.0,17.75,-31.75,-55.5
2026-09-28T14:55:19.859313,-6.88671875,0.125,6.92578125,-0.00390625,-0.005859375,0.0,17.0625,-31.0625,-55.5
2026-09-28T14:55:19.876859,-6.88671875,0.125,6.92578125,-0.00390625,-0.005859375,0.0,17.0625,-31.0625,-55.5
2026-09-28T14:55:19.901658,-6.92578125,0.125,6.921875,0.005859375,-0.013671875,0.0,17.0625,-31.0625,-55.5
2026-09-28T14:55:19.927774,-6.88671875,0.125,6.92578125,0.005859375,-0.013671875,0.0,18.3125,-31.3125,-53.5
2026-09-28T14:55:19.958184,-6.92578125,0.125,6.88671875,0.0,0.03125,0.001953125,17.9375,-31.0,-53.9375
2026-09-28T14:55:19.979059,-6.92578125,0.125,6.88671875,0.0,0.03125,0.001953125,17.9375,-31.0,-53.9375
2026-09-28T14:55:19.999670,-6.92578125,0.125,6.921875,0.0,-0.0546875,0.0,17.9375,-31.0,-53.9375
2026-09-28T14:55:20.025205,-6.88671875,0.125,6.92578125,0.0,-0.0546875,0.0,17.4375,-31.75,-55.0625
2026-09-28T14:55:20.049416,-6.88671875,0.125,6.92578125,-0.001953125,-0.01171875,0.001953125,17.4375,-31.75,-55.0625
2026-09-28T14:55:20.074644,-6.92578125,0.1640625,6.921875,-0.001953125,-0.01171875,0.001953125,17.1875,-31.375,-53.5625
2026-09-28T14:55:20.095061,-6.92578125,0.1640625,6.921875,0.001953125,0.033203125,0.001953125,17.1875,-31.375,-53.5625
2026-09-28T14:55:20.119265,-6.88671875,0.125,6.92578125,0.001953125,0.033203125,0.001953125,17.125,-32.125,-54.0
2026-09-28T14:55:20.144592,-6.88671875,0.125,6.92578125,-0.001953125,-0.0078125,0.0,17.125,-32.125,-54.0
2026-09-28T14:55:20.168748,-6.88671875,0.125,6.92578125,-0.001953125,-0.0078125,0.0,18.5625,-31.6875,-55.0
2026-09-28T14:55:20.188957,-6.88671875,0.125,6.92578125,0.001953125,-0.0234375,0.0,18.5625,-31.6875,-55.0
2026-09-28T14:55:20.214538,-6.88671875,0.125,6.92578125,0.001953125,-0.0234375,0.0,17.6875,-31.8125,-56.6875
2026-09-28T14:55:20.238389,-6.88671875,0.125,6.9609375,0.001953125,0.005859375,0.0,17.6875,-31.8125,-56.6875
2026-09-28T14:55:20.264008,-6.88671875,0.125,6.92578125,0.001953125,0.005859375,0.0,18.3125,-31.5,-57.75
2026-09-28T14:55:20.279558,-6.88671875,0.125,6.92578125,0.001953125,0.005859375,0.0,18.3125,-31.5,-57.75
2026-09-28T14:55:20.308907,-6.88671875,0.125,6.92578125,-0.001953125,-0.00390625,0.0,18.5,-32.5,-55.0625
2026-09-28T14:55:20.329137,-6.88671875,0.125,6.9609375,-0.001953125,-0.00390625,0.0,18.5,-32.5,-55.0625
2026-09-28T14:55:20.350378,-6.88671875,0.125,6.9609375,-0.001953125,-0.01953125,0.001953125,18.5,-32.5,-55.0625
2026-09-28T14:55:20.376528,-6.88671875,0.125,6.92578125,-0.001953125,-0.01953125,0.001953125,17.375,-31.75,-55.5
2026-09-28T14:55:20.401391,-6.88671875,0.125,6.92578125,-0.00390625,-0.017578125,0.0,17.375,-31.75,-55.5
2026-09-28T14:55:20.427524,-6.88671875,0.125,6.9609375,-0.00390625,-0.017578125,0.0,17.0625,-32.5,-54.4375
2026-09-28T14:55:20.451676,-6.88671875,0.125,6.9609375,-0.001953125,0.00390625,0.0,17.0625,-32.5,-54.4375
2026-09-28T14:55:20.472751,-6.88671875,0.125,6.9609375,-0.001953125,0.00390625,0.0,17.875,-31.375,-54.3125
2026-09-28T14:55:20.498736,-6.88671875,0.125,6.92578125,-0.001953125,-0.0390625,0.00390625,17.875,-31.375,-54.3125
2026-09-28T14:55:20.524326,-6.84765625,0.125,6.9609375,-0.001953125,-0.0390625,0.00390625,17.875,-31.75,-54.3125
2026-09-28T14:55:20.548771,-6.88671875,0.125,6.92578125,0.001953125,-0.009765625,-0.001953125,17.875,-31.75,-54.3125
2026-09-28T14:55:20.568939,-6.88671875,0.125,6.92578125,0.001953125,-0.009765625,-0.001953125,17.5,-31.0,-54.3125
2026-09-28T14:55:20.594273,-6.88671875,0.125,6.9609375,0.00390625,-0.013671875,0.001953125,17.5,-31.0,-54.3125
2026-09-28T14:55:20.618447,-6.84765625,0.125,6.92578125,0.00390625,-0.013671875,0.001953125,18.0,-30.9375,-52.75
2026-09-28T14:55:20.643805,-6.88671875,0.125,6.9609375,0.00390625,-0.02734375,0.00390625,18.0,-30.9375,-52.75
2026-09-28T14:55:20.668243,-6.88671875,0.125,6.9609375,0.00390625,-0.02734375,0.00390625,17.75,-32.875,-55.1875
2026-09-28T14:55:20.689064,-6.88671875,0.125,6.92578125,0.0,-0.001953125,0.001953125,17.75,-32.875,-55.1875
2026-09-28T14:55:20.714209,-6.88671875,0.125,6.9609375,0.0,-0.001953125,0.001953125,17.4375,-31.4375,-55.5
2026-09-28T14:55:20.738357,-6.88671875,0.125,6.92578125,-0.001953125,0.00390625,0.00390625,17.4375,-31.4375,-55.5
2026-09-28T14:55:20.764136,-6.88671875,0.125,6.9609375,-0.001953125,0.00390625,0.00390625,17.25,-31.5625,-57.4375
2026-09-28T14:55:20.785043,-6.88671875,0.125,6.9609375,-0.001953125,0.00390625,0.00390625,17.25,-31.5625,-57.4375
2026-09-28T14:55:20.808821,-6.88671875,0.125,6.9609375,-0.001953125,-0.005859375,0.0,16.9375,-31.875,-56.375
2026-09-28T14:55:20.834724,-6.88671875,0.125,6.9609375,-0.001953125,-0.005859375,0.0,16.9375,-31.875,-56.375
2026-09-28T14:55:20.850288,-6.88671875,0.125,6.9609375,-0.001953125,0.005859375,0.0,16.9375,-31.875,-56.375
2026-09-28T14:55:20.875952,-6.88671875,0.125,6.9609375,-0.001953125,0.005859375,0.0,17.625,-30.75,-57.8125
2026-09-28T14:55:20.900411,-6.84765625,0.125,6.9609375,0.0,-0.001953125,-0.001953125,17.625,-30.75,-57.8125
2026-09-28T14:55:20.926095,-6.88671875,0.125,6.9609375,0.0,-0.001953125,-0.001953125,17.0625,-31.75,-54.75
2026-09-28T14:55:20.950538,-6.88671875,0.125,6.9609375,-0.001953125,0.0078125,-0.001953125,17.0625,-31.75,-54.75
2026-09-28T14:55:20.971382,-6.88671875,0.125,6.9609375,-0.001953125,0.0078125,-0.001953125,17.875,-30.625,-54.25
2026-09-28T14:55:20.996407,-6.84765625,0.125,6.9609375,-0.001953125,0.0,-0.001953125,17.875,-30.625,-54.25
2026-09-28T14:55:21.022074,-6.88671875,0.125,7.0,-0.001953125,0.0,-0.001953125,17.8125,-31.75,-55.0625
2026-09-28T14:55:21.046489,-6.88671875,0.125,7.0,0.00390625,0.005859375,0.0,17.8125,-31.75,-55.0625
2026-09-28T14:55:21.067963,-6.88671875,0.125,6.9609375,0.00390625,0.005859375,0.0,18.6875,-30.5625,-53.4375
2026-09-28T14:55:21.094186,-6.84765625,0.125,6.9609375,0.0,-0.00390625,-0.001953125,18.6875,-30.5625,-53.4375
2026-09-28T14:55:21.118326,-6.88671875,0.125,6.9609375,0.0,-0.00390625,-0.001953125,17.8125,-31.75,-55.0625
2026-09-28T14:55:21.143404,-6.84765625,0.125,6.9609375,-0.001953125,-0.0078125,0.0,17.8125,-31.75,-55.0625
2026-09-28T14:55:21.163960,-6.84765625,0.125,6.9609375,-0.001953125,-0.0078125,0.0,17.375,-32.875,-55.125
2026-09-28T14:55:21.188909,-6.84765625,0.125,6.9609375,-0.001953125,-0.001953125,-0.001953125,17.375,-32.875,-55.125
2026-09-28T14:55:21.214550,-6.84765625,0.125,6.9609375,-0.001953125,-0.001953125,-0.001953125,17.8125,-31.75,-55.0625
2026-09-28T14:55:21.239471,-6.84765625,0.125,6.9609375,-0.001953125,-0.013671875,0.0,17.8125,-31.75,-55.0625
2026-09-28T14:55:21.259680,-6.84765625,0.125,6.9609375,-0.001953125,-0.013671875,0.0,16.875,-33.375,-57.1875
2026-09-28T14:55:21.285443,-6.84765625,0.125,7.0,-0.001953125,-0.013671875,0.0,16.875,-33.375,-57.1875
2026-09-28T14:55:21.309368,-6.84765625,0.125,6.9609375,0.00390625,-0.0078125,0.0,16.5,-31.5625,-57.9375
2026-09-28T14:55:21.334607,-6.84765625,0.125,6.9609375,0.00390625,-0.0078125,0.0,16.5,-31.5625,-57.9375
2026-09-28T14:55:21.350122,-6.84765625,0.125,6.9609375,0.0,-0.001953125,0.0,16.5,-31.5625,-57.9375
2026-09-28T14:55:21.375561,-6.84765625,0.125,6.9609375,0.0,-0.001953125,0.0,16.125,-31.9375,-58.3125
2026-09-28T14:55:21.400079,-6.84765625,0.125,7.0,-0.001953125,-0.005859375,0.0,16.125,-31.9375,-58.3125
2026-09-28T14:55:21.424177,-6.84765625,0.125,6.9609375,-0.001953125,-0.005859375,0.0,17.9375,-31.375,-53.5
2026-09-28T14:55:21.444624,-6.84765625,0.125,6.9609375,0.005859375,-0.015625,0.001953125,17.9375,-31.375,-53.5
2026-09-28T14:55:21.469251,-6.84765625,0.125,7.0,0.005859375,-0.015625,0.001953125,17.4375,-31.0625,-55.125
2026-09-28T14:55:21.494281,-6.84765625,0.125,6.9609375,0.0,0.001953125,0.00390625,17.4375,-31.0625,-55.125
2026-09-28T14:55:21.517830,-6.84765625,0.125,7.0,0.0,0.001953125,0.00390625,16.8125,-31.0625,-54.375
2026-09-28T14:55:21.538044,-6.84765625,0.125,7.0,-0.001953125,0.0,0.0,16.8125,-31.0625,-54.375
2026-09-28T14:55:21.564072,-6.84765625,0.125,6.9609375,-0.001953125,0.0,0.0,16.6875,-31.5,-56.375
2026-09-28T14:55:21.590319,-6.84765625,0.125,6.9609375,0.001953125,-0.001953125,0.001953125,16.6875,-31.5,-56.375
2026-09-28T14:55:21.616948,-6.84765625,0.125,6.9609375,0.001953125,-0.001953125,0.001953125,16.9375,-32.1875,-56.75
2026-09-28T14:55:21.643421,-6.84765625,0.125,7.0,-0.005859375,0.0,-0.00390625,16.9375,-32.1875,-56.75
2026-09-28T14:55:21.663834,-6.84765625,0.125,7.0,-0.005859375,0.0,-0.00390625,18.5625,-32.0625,-55.0
2026-09-28T14:55:21.687974,-6.84765625,0.125,7.0,0.0,0.01171875,0.0,18.5625,-32.0625,-55.0
2026-09-28T14:55:21.713457,-6.84765625,0.125,7.0,0.0,0.01171875,0.0,16.25,-31.1875,-56.75
2026-09-28T14:55:21.728925,-6.84765625,0.125,7.0,0.0,0.01171875,0.0,16.25,-31.1875,-56.75
2026-09-28T14:55:21.757900,-6.84765625,0.125,6.9609375,-0.001953125,-0.001953125,0.0,18.0625,-31.8125,-56.25
2026-09-28T14:55:21.778420,-6.8125,0.125,7.0,-0.001953125,-0.001953125,0.0,18.0625,-31.8125,-56.25
2026-09-28T14:55:21.807772,-6.84765625,0.125,7.0,0.001953125,0.0,0.0,17.1875,-29.5625,-54.75
2026-09-28T14:55:21.828411,-6.84765625,0.125,7.0,0.001953125,0.0,0.0,17.1875,-29.5625,-54.75
2026-09-28T14:55:21.849152,-6.84765625,0.125,7.0,-0.005859375,-0.005859375,-0.00390625,17.1875,-29.5625,-54.75
2026-09-28T14:55:21.874163,-6.84765625,0.125,7.0,-0.005859375,-0.005859375,-0.00390625,17.6875,-32.5625,-55.875
2026-09-28T14:55:21.898300,-6.84765625,0.125,7.0,-0.001953125,0.00390625,-0.001953125,17.6875,-32.5625,-55.875
2026-09-28T14:55:21.923785,-6.84765625,0.125,7.0,-0.001953125,0.00390625,-0.001953125,18.5625,-32.4375,-54.6875
2026-09-28T14:55:21.944111,-6.84765625,0.125,7.0,0.0,-0.00390625,-0.001953125,18.5625,-32.4375,-54.6875
2026-09-28T14:55:21.968181,-6.8125,0.125,7.0,0.0,-0.00390625,-0.001953125,16.75,-32.1875,-55.25
2026-09-28T14:55:21.993337,-6.8125,0.125,7.0,0.0,-0.0078125,0.0,16.75,-32.1875,-55.25
2026-09-28T14:55:22.017479,-6.84765625,0.125,7.0,0.0,-0.0078125,0.0,17.875,-31.0,-54.75
2026-09-28T14:55:22.037678,-6.84765625,0.125,7.0,0.0,-0.005859375,0.001953125,17.875,-31.0,-54.75
2026-09-28T14:55:22.063192,-6.8125,0.125,7.0,0.0,-0.005859375,0.001953125,15.9375,-32.625,-56.0625
2026-09-28T14:55:22.087677,-6.84765625,0.125,7.0,0.001953125,0.001953125,0.0,15.9375,-32.625,-56.0625
2026-09-28T14:55:22.112937,-6.84765625,0.125,7.0,0.001953125,0.001953125,0.0,16.5,-31.875,-57.5
2026-09-28T14:55:22.128878,-6.84765625,0.125,7.0,0.001953125,0.001953125,0.0,16.5,-31.875,-57.5
2026-09-28T14:55:22.157340,-6.8125,0.125,7.0,0.0,-0.00390625,0.0,17.0625,-31.0625,-55.125
2026-09-28T14:55:22.183739,-6.8125,0.125,7.0,0.0,-0.00390625,0.0,17.0625,-31.0625,-55.125
2026-09-28T14:55:22.200009,-6.8125,0.125,7.0,0.001953125,-0.005859375,0.001953125,17.0625,-31.0625,-55.125
2026-09-28T14:55:22.226516,-6.8125,0.125,7.0,0.001953125,-0.005859375,0.001953125,17.625,-31.5,-57.4375
2026-09-28T14:55:22.256328,-6.8125,0.125,7.0,0.0,0.001953125,0.0,16.375,-31.875,-55.625
2026-09-28T14:55:22.277079,-6.8125,0.125,7.0,0.0,0.001953125,0.0,16.375,-31.875,-55.625
2026-09-28T14:55:22.304954,-6.8125,0.125,7.0,0.00390625,-0.00390625,0.0,17.0625,-32.5,-54.75
2026-09-28T14:55:22.322016,-6.8125,0.125,7.0,0.00390625,-0.00390625,0.0,17.0625,-32.5,-54.75
2026-09-28T14:55:22.347358,-6.8125,0.125,7.0,0.00390625,-0.009765625,0.0,17.0625,-32.5,-54.75
2026-09-28T14:55:22.372918,-6.8125,0.125,7.0390625,0.00390625,-0.009765625,0.0,17.9375,-31.0,-53.5
2026-09-28T14:55:22.397014,-6.8125,0.125,7.0,0.0,-0.0078125,-0.001953125,17.9375,-31.0,-53.5
2026-09-28T14:55:22.421534,-6.8125,0.125,7.0,0.0,-0.0078125,-0.001953125,18.625,-32.4375,-53.5
2026-09-28T14:55:22.442682,-6.8125,0.125,7.0,0.00390625,-0.005859375,0.0,18.625,-32.4375,-53.5
2026-09-28T14:55:22.467256,-6.8125,0.125,7.0,0.00390625,-0.005859375,0.0,16.75,-31.125,-55.5625
2026-09-28T14:55:22.492914,-6.8125,0.125,7.0,0.0,-0.00390625,0.0,16.75,-31.125,-55.5625
2026-09-28T14:55:22.517482,-6.8125,0.125,7.0,0.0,-0.00390625,0.0,16.0,-32.1875,-54.9375
2026-09-28T14:55:22.538523,-6.8125,0.125,7.0,0.001953125,-0.01953125,0.00390625,16.0,-32.1875,-54.9375
2026-09-28T14:55:22.563471,-6.8125,0.125,7.0,0.001953125,-0.01953125,0.00390625,16.9375,-31.875,-56.375
2026-09-28T14:55:22.587525,-6.8125,0.125,7.0390625,-0.001953125,-0.005859375,0.001953125,16.9375,-31.875,-56.375
2026-09-28T14:55:22.613309,-6.8125,0.125,7.0,-0.001953125,-0.005859375,0.001953125,17.125,-31.9375,-58.6875
2026-09-28T14:55:22.633817,-6.8125,0.125,7.0,-0.001953125,-0.005859375,0.001953125,17.125,-31.9375,-58.6875
2026-09-28T14:55:22.657225,-6.8125,0.125,7.0,0.0,-0.00390625,0.001953125,16.8125,-33.0,-57.9375
2026-09-28T14:55:22.677399,-6.8125,0.125,7.0390625,0.0,-0.00390625,0.001953125,16.8125,-33.0,-57.9375
2026-09-28T14:55:22.697590,-6.8125,0.125,7.0390625,0.001953125,-0.013671875,0.001953125,16.8125,-33.0,-57.9375
2026-09-28T14:55:22.722744,-6.8125,0.125,7.0390625,0.001953125,-0.013671875,0.001953125,15.875,-33.375,-56.125
2026-09-28T14:55:22.746886,-6.8125,0.125,7.0,0.00390625,-0.001953125,0.001953125,15.875,-33.375,-56.125
2026-09-28T14:55:22.772428,-6.84765625,0.125,7.0390625,0.00390625,-0.001953125,0.001953125,16.4375,-32.5,-54.4375
2026-09-28T14:55:22.793088,-6.84765625,0.125,7.0390625,0.00390625,-0.00390625,0.0,16.4375,-32.5,-54.4375
2026-09-28T14:55:22.817237,-6.7734375,0.125,7.00390625,0.00390625,-0.00390625,0.0,18.25,-31.375,-54.25
2026-09-28T14:55:22.842650,-6.8125,0.125,7.0,0.005859375,-0.009765625,0.005859375,18.25,-31.375,-54.25
2026-09-28T14:55:22.867140,-6.8125,0.1640625,7.0390625,0.005859375,-0.009765625,0.005859375,17.0,-32.5625,-55.625
2026-09-28T14:55:22.887669,-6.8125,0.1640625,7.0390625,-0.005859375,-0.001953125,0.001953125,17.0,-32.5625,-55.625
2026-09-28T14:55:22.913087,-6.8125,0.125,7.0390625,-0.005859375,-0.001953125,0.001953125,17.0,-30.75,-56.6875
2026-09-28T14:55:22.937536,-6.8125,0.125,7.0390625,0.0,-0.00390625,0.001953125,17.0,-30.75,-56.6875
2026-09-28T14:55:22.963043,-6.8125,0.125,7.0390625,0.0,-0.00390625,0.001953125,17.6875,-32.1875,-56.6875
2026-09-28T14:55:22.989349,-6.8125,0.125,7.0390625,0.001953125,-0.001953125,0.0,17.6875,-32.1875,-56.6875
2026-09-28T14:55:23.010961,-6.8125,0.125,7.0390625,0.001953125,-0.001953125,0.0,16.9375,-31.875,-56.75
2026-09-28T14:55:23.036787,-6.8125,0.125,7.0390625,0.0,-0.0078125,-0.001953125,16.9375,-31.875,-56.75
2026-09-28T14:55:23.062441,-6.8125,0.125,7.0390625,0.0,-0.0078125,-0.001953125,16.625,-32.625,-56.8125
2026-09-28T14:55:23.087331,-6.8125,0.125,7.0390625,-0.00390625,0.0,-0.005859375,16.625,-32.625,-56.8125
2026-09-28T14:55:23.108218,-6.8125,0.125,7.0390625,-0.00390625,0.0,-0.005859375,15.5,-31.1875,-57.1875
2026-09-28T14:55:23.134769,-6.7734375,0.08984375,7.1171875,-0.001953125,-0.01171875,-0.00390625,15.5,-31.1875,-57.1875
2026-09-28T14:55:23.160554,-6.8125,0.1640625,7.0390625,-0.001953125,-0.01171875,-0.00390625,16.625,-30.4375,-57.5
2026-09-28T14:55:23.185602,-6.8125,0.08984375,7.04296875,-0.001953125,-0.111328125,-0.001953125,16.625,-30.4375,-57.5
2026-09-28T14:55:23.210696,-6.7734375,0.1640625,7.08203125,-0.001953125,-0.111328125,-0.001953125,17.1875,-31.5625,-58.25
2026-09-28T14:55:23.226648,-6.7734375,0.1640625,7.08203125,-0.001953125,-0.111328125,-0.001953125,17.1875,-31.5625,-58.25
2026-09-28T14:55:23.255579,-6.8125,0.125,7.0390625,0.00390625,0.091796875,0.00390625,16.375,-31.125,-55.9375
2026-09-28T14:55:23.276382,-6.7734375,0.125,7.04296875,0.00390625,0.091796875,0.00390625,16.375,-31.125,-55.9375
2026-09-28T14:55:23.306264,-6.7734375,0.125,7.04296875,-0.001953125,-0.0234375,0.0,16.4375,-30.6875,-54.75
2026-09-28T14:55:23.323276,-6.7734375,0.125,7.04296875,-0.001953125,-0.0234375,0.0,16.4375,-30.6875,-54.75
2026-09-28T14:55:23.347268,-6.8125,0.125,7.0390625,0.001953125,-0.072265625,-0.001953125,16.4375,-30.6875,-54.75
2026-09-28T14:55:23.372746,-6.7734375,0.1640625,7.04296875,0.001953125,-0.072265625,-0.001953125,16.8125,-32.125,-54.0625
2026-09-28T14:55:23.396563,-6.7734375,0.08984375,7.0390625,0.001953125,0.005859375,0.0,16.8125,-32.125,-54.0625
2026-09-28T14:55:23.417110,-6.7734375,0.08984375,7.0390625,0.001953125,0.005859375,0.0,16.9375,-30.25,-53.5625
2026-09-28T14:55:23.442734,-6.8125,0.125,7.0390625,0.00390625,0.01953125,0.001953125,16.9375,-30.25,-53.5625
2026-09-28T14:55:23.467167,-6.7734375,0.125,7.00390625,0.00390625,0.01953125,0.001953125,17.0625,-31.4375,-55.5625
2026-09-28T14:55:23.492132,-6.7734375,0.125,7.04296875,0.00390625,-0.052734375,0.001953125,17.0625,-31.4375,-55.5625
2026-09-28T14:55:23.512701,-6.7734375,0.125,7.04296875,0.00390625,-0.052734375,0.001953125,16.5625,-33.0,-56.8125
2026-09-28T14:55:23.537084,-6.7734375,0.125,7.04296875,0.00390625,-0.0078125,0.001953125,16.5625,-33.0,-56.8125
2026-09-28T14:55:23.562882,-6.7734375,0.125,7.04296875,0.00390625,-0.0078125,0.001953125,15.3125,-32.75,-58.875
2026-09-28T14:55:23.587754,-6.7734375,0.125,7.04296875,0.0,0.005859375,0.001953125,15.3125,-32.75,-58.875
2026-09-28T14:55:23.608271,-6.7734375,0.125,7.04296875,0.0,0.005859375,0.001953125,17.1875,-32.25,-58.25
2026-09-28T14:55:23.634375,-6.7734375,0.08984375,7.078125,-0.001953125,-0.001953125,0.0,17.1875,-32.25,-58.25
2026-09-28T14:55:23.659861,-6.7734375,0.1640625,7.08203125,-0.001953125,-0.001953125,0.0,18.0,-33.6875,-56.6875
2026-09-28T14:55:23.685526,-6.7734375,0.125,7.04296875,0.0,-0.03515625,0.001953125,18.0,-33.6875,-56.6875
2026-09-28T14:55:23.709850,-6.7734375,0.125,7.04296875,0.0,-0.03515625,0.001953125,16.25,-31.1875,-57.5
2026-09-28T14:55:23.726318,-6.7734375,0.125,7.04296875,0.0,-0.03515625,0.001953125,16.25,-31.1875,-57.5
2026-09-28T14:55:23.755251,-6.7734375,0.125,7.08203125,0.001953125,0.03125,0.001953125,16.3125,-31.5,-56.375
2026-09-28T14:55:23.776512,-6.8125,0.125,7.0390625,0.001953125,0.03125,0.001953125,16.3125,-31.5,-56.375
2026-09-28T14:55:23.797081,-6.8125,0.125,7.0390625,-0.001953125,-0.0234375,0.0,16.3125,-31.5,-56.375
2026-09-28T14:55:23.822396,-6.7734375,0.1640625,7.04296875,-0.001953125,-0.0234375,0.0,16.25,-32.625,-56.875
2026-09-28T14:55:23.846103,-6.7734375,0.125,7.04296875,0.00390625,-0.0078125,0.001953125,16.25,-32.625,-56.875
2026-09-28T14:55:23.871836,-6.7734375,0.125,7.04296875,0.00390625,-0.0078125,0.001953125,17.5,-31.75,-54.375
2026-09-28T14:55:23.896629,-6.7734375,0.125,7.04296875,0.0,-0.00390625,0.00390625,17.5,-31.75,-54.375
2026-09-28T14:55:23.917481,-6.7734375,0.125,7.04296875,0.0,-0.00390625,0.00390625,16.0625,-32.5,-54.125
2026-09-28T14:55:23.942760,-6.7734375,0.125,7.04296875,0.00390625,-0.001953125,0.001953125,16.0625,-32.5,-54.125
2026-09-28T14:55:23.967409,-6.7734375,0.125,7.04296875,0.00390625,-0.001953125,0.001953125,17.0625,-31.4375,-55.5625
2026-09-28T14:55:23.991861,-6.7734375,0.125,7.04296875,0.001953125,-0.025390625,0.0,17.0625,-31.4375,-55.5625
2026-09-28T14:55:24.012125,-6.7734375,0.125,7.04296875,0.001953125,-0.025390625,0.0,16.0625,-31.5,-54.8125
2026-09-28T14:55:24.036022,-6.7734375,0.125,7.04296875,0.0,0.009765625,0.0,16.0625,-31.5,-54.8125
2026-09-28T14:55:24.061293,-6.7734375,0.125,7.08203125,0.0,0.009765625,0.0,15.8125,-32.6875,-57.25
2026-09-28T14:55:24.076650,-6.7734375,0.125,7.08203125,0.0,0.009765625,0.0,15.8125,-32.6875,-57.25
2026-09-28T14:55:24.105589,-6.7734375,0.125,7.08203125,-0.00390625,-0.0078125,0.00390625,16.9375,-32.5625,-56.375
2026-09-28T14:55:24.126300,-6.734375,0.125,7.08203125,-0.00390625,-0.0078125,0.00390625,16.9375,-32.5625,-56.375
2026-09-28T14:55:24.155184,-6.7734375,0.125,7.04296875,-0.001953125,0.001953125,0.001953125,16.75,-32.5625,-55.25
2026-09-28T14:55:24.172189,-6.7734375,0.125,7.04296875,-0.001953125,0.001953125,0.001953125,16.75,-32.5625,-55.25
2026-09-28T14:55:24.196060,-6.7734375,0.125,7.04296875,0.00390625,-0.013671875,-0.001953125,16.75,-32.5625,-55.25
2026-09-28T14:55:24.221051,-6.7734375,0.125,7.08203125,0.00390625,-0.013671875,-0.001953125,18.25,-32.0625,-53.9375
2026-09-28T14:55:24.245392,-6.7734375,0.125,7.08203125,-0.00390625,0.009765625,0.001953125,18.25,-32.0625,-53.9375
2026-09-28T14:55:24.266121,-6.7734375,0.125,7.08203125,-0.00390625,0.009765625,0.001953125,17.875,-31.0,-54.3125
2026-09-28T14:55:24.291578,-6.7734375,0.125,7.04296875,-0.001953125,-0.005859375,0.0,17.875,-31.0,-54.3125
2026-09-28T14:55:24.315671,-6.7734375,0.125,7.08203125,-0.001953125,-0.005859375,0.0,16.0,-31.875,-55.625
2026-09-28T14:55:24.341750,-6.7734375,0.125,7.08203125,-0.001953125,-0.001953125,0.0,16.0,-31.875,-55.625
2026-09-28T14:55:24.366093,-6.7734375,0.125,7.08203125,-0.001953125,-0.001953125,0.0,17.4375,-32.875,-54.75
2026-09-28T14:55:24.386563,-6.7734375,0.125,7.04296875,-0.001953125,0.005859375,-0.001953125,17.4375,-32.875,-54.75
2026-09-28T14:55:24.412034,-6.7734375,0.125,7.04296875,-0.001953125,0.005859375,-0.001953125,16.625,-33.3125,-56.0625
2026-09-28T14:55:24.436273,-6.734375,0.125,7.08203125,0.001953125,-0.0078125,-0.001953125,16.625,-33.3125,-56.0625
2026-09-28T14:55:24.461473,-6.734375,0.125,7.08203125,0.001953125,-0.0078125,-0.001953125,14.6875,-33.0625,-57.375
2026-09-28T14:55:24.476689,-6.734375,0.125,7.08203125,0.001953125,-0.0078125,-0.001953125,14.6875,-33.0625,-57.375
2026-09-28T14:55:24.505819,-6.7734375,0.125,7.04296875,0.001953125,-0.009765625,-0.001953125,16.3125,-32.1875,-56.0
2026-09-28T14:55:24.525831,-6.734375,0.125,7.04296875,0.001953125,-0.009765625,-0.001953125,16.3125,-32.1875,-56.0
2026-09-28T14:55:24.545815,-6.734375,0.125,7.04296875,0.00390625,0.0,0.0,16.3125,-32.1875,-56.0
2026-09-28T14:55:24.570847,-6.734375,0.125,7.08203125,0.00390625,0.0,0.0,16.6875,-32.5625,-56.0625
2026-09-28T14:55:24.595707,-6.734375,0.125,7.08203125,-0.001953125,-0.01171875,0.001953125,16.6875,-32.5625,-56.0625
2026-09-28T14:55:24.620957,-6.734375,0.125,7.08203125,-0.001953125,-0.01171875,0.001953125,17.5625,-32.0625,-53.625
2026-09-28T14:55:24.641192,-6.734375,0.125,7.08203125,0.0,-0.005859375,-0.001953125,17.5625,-32.0625,-53.625
2026-09-28T14:55:24.665380,-6.734375,0.125,7.08203125,0.0,-0.005859375,-0.001953125,17.5,-31.8125,-54.375
2026-09-28T14:55:24.691302,-6.734375,0.125,7.04296875,0.001953125,-0.01171875,0.005859375,17.5,-31.8125,-54.375
2026-09-28T14:55:24.715474,-6.734375,0.125,7.08203125,0.001953125,-0.01171875,0.005859375,16.6875,-30.375,-56.3125
2026-09-28T14:55:24.736048,-6.734375,0.125,7.08203125,-0.001953125,-0.00390625,0.0,16.6875,-30.375,-56.3125
2026-09-28T14:55:24.761190,-6.734375,0.125,7.08203125,-0.001953125,-0.00390625,0.0,16.8125,-31.9375,-57.875
2026-09-28T14:55:24.785340,-6.7734375,0.125,7.08203125,0.001953125,-0.005859375,0.0,16.8125,-31.9375,-57.875
2026-09-28T14:55:24.811147,-6.734375,0.125,7.08203125,0.001953125,-0.005859375,0.0,16.5625,-32.625,-57.5625
2026-09-28T14:55:24.826716,-6.734375,0.125,7.08203125,0.001953125,-0.005859375,0.0,16.5625,-32.625,-57.5625
2026-09-28T14:55:24.855738,-6.734375,0.125,7.08203125,0.001953125,-0.005859375,0.0,16.9375,-33.3125,-56.0
2026-09-28T14:55:24.875960,-6.734375,0.125,7.08203125,0.001953125,-0.005859375,0.0,16.9375,-33.3125,-56.0
2026-09-28T14:55:24.904468,-6.734375,0.125,7.08203125,0.001953125,0.0078125,0.001953125,15.9375,-31.875,-56.0625
2026-09-28T14:55:24.921563,-6.734375,0.125,7.08203125,0.001953125,0.0078125,0.001953125,15.9375,-31.875,-56.0625
2026-09-28T14:55:24.945707,-6.734375,0.125,7.08203125,0.001953125,0.0,0.0,15.9375,-31.875,-56.0625
2026-09-28T14:55:24.971028,-6.7734375,0.125,7.08203125,0.001953125,0.0,0.0,16.5,-30.6875,-54.0
2026-09-28T14:55:24.995240,-6.734375,0.125,7.08203125,-0.001953125,0.0078125,0.0,16.5,-30.6875,-54.0
2026-09-28T14:55:25.015741,-6.734375,0.125,7.08203125,-0.001953125,0.0078125,0.0,16.5,-32.875,-53.3125
2026-09-28T14:55:25.040579,-6.734375,0.125,7.08203125,-0.00390625,0.005859375,-0.001953125,16.5,-32.875,-53.3125
2026-09-28T14:55:25.065284,-6.734375,0.125,7.08203125,-0.00390625,0.005859375,-0.001953125,16.875,-31.9375,-57.5625
2026-09-28T14:55:25.088951,-6.734375,0.125,7.08203125,-0.00390625,0.013671875,-0.00390625,16.875,-31.9375,-57.5625
2026-09-28T14:55:25.108940,-6.734375,0.125,7.08203125,-0.00390625,0.013671875,-0.00390625,18.125,-32.125,-55.9375
2026-09-28T14:55:25.133873,-6.734375,0.125,7.08203125,-0.00390625,0.0078125,-0.001953125,18.125,-32.125,-55.9375
2026-09-28T14:55:25.158775,-6.734375,0.125,7.12109375,-0.00390625,0.0078125,-0.001953125,16.125,-32.3125,-58.0
2026-09-28T14:55:25.175242,-6.734375,0.125,7.12109375,-0.00390625,0.0078125,-0.001953125,16.125,-32.3125,-58.0
2026-09-28T14:55:25.204149,-6.734375,0.125,7.08203125,0.0,0.009765625,-0.001953125,15.5625,-31.1875,-56.375
2026-09-28T14:55:25.224904,-6.7734375,0.125,7.08203125,0.0,0.009765625,-0.001953125,15.5625,-31.1875,-56.375
2026-09-28T14:55:25.254199,-6.734375,0.125,7.08203125,-0.001953125,0.0,0.0,16.375,-32.1875,-54.875
2026-09-28T14:55:25.274848,-6.734375,0.125,7.08203125,-0.001953125,0.0,0.0,16.375,-32.1875,-54.875
2026-09-28T14:55:25.295562,-6.734375,0.125,7.08203125,-0.001953125,0.005859375,-0.001953125,16.375,-32.1875,-54.875
2026-09-28T14:55:25.320764,-6.734375,0.125,7.08203125,-0.001953125,0.005859375,-0.001953125,17.4375,-31.0625,-55.5
2026-09-28T14:55:25.344997,-6.734375,0.125,7.08203125,0.0,-0.01171875,-0.00390625,17.4375,-31.0625,-55.5
2026-09-28T14:55:25.370265,-6.734375,0.125,7.08203125,0.0,-0.01171875,-0.00390625,16.4375,-31.4375,-54.8125
2026-09-28T14:55:25.390680,-6.734375,0.125,7.08203125,-0.00390625,0.0,-0.001953125,16.4375,-31.4375,-54.8125
2026-09-28T14:55:25.415049,-6.734375,0.125,7.08203125,-0.00390625,0.0,-0.001953125,16.75,-31.4375,-55.1875
2026-09-28T14:55:25.440791,-6.734375,0.125,7.08203125,-0.00390625,-0.01171875,-0.001953125,16.75,-31.4375,-55.1875
2026-09-28T14:55:25.464876,-6.734375,0.125,7.08203125,-0.00390625,-0.01171875,-0.001953125,16.3125,-32.1875,-56.0625
2026-09-28T14:55:25.485574,-6.734375,0.125,7.08203125,0.00390625,-0.00390625,0.0,16.3125,-32.1875,-56.0625
2026-09-28T14:55:25.510652,-6.734375,0.125,7.08203125,0.00390625,-0.00390625,0.0,16.8125,-33.0,-57.5625
2026-09-28T14:55:25.534774,-6.734375,0.125,7.08203125,0.00390625,-0.01171875,0.00390625,16.8125,-33.0,-57.5625
2026-09-28T14:55:25.560120,-6.734375,0.125,7.08203125,0.00390625,-0.01171875,0.00390625,16.5625,-31.1875,-57.875
2026-09-28T14:55:25.575496,-6.734375,0.125,7.08203125,0.00390625,-0.01171875,0.00390625,16.5625,-31.1875,-57.875
2026-09-28T14:55:25.604958,-6.734375,0.125,7.08203125,0.0,-0.001953125,0.0,15.1875,-31.9375,-56.5
2026-09-28T14:55:25.625476,-6.734375,0.125,7.12109375,0.0,-0.001953125,0.0,15.1875,-31.9375,-56.5
2026-09-28T14:55:25.646453,-6.734375,0.125,7.12109375,0.001953125,-0.0078125,-0.001953125,15.1875,-31.9375,-56.5
2026-09-28T14:55:25.671290,-6.734375,0.125,7.12109375,0.001953125,-0.0078125,-0.001953125,16.6875,-31.875,-55.5625
2026-09-28T14:55:25.694985,-6.734375,0.125,7.08203125,0.0,0.001953125,0.001953125,16.6875,-31.875,-55.5625
2026-09-28T14:55:25.720640,-6.734375,0.125,7.08203125,0.0,0.001953125,0.001953125,15.6875,-31.8125,-54.5
2026-09-28T14:55:25.745219,-6.734375,0.125,7.08203125,-0.001953125,-0.0078125,0.0,15.6875,-31.8125,-54.5
2026-09-28T14:55:25.764918,-6.734375,0.125,7.12109375,-0.001953125,-0.0078125,0.0,16.0,-31.5,-55.25
2026-09-28T14:55:25.790587,-6.734375,0.125,7.08203125,0.0,0.0,-0.001953125,16.0,-31.5,-55.25
2026-09-28T14:55:25.814556,-6.734375,0.125,7.12109375,0.0,0.0,-0.001953125,16.625,-33.0,-56.4375
2026-09-28T14:55:25.838317,-6.734375,0.125,7.12109375,0.001953125,-0.001953125,-0.001953125,16.625,-33.0,-56.4375
2026-09-28T14:55:25.858673,-6.734375,0.125,7.12109375,0.001953125,-0.001953125,-0.001953125,17.375,-30.3125,-56.25
2026-09-28T14:55:25.883626,-6.734375,0.125,7.12109375,-0.001953125,0.0,-0.001953125,17.375,-30.3125,-56.25
2026-09-28T14:55:25.909809,-6.6953125,0.125,7.1171875,-0.001953125,0.0,-0.001953125,16.5,-32.25,-57.9375
2026-09-28T14:55:25.925162,-6.6953125,0.125,7.1171875,-0.001953125,0.0,-0.001953125,16.5,-32.25,-57.9375
2026-09-28T14:55:25.954118,-6.6953125,0.125,7.1171875,0.001953125,-0.001953125,-0.00390625,15.5625,-32.25,-55.6875
2026-09-28T14:55:25.974706,-6.734375,0.125,7.12109375,0.001953125,-0.001953125,-0.00390625,15.5625,-32.25,-55.6875
2026-09-28T14:55:26.003563,-6.6953125,0.125,7.1171875,0.0,-0.00390625,0.0,17.125,-31.4375,-54.375
2026-09-28T14:55:26.020112,-6.6953125,0.125,7.1171875,0.0,-0.00390625,0.0,17.125,-31.4375,-54.375
2026-09-28T14:55:26.044611,-6.6953125,0.125,7.1171875,-0.001953125,-0.00390625,-0.00390625,17.125,-31.4375,-54.375
2026-09-28T14:55:26.070314,-6.6953125,0.125,7.1171875,-0.001953125,-0.00390625,-0.00390625,16.8125,-31.0625,-54.375
2026-09-28T14:55:26.094391,-6.6953125,0.125,7.078125,-0.001953125,0.0,0.0,16.8125,-31.0625,-54.375
2026-09-28T14:55:26.114735,-6.6953125,0.125,7.078125,-0.001953125,0.0,0.0,16.6875,-32.1875,-55.5625
2026-09-28T14:55:26.140352,-6.734375,0.125,7.12109375,0.00390625,-0.009765625,0.0,16.6875,-32.1875,-55.5625
2026-09-28T14:55:26.164267,-6.6953125,0.125,7.1171875,0.00390625,-0.009765625,0.0,17.3125,-32.5625,-56.375
2026-09-28T14:55:26.189701,-6.6953125,0.125,7.078125,0.001953125,-0.001953125,0.001953125,17.3125,-32.5625,-56.375
2026-09-28T14:55:26.209405,-6.6953125,0.125,7.078125,0.001953125,-0.001953125,0.001953125,16.6875,-31.5,-56.0
2026-09-28T14:55:26.234208,-6.734375,0.125,7.12109375,0.001953125,-0.0078125,0.0,16.6875,-31.5,-56.0
2026-09-28T14:55:26.260267,-6.734375,0.125,7.12109375,0.001953125,-0.0078125,0.0,16.875,-32.25,-57.5625
2026-09-28T14:55:26.284162,-6.734375,0.125,7.12109375,0.0,-0.00390625,0.001953125,16.875,-32.25,-57.5625
2026-09-28T14:55:26.307806,-6.734375,0.125,7.12109375,0.0,-0.00390625,0.001953125,16.5625,-31.9375,-57.5625
2026-09-28T14:55:26.323776,-6.6953125,0.125,7.1171875,0.0,-0.00390625,0.001953125,16.5625,-31.9375,-57.5625
2026-09-28T14:55:26.351995,-6.6953125,0.125,7.1171875,0.001953125,-0.001953125,-0.001953125,16.8125,-30.6875,-55.1875
2026-09-28T14:55:26.372566,-6.6953125,0.125,7.1171875,0.001953125,-0.001953125,-0.001953125,16.8125,-30.6875,-55.1875
2026-09-28T14:55:26.393529,-6.6953125,0.125,7.1171875,0.001953125,-0.001953125,0.00390625,16.8125,-30.6875,-55.1875
2026-09-28T14:55:26.417914,-6.6953125,0.125,7.078125,0.001953125,-0.001953125,0.00390625,16.4375,-31.8125,-54.0625
2026-09-28T14:55:26.443030,-6.6953125,0.125,7.1171875,0.0,-0.0078125,0.001953125,16.4375,-31.8125,-54.0625
2026-09-28T14:55:26.468208,-6.6953125,0.125,7.1171875,0.0,-0.0078125,0.001953125,16.8125,-31.4375,-54.8125
2026-09-28T14:55:26.488014,-6.6953125,0.125,7.1171875,0.0,-0.001953125,0.001953125,16.8125,-31.4375,-54.8125
2026-09-28T14:55:26.512825,-6.6953125,0.125,7.1171875,0.0,-0.001953125,0.001953125,15.6875,-32.5625,-54.125
2026-09-28T14:55:26.538307,-6.6953125,0.125,7.1171875,-0.001953125,-0.00390625,0.0,15.6875,-32.5625,-54.125
2026-09-28T14:55:26.563904,-6.6953125,0.125,7.1171875,-0.001953125,-0.00390625,0.0,15.5625,-31.1875,-56.8125
2026-09-28T14:55:26.584518,-6.6953125,0.125,7.1171875,0.001953125,-0.001953125,0.0,15.5625,-31.1875,-56.8125
2026-09-28T14:55:26.609810,-6.6953125,0.125,7.1171875,0.001953125,-0.001953125,0.0,15.0625,-32.6875,-57.25
2026-09-28T14:55:26.633966,-6.6953125,0.125,7.1171875,0.0,-0.013671875,-0.001953125,15.0625,-32.6875,-57.25
2026-09-28T14:55:26.659555,-6.6953125,0.125,7.15625,0.0,-0.013671875,-0.001953125,15.0625,-32.3125,-57.6875
2026-09-28T14:55:26.674892,-6.6953125,0.125,7.15625,0.0,-0.013671875,-0.001953125,15.0625,-32.3125,-57.6875
2026-09-28T14:55:26.704004,-6.6953125,0.125,7.1171875,0.001953125,0.0,-0.00390625,15.4375,-33.0625,-56.875
2026-09-28T14:55:26.724565,-6.6953125,0.125,7.1171875,0.001953125,0.0,-0.00390625,15.4375,-33.0625,-56.875
2026-09-28T14:55:26.753656,-6.6953125,0.125,7.1171875,-0.001953125,-0.0078125,-0.001953125,16.125,-31.4375,-54.0625
2026-09-28T14:55:26.770915,-6.6953125,0.125,7.1171875,-0.001953125,-0.0078125,-0.001953125,16.125,-31.4375,-54.0625
2026-09-28T14:55:26.794420,-6.6953125,0.125,7.1171875,-0.001953125,-0.005859375,0.0,16.125,-31.4375,-54.0625
2026-09-28T14:55:26.819162,-6.6953125,0.125,7.1171875,-0.001953125,-0.005859375,0.0,16.375,-33.3125,-54.5
2026-09-28T14:55:26.843351,-6.6953125,0.125,7.1171875,0.001953125,0.001953125,0.0,16.375,-33.3125,-54.5
2026-09-28T14:55:26.863620,-6.6953125,0.125,7.1171875,0.001953125,0.001953125,0.0,16.875,-31.375,-53.5625
2026-09-28T14:55:26.889723,-6.6953125,0.125,7.1171875,0.0,-0.0078125,0.0,16.875,-31.375,-53.5625
2026-09-28T14:55:26.913734,-6.6953125,0.125,7.15625,0.0,-0.0078125,0.0,15.9375,-31.8125,-56.0
2026-09-28T14:55:26.939099,-6.6953125,0.125,7.1171875,0.0078125,0.0,0.001953125,15.9375,-31.8125,-56.0
2026-09-28T14:55:26.959455,-6.6953125,0.125,7.1171875,0.0078125,0.0,0.001953125,15.625,-32.1875,-54.9375
2026-09-28T14:55:26.983698,-6.6953125,0.125,7.1171875,0.0,0.001953125,0.0,15.625,-32.1875,-54.9375
2026-09-28T14:55:27.009627,-6.6953125,0.125,7.1171875,0.0,0.001953125,0.0,16.5,-32.3125,-58.375
2026-09-28T14:55:27.024871,-6.6953125,0.125,7.1171875,0.0,0.001953125,0.0,16.5,-32.3125,-58.375
2026-09-28T14:55:27.053945,-6.65625,0.125,7.12109375,-0.00390625,0.005859375,0.0,16.3125,-31.875,-56.0625
2026-09-28T14:55:27.073900,-6.6953125,0.125,7.1171875,-0.00390625,0.005859375,0.0,16.3125,-31.875,-56.0625
2026-09-28T14:55:27.103297,-6.6953125,0.125,7.15625,0.001953125,-0.001953125,0.001953125,14.9375,-32.1875,-54.1875
2026-09-28T14:55:27.123526,-6.6953125,0.125,7.15625,0.001953125,-0.001953125,0.001953125,14.9375,-32.1875,-54.1875
2026-09-28T14:55:27.143755,-6.6953125,0.125,7.1171875,0.001953125,0.00390625,-0.001953125,14.9375,-32.1875,-54.1875
2026-09-28T14:55:27.169388,-6.6953125,0.125,7.1171875,0.001953125,0.00390625,-0.001953125,16.3125,-32.5625,-55.625
2026-09-28T14:55:27.193636,-6.6953125,0.125,7.1171875,0.001953125,0.001953125,0.0,16.3125,-32.5625,-55.625
2026-09-28T14:55:27.219559,-6.6953125,0.125,7.1171875,0.001953125,0.001953125,0.0,16.125,-32.125,-53.3125
2026-09-28T14:55:27.239792,-6.6953125,0.125,7.1171875,-0.00390625,-0.0078125,0.001953125,16.125,-32.125,-53.3125
2026-09-28T14:55:27.263657,-6.6953125,0.125,7.15625,-0.00390625,-0.0078125,0.001953125,18.125,-30.6875,-55.8125
2026-09-28T14:55:27.288864,-6.6953125,0.125,7.15625,-0.001953125,0.00390625,0.001953125,18.125,-30.6875,-55.8125
2026-09-28T14:55:27.312876,-6.6953125,0.125,7.1171875,-0.001953125,0.00390625,0.001953125,17.125,-31.4375,-54.8125
2026-09-28T14:55:27.333519,-6.6953125,0.125,7.1171875,-0.001953125,-0.005859375,0.0,17.125,-31.4375,-54.8125
2026-09-28T14:55:27.358750,-6.6953125,0.125,7.15625,-0.001953125,-0.005859375,0.0,15.5,-31.9375,-56.8125
2026-09-28T14:55:27.383575,-6.6953125,0.125,7.15625,0.0,-0.0078125,0.0,15.5,-31.9375,-56.8125
2026-09-28T14:55:27.407395,-6.6953125,0.125,7.15625,0.0,-0.0078125,0.0,15.4375,-31.625,-58.0
2026-09-28T14:55:27.423311,-6.6953125,0.125,7.15625,0.0,-0.0078125,0.0,15.4375,-31.625,-58.0
2026-09-28T14:55:27.452677,-6.6953125,0.125,7.15625,0.001953125,-0.009765625,0.001953125,16.375,-31.8125,-54.875
2026-09-28T14:55:27.473578,-6.65625,0.125,7.12109375,0.001953125,-0.009765625,0.001953125,16.375,-31.8125,-54.875
2026-09-28T14:55:27.493516,-6.65625,0.125,7.12109375,0.0,-0.00390625,0.0,16.375,-31.8125,-54.875
2026-09-28T14:55:27.518603,-6.65625,0.125,7.16015625,0.0,-0.00390625,0.0,16.6875,-32.1875,-56.0
2026-09-28T14:55:27.543491,-6.6953125,0.125,7.1171875,-0.001953125,-0.005859375,0.001953125,16.6875,-32.1875,-56.0
2026-09-28T14:55:27.568652,-6.65625,0.125,7.16015625,-0.001953125,-0.005859375,0.001953125,15.75,-31.4375,-54.125
2026-09-28T14:55:27.588448,-6.65625,0.125,7.16015625,0.001953125,-0.00390625,0.0,15.75,-31.4375,-54.125
2026-09-28T14:55:27.613375,-6.6953125,0.125,7.15625,0.001953125,-0.00390625,0.0,16.0,-31.125,-55.25
2026-09-28T14:55:27.639363,-6.6953125,0.125,7.1171875,0.00390625,-0.013671875,0.001953125,16.0,-31.125,-55.25
2026-09-28T14:55:27.663359,-6.6953125,0.125,7.15625,0.00390625,-0.013671875,0.001953125,16.375,-31.875,-55.625
2026-09-28T14:55:27.688618,-6.65625,0.125,7.16015625,0.00390625,-0.005859375,0.0,16.375,-31.875,-55.625
2026-09-28T14:55:27.708912,-6.65625,0.125,7.16015625,0.00390625,-0.005859375,0.0,16.0,-31.875,-55.25
2026-09-28T14:55:27.733369,-6.6953125,0.125,7.15625,0.001953125,0.005859375,0.0,16.0,-31.875,-55.25
2026-09-28T14:55:27.759023,-6.65625,0.125,7.12109375,0.001953125,0.005859375,0.0,15.25,-31.1875,-56.125
2026-09-28T14:55:27.774004,-6.65625,0.125,7.12109375,0.001953125,0.005859375,0.0,15.25,-31.1875,-56.125
2026-09-28T14:55:27.802922,-6.6953125,0.125,7.15625,0.001953125,-0.005859375,0.001953125,14.875,-31.9375,-56.125
2026-09-28T14:55:27.823580,-6.65625,0.125,7.16015625,0.001953125,-0.005859375,0.001953125,14.875,-31.9375,-56.125
2026-09-28T14:55:27.852728,-6.65625,0.125,7.16015625,0.0,-0.00390625,0.001953125,15.3125,-31.5,-54.9375
2026-09-28T14:55:27.869724,-6.65625,0.125,7.16015625,0.0,-0.00390625,0.001953125,15.3125,-31.5,-54.9375
2026-09-28T14:55:27.893652,-6.65625,0.125,7.16015625,0.00390625,0.005859375,0.001953125,15.3125,-31.5,-54.9375
2026-09-28T14:55:27.918876,-6.6953125,0.125,7.15625,0.00390625,0.005859375,0.001953125,15.625,-32.9375,-55.0
2026-09-28T14:55:27.943207,-6.65625,0.125,7.16015625,0.0,-0.0078125,0.0,15.625,-32.9375,-55.0
2026-09-28T14:55:27.963124,-6.65625,0.125,7.16015625,0.0,-0.0078125,0.0,16.75,-31.8125,-55.1875
2026-09-28T14:55:27.989069,-6.65625,0.125,7.16015625,0.0,0.00390625,0.0,16.75,-31.8125,-55.1875
2026-09-28T14:55:28.012921,-6.65625,0.125,7.16015625,0.0,0.00390625,0.0,15.5,-32.625,-56.5
2026-09-28T14:55:28.036919,-6.65625,0.125,7.16015625,-0.001953125,-0.005859375,0.0,15.5,-32.625,-56.5
2026-09-28T14:55:28.057031,-6.65625,0.125,7.16015625,-0.001953125,-0.005859375,0.0,15.75,-32.6875,-58.0
2026-09-28T14:55:28.082167,-6.65625,0.125,7.16015625,0.001953125,0.00390625,0.001953125,15.75,-32.6875,-58.0
2026-09-28T14:55:28.106927,-6.65625,0.125,7.16015625,0.001953125,0.00390625,0.001953125,16.25,-32.25,-56.8125
2026-09-28T14:55:28.132463,-6.65625,0.125,7.16015625,0.001953125,-0.009765625,0.001953125,16.25,-32.25,-56.8125
2026-09-28T14:55:28.156856,-6.65625,0.125,7.16015625,0.001953125,-0.009765625,0.001953125,16.0625,-33.4375,-58.4375
2026-09-28T14:55:28.172529,-6.65625,0.125,7.16015625,0.001953125,-0.009765625,0.001953125,16.0625,-33.4375,-58.4375
2026-09-28T14:55:28.202274,-6.65625,0.125,7.16015625,0.0,0.001953125,0.0,16.375,-31.5,-55.625
2026-09-28T14:55:28.222876,-6.65625,0.125,7.16015625,0.0,0.001953125,0.0,16.375,-31.5,-55.625
2026-09-28T14:55:28.243506,-6.65625,0.125,7.16015625,0.0,-0.005859375,0.0,16.375,-31.5,-55.625
2026-09-28T14:55:28.268612,-6.65625,0.125,7.16015625,0.0,-0.005859375,0.0,16.0,-30.75,-55.5625
2026-09-28T14:55:28.292818,-6.65625,0.125,7.16015625,-0.001953125,-0.001953125,-0.001953125,16.0,-30.75,-55.5625
2026-09-28T14:55:28.316523,-6.65625,0.125,7.16015625,-0.001953125,-0.001953125,-0.001953125,15.75,-30.6875,-54.0625
2026-09-28T14:55:28.335323,-6.65625,0.125,7.16015625,0.001953125,0.0,0.001953125,15.75,-30.6875,-54.0625
2026-09-28T14:55:28.360409,-6.65625,0.125,7.16015625,0.001953125,0.0,0.001953125,15.8125,-33.0,-56.875
2026-09-28T14:55:28.385769,-6.65625,0.125,7.16015625,0.00390625,0.00390625,0.0,15.8125,-33.0,-56.875
2026-09-28T14:55:28.410159,-6.65625,0.125,7.16015625,0.00390625,0.00390625,0.0,15.0625,-33.4375,-56.9375
2026-09-28T14:55:28.431363,-6.65625,0.125,7.16015625,0.0,0.001953125,0.001953125,15.0625,-33.4375,-56.9375
2026-09-28T14:55:28.456113,-6.65625,0.125,7.16015625,0.0,0.001953125,0.001953125,16.1875,-31.5625,-57.5625
2026-09-28T14:55:28.481200,-6.65625,0.125,7.16015625,0.0,0.00390625,0.001953125,16.1875,-31.5625,-57.5625
2026-09-28T14:55:28.505644,-6.65625,0.125,7.16015625,0.0,0.00390625,0.001953125,15.4375,-32.0,-57.625
2026-09-28T14:55:28.521911,-6.65625,0.125,7.16015625,0.0,0.00390625,0.001953125,15.4375,-32.0,-57.625
2026-09-28T14:55:28.551026,-6.65625,0.125,7.16015625,0.0,0.00390625,0.0,15.625,-31.875,-55.3125
2026-09-28T14:55:28.572245,-6.65625,0.125,7.19140625,0.0,0.00390625,0.0,15.625,-31.875,-55.3125
2026-09-28T14:55:28.595091,-6.65625,0.125,7.16015625,-0.001953125,0.005859375,0.0,15.625,-31.875,-55.3125
2026-09-28T14:55:28.615722,-6.65625,0.125,7.16015625,-0.001953125,0.005859375,0.0,16.375,-31.875,-55.625
2026-09-28T14:55:28.641114,-6.65625,0.125,7.16015625,-0.001953125,0.0,0.0,16.375,-31.875,-55.625
2026-09-28T14:55:28.666596,-6.65625,0.125,7.19140625,-0.001953125,0.0,0.0,16.8125,-31.0625,-54.375
2026-09-28T14:55:28.690095,-6.65625,0.125,7.19140625,0.0,-0.00390625,0.00390625,16.8125,-31.0625,-54.375
2026-09-28T14:55:28.711243,-6.65625,0.125,7.19140625,0.0,-0.00390625,0.00390625,16.375,-31.875,-55.625
2026-09-28T14:55:28.736298,-6.65625,0.125,7.16015625,0.00390625,-0.00390625,0.001953125,16.375,-31.875,-55.625
2026-09-28T14:55:28.761357,-6.65625,0.125,7.16015625,0.00390625,-0.00390625,0.001953125,17.3125,-31.125,-56.6875
2026-09-28T14:55:28.786470,-6.65625,0.125,7.16015625,0.001953125,-0.015625,-0.001953125,17.3125,-31.125,-56.6875
2026-09-28T14:55:28.806245,-6.65625,0.125,7.16015625,0.001953125,-0.015625,-0.001953125,17.6875,-31.875,-56.3125
2026-09-28T14:55:28.831732,-6.65625,0.125,7.16015625,0.0,-0.001953125,0.0,17.6875,-31.875,-56.3125
2026-09-28T14:55:28.857120,-6.65625,0.125,7.16015625,0.0,-0.001953125,0.0,16.625,-32.625,-56.4375
2026-09-28T14:55:28.872735,-6.65625,0.125,7.16015625,0.0,-0.001953125,0.0,16.625,-32.625,-56.4375
2026-09-28T14:55:28.901423,-6.65625,0.125,7.16015625,0.001953125,-0.009765625,-0.001953125,15.5,-32.25,-56.5
2026-09-28T14:55:28.922288,-6.65625,0.125,7.19140625,0.001953125,-0.009765625,-0.001953125,15.5,-32.25,-56.5
2026-09-28T14:55:28.950017,-6.65625,0.125,7.19140625,0.0,-0.00390625,0.001953125,16.125,-32.875,-53.3125
2026-09-28T14:55:28.966252,-6.65625,0.125,7.19140625,0.0,-0.00390625,0.001953125,16.125,-32.875,-53.3125
2026-09-28T14:55:28.991452,-6.65625,0.125,7.16015625,-0.001953125,-0.0078125,-0.001953125,16.125,-32.875,-53.3125
2026-09-28T14:55:29.016270,-6.65625,0.125,7.16015625,-0.001953125,-0.0078125,-0.001953125,14.5625,-31.5625,-55.75
2026-09-28T14:55:29.041174,-6.65625,0.125,7.19140625,0.00390625,0.005859375,0.001953125,14.5625,-31.5625,-55.75
2026-09-28T14:55:29.065801,-6.65625,0.125,7.19140625,0.00390625,0.005859375,0.001953125,16.4375,-30.6875,-55.1875
2026-09-28T14:55:29.086277,-6.65625,0.125,7.16015625,0.0,-0.00390625,-0.001953125,16.4375,-30.6875,-55.1875
2026-09-28T14:55:29.111091,-6.65625,0.125,7.19140625,0.0,-0.00390625,-0.001953125,15.875,-31.9375,-57.25
2026-09-28T14:55:29.135870,-6.65625,0.125,7.16015625,0.0,0.0078125,0.0,15.875,-31.9375,-57.25
2026-09-28T14:55:29.160102,-6.65625,0.125,7.16015625,0.0,0.0078125,0.0,15.4375,-32.3125,-57.3125
2026-09-28T14:55:29.181460,-6.65625,0.125,7.16015625,-0.0078125,0.00390625,0.0,15.4375,-32.3125,-57.3125
2026-09-28T14:55:29.207402,-6.65625,0.125,7.16015625,-0.0078125,0.00390625,0.0,16.6875,-32.1875,-56.0
2026-09-28T14:55:29.232196,-6.62109375,0.125,7.1875,-0.005859375,0.009765625,-0.001953125,16.6875,-32.1875,-56.0
2026-09-28T14:55:29.257452,-6.65625,0.125,7.16015625,-0.005859375,0.009765625,-0.001953125,16.125,-31.25,-58.375
2026-09-28T14:55:29.272803,-6.65625,0.125,7.16015625,-0.005859375,0.009765625,-0.001953125,16.125,-31.25,-58.375
2026-09-28T14:55:29.301182,-6.65625,0.125,7.19140625,-0.001953125,0.005859375,0.0,15.5625,-32.25,-55.6875
2026-09-28T14:55:29.321778,-6.65625,0.125,7.19140625,-0.001953125,0.005859375,0.0,15.5625,-32.25,-55.6875
2026-09-28T14:55:29.342338,-6.65625,0.125,7.19140625,-0.001953125,0.00390625,0.001953125,15.5625,-32.25,-55.6875
2026-09-28T14:55:29.367287,-6.65625,0.125,7.16015625,-0.001953125,0.00390625,0.001953125,14.9375,-30.75,-54.875
2026-09-28T14:55:29.392117,-6.65625,0.125,7.16015625,-0.001953125,0.001953125,0.0,14.9375,-30.75,-54.875
2026-09-28T14:55:29.417641,-6.65625,0.125,7.19140625,-0.001953125,0.001953125,0.0,16.0625,-31.0625,-54.875
2026-09-28T14:55:29.437592,-6.65625,0.125,7.19140625,0.0,-0.001953125,-0.001953125,16.0625,-31.0625,-54.875
2026-09-28T14:55:29.461890,-6.65625,0.125,7.16015625,0.0,-0.001953125,-0.001953125,15.9375,-31.125,-56.0625
2026-09-28T14:55:29.487893,-6.65625,0.125,7.16015625,-0.001953125,-0.0078125,-0.001953125,15.9375,-31.125,-56.0625
2026-09-28T14:55:29.511816,-6.65625,0.125,7.19140625,-0.001953125,-0.0078125,-0.001953125,15.5625,-31.9375,-56.5
2026-09-28T14:55:29.535502,-6.65625,0.125,7.19140625,0.0,-0.0078125,0.0,15.5625,-31.9375,-56.5
2026-09-28T14:55:29.555978,-6.65625,0.125,7.16015625,0.0,-0.0078125,0.0,15.375,-32.75,-58.5
2026-09-28T14:55:29.580762,-6.65625,0.125,7.19140625,-0.001953125,-0.01171875,0.0,15.375,-32.75,-58.5
2026-09-28T14:55:29.605112,-6.65625,0.125,7.19140625,-0.001953125,-0.01171875,0.0,15.875,-31.1875,-57.5
2026-09-28T14:55:29.620919,-6.65625,0.125,7.19140625,-0.001953125,-0.01171875,0.0,15.875,-31.1875,-57.5
2026-09-28T14:55:29.644701,-6.65625,0.125,7.19140625,-0.001953125,-0.0078125,0.001953125,15.875,-31.1875,-57.5
2026-09-28T14:55:29.669750,-6.65625,0.125,7.16015625,-0.001953125,-0.0078125,0.001953125,16.0,-32.5625,-54.9375
2026-09-28T14:55:29.693161,-6.65625,0.125,7.16015625,0.001953125,-0.01171875,0.0,16.0,-32.5625,-54.9375
2026-09-28T14:55:29.713192,-6.62109375,0.125,7.1875,0.001953125,-0.01171875,0.0,16.8125,-32.5,-54.4375
2026-09-28T14:55:29.738110,-6.65625,0.125,7.19140625,0.00390625,-0.00390625,0.00390625,16.8125,-32.5,-54.4375
2026-09-28T14:55:29.761952,-6.65625,0.125,7.19140625,0.00390625,-0.00390625,0.00390625,15.9375,-31.5625,-56.4375
2026-09-28T14:55:29.781845,-6.65625,0.125,7.19140625,0.00390625,-0.01171875,0.001953125,15.9375,-31.5625,-56.4375
2026-09-28T14:55:29.806927,-6.65625,0.125,7.19140625,0.00390625,-0.01171875,0.001953125,16.625,-31.5625,-57.1875
2026-09-28T14:55:29.831137,-6.65625,0.125,7.19140625,-0.001953125,-0.001953125,0.0,16.625,-31.5625,-57.1875
2026-09-28T14:55:29.855816,-6.65625,0.125,7.19140625,-0.001953125,-0.001953125,0.0,15.75,-33.0625,-57.6875
2026-09-28T14:55:29.871699,-6.65625,0.125,7.19140625,-0.001953125,-0.001953125,0.0,15.75,-33.0625,-57.6875
2026-09-28T14:55:29.901021,-6.62109375,0.125,7.1875,-0.001953125,0.0,0.001953125,15.9375,-31.125,-56.0625
2026-09-28T14:55:29.921523,-6.65625,0.125,7.19140625,-0.001953125,0.0,0.001953125,15.9375,-31.125,-56.0625
2026-09-28T14:55:29.951175,-6.65625,0.125,7.16015625,0.001953125,0.005859375,0.0,16.375,-31.875,-55.25
2026-09-28T14:55:29.968002,-6.65625,0.125,7.16015625,0.001953125,0.005859375,0.0,16.375,-31.875,-55.25
2026-09-28T14:55:29.991874,-6.65625,0.125,7.19140625,0.00390625,-0.017578125,0.001953125,16.375,-31.875,-55.25
2026-09-28T14:55:30.016799,-6.62109375,0.125,7.1875,0.00390625,-0.017578125,0.001953125,16.125,-32.5,-53.6875
2026-09-28T14:55:30.041141,-6.65625,0.08984375,7.1875,-0.00390625,0.01171875,-0.001953125,16.125,-32.5,-53.6875
2026-09-28T14:55:30.061730,-6.65625,0.08984375,7.1875,-0.00390625,0.01171875,-0.001953125,16.4375,-31.8125,-54.4375
2026-09-28T14:55:30.086868,-6.62109375,0.125,7.1875,-0.00390625,0.00390625,-0.001953125,16.4375,-31.8125,-54.4375
2026-09-28T14:55:30.111573,-6.62109375,0.125,7.1875,-0.00390625,0.00390625,-0.001953125,17.0,-31.5,-56.0
2026-09-28T14:55:30.136887,-6.62109375,0.125,7.1875,0.0,-0.0078125,-0.001953125,17.0,-31.5,-56.0
2026-09-28T14:55:30.157091,-6.62109375,0.125,7.1875,0.0,-0.0078125,-0.001953125,15.5625,-31.9375,-56.125
2026-09-28T14:55:30.181371,-6.62109375,0.125,7.15625,0.001953125,-0.005859375,-0.001953125,15.5625,-31.9375,-56.125
2026-09-28T14:55:30.207260,-6.65625,0.125,7.19140625,0.001953125,-0.005859375,-0.001953125,16.1875,-32.625,-57.1875
2026-09-28T14:55:30.230813,-6.65625,0.125,7.19140625,0.0,0.001953125,0.0,16.1875,-32.625,-57.1875
2026-09-28T14:55:30.250960,-6.62109375,0.125,7.1875,0.0,0.001953125,0.0,15.0625,-32.3125,-57.6875
2026-09-28T14:55:30.271149,-6.65625,0.125,7.19140625,0.0,0.001953125,0.0,15.0625,-32.3125,-57.6875
2026-09-28T14:55:30.300489,-6.62109375,0.125,7.1875,0.0,-0.0078125,0.001953125,14.9375,-32.1875,-54.1875
2026-09-28T14:55:30.320613,-6.62109375,0.125,7.1875,0.0,-0.0078125,0.001953125,14.9375,-32.1875,-54.1875
2026-09-28T14:55:30.341141,-6.62109375,0.125,7.1875,0.0,-0.00390625,0.0,14.9375,-32.1875,-54.1875
2026-09-28T14:55:30.367053,-6.62109375,0.125,7.1875,0.0,-0.00390625,0.0,16.0,-31.5,-55.625
2026-09-28T14:55:30.391223,-6.65625,0.125,7.19140625,0.0,-0.013671875,0.001953125,16.0,-31.5,-55.625
2026-09-28T14:55:30.417104,-6.65625,0.125,7.19140625,0.0,-0.013671875,0.001953125,16.0,-31.125,-55.25
2026-09-28T14:55:30.437459,-6.65625,0.125,7.19140625,0.0,-0.00390625,0.001953125,16.0,-31.125,-55.25
2026-09-28T14:55:30.461243,-6.62109375,0.125,7.1875,0.0,-0.00390625,0.001953125,17.0625,-31.0625,-55.125
2026-09-28T14:55:30.487142,-6.62109375,0.125,7.15625,0.0,-0.009765625,-0.001953125,17.0625,-31.0625,-55.125
2026-09-28T14:55:30.511105,-6.62109375,0.125,7.1875,0.0,-0.009765625,-0.001953125,14.875,-32.25,-56.5625
2026-09-28T14:55:30.531825,-6.62109375,0.125,7.1875,-0.001953125,-0.001953125,0.0,14.875,-32.25,-56.5625
2026-09-28T14:55:30.556935,-6.62109375,0.125,7.1875,-0.001953125,-0.001953125,0.0,15.875,-31.5625,-56.8125
2026-09-28T14:55:30.581063,-6.62109375,0.125,7.1875,0.00390625,-0.001953125,0.0,15.875,-31.5625,-56.8125
2026-09-28T14:55:30.606373,-6.62109375,0.125,7.1875,0.00390625,-0.001953125,0.0,15.125,-30.125,-57.625
2026-09-28T14:55:30.621526,-6.62109375,0.125,7.1875,0.00390625,-0.001953125,0.0,15.125,-30.125,-57.625
2026-09-28T14:55:30.650824,-6.62109375,0.125,7.2265625,0.00390625,-0.0078125,0.001953125,14.9375,-31.9375,-55.8125
2026-09-28T14:55:30.671048,-6.62109375,0.125,7.2265625,0.00390625,-0.0078125,0.001953125,14.9375,-31.9375,-55.8125
2026-09-28T14:55:30.691220,-6.62109375,0.125,7.2265625,0.0,0.00390625,0.001953125,14.9375,-31.9375,-55.8125
2026-09-28T14:55:30.716818,-6.62109375,0.125,7.1875,0.0,0.00390625,0.001953125,16.0,-31.125,-55.25
2026-09-28T14:55:30.741184,-6.62109375,0.125,7.1875,0.00390625,-0.001953125,0.0,16.0,-31.125,-55.25
2026-09-28T14:55:30.766714,-6.62109375,0.125,7.1875,0.00390625,-0.001953125,0.0,16.875,-31.4375,-54.0
2026-09-28T14:55:30.790416,-6.62109375,0.125,7.1875,0.0,-0.00390625,-0.00390625,16.875,-31.4375,-54.0
2026-09-28T14:55:30.810705,-6.62109375,0.125,7.1875,0.0,-0.00390625,-0.00390625,16.0625,-32.1875,-54.5625
2026-09-28T14:55:30.835258,-6.62109375,0.125,7.1875,0.001953125,0.0,0.001953125,16.0625,-32.1875,-54.5625
2026-09-28T14:55:30.859764,-6.62109375,0.125,7.1875,0.001953125,0.0,0.001953125,16.3125,-32.1875,-56.0
2026-09-28T14:55:30.883965,-6.62109375,0.125,7.1875,0.001953125,0.001953125,0.0,16.3125,-32.1875,-56.0
2026-09-28T14:55:30.904137,-6.62109375,0.125,7.1875,0.001953125,0.001953125,0.0,15.4375,-32.0,-57.625
2026-09-28T14:55:30.928493,-6.62109375,0.125,7.1875,0.0,-0.005859375,0.0,15.4375,-32.0,-57.625
2026-09-28T14:55:30.943386,-6.62109375,0.125,7.1875,0.0,-0.005859375,0.0,15.4375,-32.0,-57.625
2026-09-28T14:55:30.968406,-6.62109375,0.125,7.2265625,0.0,-0.005859375,0.0,15.4375,-32.6875,-57.6875
2026-09-28T14:55:30.992507,-6.62109375,0.125,7.1875,0.0,0.00390625,0.0,15.4375,-32.6875,-57.6875
2026-09-28T14:55:31.017116,-6.62109375,0.125,7.1875,0.0,0.00390625,0.0,15.25,-31.875,-55.3125
2026-09-28T14:55:31.040012,-6.62109375,0.125,7.1875,0.0,-0.005859375,-0.001953125,15.25,-31.875,-55.3125
2026-09-28T14:55:31.060879,-6.62109375,0.125,7.2265625,0.0,-0.005859375,-0.001953125,16.5,-32.125,-53.6875
2026-09-28T14:55:31.086389,-6.62109375,0.125,7.1875,-0.001953125,0.0078125,0.001953125,16.5,-32.125,-53.6875
2026-09-28T14:55:31.110865,-6.62109375,0.125,7.1875,-0.001953125,0.0078125,0.001953125,16.3125,-31.5,-56.375
2026-09-28T14:55:31.134974,-6.62109375,0.125,7.1875,0.0,-0.005859375,0.001953125,16.3125,-31.5,-56.375
2026-09-28T14:55:31.155055,-6.62109375,0.125,7.1875,0.0,-0.005859375,0.001953125,15.625,-31.125,-55.625
2026-09-28T14:55:31.179500,-6.62109375,0.125,7.1875,-0.001953125,0.01171875,0.001953125,15.625,-31.125,-55.625
2026-09-28T14:55:31.203080,-6.62109375,0.125,7.1875,-0.001953125,0.01171875,0.001953125,15.0,-31.625,-58.4375
2026-09-28T14:55:31.219570,-6.62109375,0.125,7.1875,-0.001953125,0.01171875,0.001953125,15.0,-31.625,-58.4375
2026-09-28T14:55:31.243416,-6.62109375,0.125,7.1875,-0.00390625,-0.0078125,0.0,15.0,-31.625,-58.4375
2026-09-28T14:55:31.268551,-6.62109375,0.1640625,7.2265625,-0.00390625,-0.0078125,0.0,16.375,-32.5625,-54.8125
2026-09-28T14:55:31.292918,-6.62109375,0.125,7.1875,0.0,0.0,0.0,16.375,-32.5625,-54.8125
2026-09-28T14:55:31.313078,-6.62109375,0.125,7.1875,0.0,0.0,0.0,15.625,-32.5625,-54.875
2026-09-28T14:55:31.337521,-6.62109375,0.125,7.1875,0.00390625,-0.00390625,-0.001953125,15.625,-32.5625,-54.875
2026-09-28T14:55:31.361039,-6.62109375,0.125,7.1875,0.00390625,-0.00390625,-0.001953125,15.375,-31.8125,-54.125
2026-09-28T14:55:31.385010,-6.62109375,0.125,7.1875,0.0,-0.00390625,-0.001953125,15.375,-31.8125,-54.125
2026-09-28T14:55:31.404417,-6.62109375,0.125,7.1875,0.0,-0.00390625,-0.001953125,14.875,-31.9375,-56.5625
2026-09-28T14:55:31.429556,-6.62109375,0.125,7.1875,0.0,-0.005859375,-0.001953125,14.875,-31.9375,-56.5625
2026-09-28T14:55:31.453614,-6.62109375,0.125,7.1875,0.0,-0.005859375,-0.001953125,15.875,-30.4375,-57.9375
2026-09-28T14:55:31.470053,-6.58203125,0.125,7.1875,0.0,-0.005859375,-0.001953125,15.875,-30.4375,-57.9375
2026-09-28T14:55:31.499541,-6.65625,0.125,7.19140625,-0.001953125,0.0,0.0,16.3125,-31.875,-56.0625
2026-09-28T14:55:31.520116,-6.58203125,0.125,7.1875,-0.001953125,0.0,0.0,16.3125,-31.875,-56.0625
2026-09-28T14:55:31.549952,-6.62109375,0.125,7.1875,-0.005859375,-0.015625,0.0,15.625,-32.5625,-55.3125
2026-09-28T14:55:31.566713,-6.62109375,0.125,7.1875,-0.005859375,-0.015625,0.0,15.625,-32.5625,-55.3125
2026-09-28T14:55:31.590550,-6.65625,0.125,7.23046875,-0.001953125,-0.00390625,-0.00390625,15.625,-32.5625,-55.3125
2026-09-28T14:55:31.615693,-6.62109375,0.125,7.1875,-0.001953125,-0.00390625,-0.00390625,16.125,-32.5,-53.75
2026-09-28T14:55:31.639936,-6.62109375,0.125,7.1875,0.0,0.0,0.0,16.125,-32.5,-53.75
2026-09-28T14:55:31.660121,-6.62109375,0.125,7.1875,0.0,0.0,0.0,15.3125,-31.5,-54.5
2026-09-28T14:55:31.685703,-6.62109375,0.125,7.1875,0.0,0.0,0.0,15.3125,-31.5,-54.5
2026-09-28T14:55:31.710419,-6.58203125,0.125,7.1875,0.0,0.0,0.0,15.5,-32.25,-56.875
2026-09-28T14:55:31.735659,-6.62109375,0.125,7.2265625,0.0,0.0,0.0,15.5,-32.25,-56.875
2026-09-28T14:55:31.755972,-6.62109375,0.125,7.2265625,0.0,0.0,0.0,15.8125,-32.6875,-57.25
2026-09-28T14:55:31.780170,-6.62109375,0.125,7.2265625,0.0,0.0,0.0,15.8125,-32.6875,-57.25
2026-09-28T14:55:31.804722,-6.62109375,0.125,7.1875,0.0,0.0,0.0,15.4375,-33.0625,-56.875
2026-09-28T14:55:31.819972,-6.62109375,0.125,7.1875,0.0,0.0,0.0,15.4375,-33.0625,-56.875
2026-09-28T14:55:31.849660,-6.62109375,0.125,7.1875,0.0,0.0,0.0,14.5,-31.5625,-56.1875
2026-09-28T14:55:31.870159,-6.62109375,0.125,7.1875,0.0,0.0,0.0,14.5,-31.5625,-56.1875
2026-09-28T14:55:31.899860,-6.58203125,0.125,7.1875,0.0,0.0,0.0,16.0,-31.5,-55.25
2026-09-28T14:55:31.920393,-6.62109375,0.125,7.1875,0.0,0.0,0.0,16.0,-31.5,-55.25
2026-09-28T14:55:31.940161,-6.62109375,0.125,7.1875,0.0,0.0,0.0,16.0,-31.5,-55.25
2026-09-28T14:55:31.965978,-6.62109375,0.125,7.2265625,0.0,0.0,0.0,15.25,-32.625,-55.375
2026-09-28T14:55:31.990103,-6.62109375,0.125,7.1875,0.0,0.0,0.0,15.25,-32.625,-55.375
2026-09-28T14:55:32.015965,-6.62109375,0.125,7.2265625,0.0,0.0,0.0,16.125,-30.6875,-54.0625
2026-09-28T14:55:32.036229,-6.62109375,0.125,7.2265625,0.0,0.0,0.0,16.125,-30.6875,-54.0625
2026-09-28T14:55:32.059927,-6.62109375,0.125,7.1875,0.0,0.0,0.0,15.3125,-31.875,-54.9375
2026-09-28T14:55:32.085485,-6.58203125,0.125,7.1875,0.0,0.0,0.0,15.3125,-31.875,-54.9375
2026-09-28T14:55:32.110159,-6.62109375,0.125,7.1875,0.0,0.0,0.0,15.5625,-31.1875,-56.4375
2026-09-28T14:55:32.130697,-6.62109375,0.125,7.1875,0.0,0.0,0.0,15.5625,-31.1875,-56.4375
2026-09-28T14:55:32.155738,-6.62109375,0.125,7.2265625,0.0,0.0,0.0,15.0625,-32.0,-58.0625
2026-09-28T14:55:32.179872,-6.58203125,0.125,7.1875,0.0,0.0,0.0,15.0625,-32.0,-58.0625
2026-09-28T14:55:32.203896,-6.62109375,0.125,7.1875,0.0,0.0,0.0,15.5,-32.25,-56.875
2026-09-28T14:55:32.220057,-6.62109375,0.125,7.1875,0.0,0.0,0.0,15.5,-32.25,-56.875
2026-09-28T14:55:32.249689,-6.62109375,0.125,7.2265625,0.0,0.0,0.0,16.0,-32.1875,-55.25
2026-09-28T14:55:32.270231,-6.58203125,0.125,7.2265625,0.0,0.0,0.0,16.0,-32.1875,-55.25
2026-09-28T14:55:32.290128,-6.58203125,0.125,7.2265625,0.0,0.0,0.0,16.0,-32.1875,-55.25
2026-09-28T14:55:32.315621,-6.62109375,0.125,7.2265625,0.0,0.0,0.0,16.0,-31.875,-55.25
2026-09-28T14:55:32.339785,-6.62109375,0.125,7.1875,0.0,0.0,0.0,16.0,-31.875,-55.25
2026-09-28T14:55:32.365641,-6.58203125,0.125,7.2265625,0.0,0.0,0.0,16.375,-31.8125,-54.875
2026-09-28T14:55:32.389705,-6.58203125,0.125,7.2265625,0.0,0.0,0.0,16.375,-31.8125,-54.875
2026-09-28T14:55:32.410210,-6.62109375,0.125,7.2265625,0.0,0.0,0.0,14.25,-32.25,-55.0
2026-09-28T14:55:32.435558,-6.62109375,0.125,7.2265625,0.0,0.0,0.0,14.25,-32.25,-55.0
2026-09-28T14:55:32.459768,-6.58203125,0.125,7.2265625,0.0,0.0,0.0,14.5625,-32.25,-55.375
2026-09-28T14:55:32.485089,-6.58203125,0.125,7.1875,0.0,0.0,0.0,14.5625,-32.25,-55.375
2026-09-28T14:55:32.505841,-6.58203125,0.125,7.1875,0.0,0.0,0.0,15.1875,-31.1875,-56.8125
2026-09-28T14:55:32.529764,-6.58203125,0.125,7.1875,0.0,0.0,0.0,15.1875,-31.1875,-56.8125
2026-09-28T14:55:32.554942,-6.58203125,0.125,7.2265625,0.0,0.0,0.0,15.8125,-32.0,-57.625
2026-09-28T14:55:32.570219,-6.58203125,0.125,7.2265625,0.0,0.0,0.0,15.8125,-32.0,-57.625
2026-09-28T14:55:32.599241,-6.62109375,0.125,7.2265625,0.0,0.0,0.0,14.9375,-31.9375,-55.75
2026-09-28T14:55:32.619800,-6.62109375,0.125,7.2265625,0.0,0.0,0.0,14.9375,-31.9375,-55.75
2026-09-28T14:55:32.649200,-6.62109375,0.125,7.2265625,0.0,0.0,0.0,16.375,-31.5,-55.5625
2026-09-28T14:55:32.665373,-6.62109375,0.125,7.2265625,0.0,0.0,0.0,16.375,-31.5,-55.5625
2026-09-28T14:55:32.689606,-6.58203125,0.125,7.2265625,0.0,0.0,0.0,16.375,-31.5,-55.5625
2026-09-28T14:55:32.715527,-6.62109375,0.125,7.1875,0.0,0.0,0.0,15.375,-30.75,-54.5
2026-09-28T14:55:32.739222,-6.58203125,0.125,7.1875,0.0,0.0,0.0,15.375,-30.75,-54.5
2026-09-28T14:55:32.759470,-6.58203125,0.125,7.1875,0.0,0.0,0.0,16.0625,-33.3125,-54.125
2026-09-28T14:55:32.785078,-6.62109375,0.125,7.1875,0.0,0.0,0.0,16.0625,-33.3125,-54.125
2026-09-28T14:55:32.809601,-6.62109375,0.125,7.2265625,0.0,0.0,0.0,14.9375,-31.9375,-55.75
2026-09-28T14:55:32.834792,-6.62109375,0.125,7.2265625,0.0,0.0,0.0,14.9375,-31.9375,-55.75
2026-09-28T14:55:32.858819,-6.62109375,0.125,7.2265625,0.0,0.0,0.0,16.3125,-31.5,-56.375
2026-09-28T14:55:32.879308,-6.62109375,0.125,7.2265625,0.0,0.0,0.0,16.3125,-31.5,-56.375
2026-09-28T14:55:32.905167,-6.58203125,0.125,7.2265625,0.0,0.0,0.0,15.8125,-32.25,-57.25
2026-09-28T14:55:32.929367,-6.62109375,0.125,7.1875,0.0,0.0,0.0,15.8125,-32.25,-57.25
2026-09-28T14:55:32.954848,-6.62109375,0.125,7.2265625,0.0,0.0,0.0,16.125,-32.6875,-58.0
2026-09-28T14:55:32.969790,-6.62109375,0.125,7.2265625,0.0,0.0,0.0,16.125,-32.6875,-58.0
2026-09-28T14:55:32.999081,-6.62109375,0.125,7.2265625,0.0,0.0,0.0,14.0625,-32.6875,-57.0625
2026-09-28T14:55:33.019368,-6.62109375,0.125,7.2265625,0.0,0.0,0.0,14.0625,-32.6875,-57.0625
2026-09-28T14:55:33.039574,-6.62109375,0.125,7.2265625,0.0,0.0,0.0,14.0625,-32.6875,-57.0625
2026-09-28T14:55:33.065111,-6.58203125,0.125,7.2265625,0.0,0.0,0.0,14.9375,-33.0,-55.375
2026-09-28T14:55:33.088839,-6.62109375,0.125,7.2265625,0.0,0.0,0.0,14.9375,-33.0,-55.375
2026-09-28T14:55:33.111895,-6.62109375,0.125,7.1875,0.0,0.0,0.0,15.5625,-31.5625,-56.0625
2026-09-28T14:55:33.132342,-6.62109375,0.125,7.1875,-0.001953125,-0.005859375,-0.001953125,15.5625,-31.5625,-56.0625
2026-09-28T14:55:33.157704,-6.58203125,0.125,7.2265625,-0.001953125,-0.005859375,-0.001953125,15.625,-32.1875,-55.3125
2026-09-28T14:55:33.183123,-6.62109375,0.125,7.2265625,0.00390625,-0.009765625,0.001953125,15.625,-32.1875,-55.3125
2026-09-28T14:55:33.207904,-6.58203125,0.125,7.2265625,0.00390625,-0.009765625,0.001953125,15.4375,-32.3125,-57.6875
2026-09-28T14:55:33.229010,-6.58203125,0.125,7.2265625,-0.001953125,-0.00390625,0.0,15.4375,-32.3125,-57.6875
2026-09-28T14:55:33.254413,-6.58203125,0.125,7.2265625,-0.001953125,-0.00390625,0.0,15.0625,-30.1875,-58.75
2026-09-28T14:55:33.279237,-6.62109375,0.125,7.1875,0.0,-0.0078125,0.001953125,15.0625,-30.1875,-58.75
2026-09-28T14:55:33.304054,-6.58203125,0.125,7.2265625,0.0,-0.0078125,0.001953125,14.625,-32.75,-59.3125
2026-09-28T14:55:33.319336,-6.58203125,0.125,7.2265625,0.0,-0.0078125,0.001953125,14.625,-32.75,-59.3125
2026-09-28T14:55:33.348608,-6.62109375,0.125,7.1875,0.001953125,0.0,0.0,15.5625,-32.625,-55.6875
2026-09-28T14:55:33.368662,-6.58203125,0.125,7.1875,0.001953125,0.0,0.0,15.5625,-32.625,-55.6875
2026-09-28T14:55:33.391712,-6.58203125,0.125,7.1875,0.0,-0.00390625,0.00390625,15.5625,-32.625,-55.6875
2026-09-28T14:55:33.411915,-6.58203125,0.125,7.1875,0.0,-0.00390625,0.00390625,15.5625,-31.5625,-56.4375
2026-09-28T14:55:33.436299,-6.58203125,0.125,7.2265625,0.0,-0.009765625,-0.001953125,15.5625,-31.5625,-56.4375
2026-09-28T14:55:33.459647,-6.58203125,0.125,7.2265625,0.0,-0.009765625,-0.001953125,17.0,-31.875,-55.5625
2026-09-28T14:55:33.479085,-6.58203125,0.125,7.2265625,0.001953125,-0.00390625,0.0,17.0,-31.875,-55.5625
2026-09-28T14:55:33.504628,-6.62109375,0.125,7.2265625,0.001953125,-0.00390625,0.0,14.4375,-31.625,-57.6875
2026-09-28T14:55:33.529028,-6.58203125,0.125,7.2265625,0.001953125,0.0,0.001953125,14.4375,-31.625,-57.6875
2026-09-28T14:55:33.554190,-6.58203125,0.125,7.2265625,0.001953125,0.0,0.001953125,15.125,-32.25,-56.5
2026-09-28T14:55:33.569348,-6.58203125,0.125,7.2265625,0.001953125,0.0,0.001953125,15.125,-32.25,-56.5
2026-09-28T14:55:33.598614,-6.58203125,0.125,7.2265625,0.001953125,-0.01171875,-0.001953125,15.3125,-29.6875,-55.25
2026-09-28T14:55:33.619018,-6.58203125,0.125,7.2265625,0.001953125,-0.01171875,-0.001953125,15.3125,-29.6875,-55.25
2026-09-28T14:55:33.648601,-6.58203125,0.125,7.2265625,0.001953125,-0.005859375,0.0,15.5625,-33.0,-55.75
2026-09-28T14:55:33.665279,-6.58203125,0.125,7.2265625,0.001953125,-0.005859375,0.0,15.5625,-33.0,-55.75
2026-09-28T14:55:33.689034,-6.62109375,0.125,7.2265625,0.001953125,-0.00390625,0.001953125,15.5625,-33.0,-55.75
2026-09-28T14:55:33.714745,-6.58203125,0.125,7.2265625,0.001953125,-0.00390625,0.001953125,16.75,-31.8125,-54.8125
2026-09-28T14:55:33.738745,-6.58203125,0.125,7.2265625,0.0,-0.013671875,0.0,16.75,-31.8125,-54.8125
2026-09-28T14:55:33.759186,-6.58203125,0.125,7.2265625,0.0,-0.013671875,0.0,14.25,-31.5625,-55.375
2026-09-28T14:55:33.784082,-6.58203125,0.125,7.2265625,0.0,-0.005859375,0.0,14.25,-31.5625,-55.375
2026-09-28T14:55:33.808844,-6.58203125,0.125,7.2265625,0.0,-0.005859375,0.0,15.5,-32.25,-56.875
2026-09-28T14:55:33.832667,-6.58203125,0.125,7.2265625,0.005859375,-0.013671875,0.001953125,15.5,-32.25,-56.875
2026-09-28T14:55:33.852930,-6.58203125,0.125,7.2265625,0.005859375,-0.013671875,0.001953125,15.625,-31.125,-56.0625
2026-09-28T14:55:33.877560,-6.62109375,0.125,7.2265625,0.001953125,-0.00390625,0.0,15.625,-31.125,-56.0625
2026-09-28T14:55:33.902889,-6.58203125,0.125,7.2265625,0.001953125,-0.00390625,0.0,15.8125,-32.0,-57.625
2026-09-28T14:55:33.918395,-6.58203125,0.125,7.2265625,0.001953125,-0.00390625,0.0,15.8125,-32.0,-57.625
2026-09-28T14:55:33.947740,-6.62109375,0.125,7.2265625,0.00390625,-0.009765625,0.0,15.25,-31.9375,-55.6875
2026-09-28T14:55:33.968332,-6.58203125,0.125,7.2265625,0.00390625,-0.009765625,0.0,15.25,-31.9375,-55.6875
2026-09-28T14:55:33.997822,-6.58203125,0.125,7.2265625,0.005859375,-0.005859375,0.001953125,15.6875,-31.5,-54.5625
2026-09-28T14:55:34.017862,-6.58203125,0.125,7.2265625,0.005859375,-0.005859375,0.001953125,15.6875,-31.5,-54.5625
2026-09-28T14:55:34.038257,-6.58203125,0.125,7.2265625,0.00390625,0.005859375,0.001953125,15.6875,-31.5,-54.5625
2026-09-28T14:55:34.063962,-6.58203125,0.125,7.2265625,0.00390625,0.005859375,0.001953125,14.1875,-31.9375,-55.5
2026-09-28T14:55:34.088697,-6.58203125,0.125,7.2265625,0.00390625,-0.005859375,0.0,14.1875,-31.9375,-55.5
2026-09-28T14:55:34.114378,-6.58203125,0.125,7.2265625,0.00390625,-0.005859375,0.0,15.75,-31.0625,-54.4375
2026-09-28T14:55:34.134703,-6.58203125,0.125,7.2265625,0.0,0.0078125,0.001953125,15.75,-31.0625,-54.4375
2026-09-28T14:55:34.158408,-6.58203125,0.125,7.2265625,0.0,0.0078125,0.001953125,16.6875,-31.5,-56.375
2026-09-28T14:55:34.184233,-6.58203125,0.125,7.2265625,0.001953125,-0.00390625,0.0,16.6875,-31.5,-56.375
2026-09-28T14:55:34.208386,-6.58203125,0.125,7.2265625,0.001953125,-0.00390625,0.0,15.9375,-31.1875,-56.4375
2026-09-28T14:55:34.228792,-6.58203125,0.125,7.2265625,0.0,0.005859375,0.0,15.9375,-31.1875,-56.4375
2026-09-28T14:55:34.254119,-6.58203125,0.125,7.2265625,0.0,0.005859375,0.0,15.5,-31.5625,-57.25
2026-09-28T14:55:34.278554,-6.58203125,0.125,7.2265625,0.0,0.001953125,0.0,15.5,-31.5625,-57.25
2026-09-28T14:55:34.302703,-6.58203125,0.125,7.2265625,0.0,0.001953125,0.0,15.125,-31.625,-57.3125
2026-09-28T14:55:34.318347,-6.58203125,0.125,7.2265625,0.0,0.001953125,0.0,15.125,-31.625,-57.3125
2026-09-28T14:55:34.347826,-6.58203125,0.125,7.2265625,-0.00390625,-0.005859375,-0.001953125,14.9375,-31.125,-55.3125
2026-09-28T14:55:34.368690,-6.58203125,0.125,7.2265625,-0.00390625,-0.005859375,-0.001953125,14.9375,-31.125,-55.3125
2026-09-28T14:55:34.388776,-6.58203125,0.125,7.2265625,0.0,-0.00390625,-0.001953125,14.9375,-31.125,-55.3125
2026-09-28T14:55:34.413546,-6.58203125,0.125,7.2265625,0.0,-0.00390625,-0.001953125,15.5625,-31.9375,-56.5
2026-09-28T14:55:34.438465,-6.58203125,0.125,7.2265625,0.0,-0.005859375,0.001953125,15.5625,-31.9375,-56.5
2026-09-28T14:55:34.464173,-6.58203125,0.125,7.2265625,0.0,-0.005859375,0.001953125,15.9375,-32.25,-56.0625
2026-09-28T14:55:34.488786,-6.58203125,0.125,7.2265625,0.0,-0.005859375,0.001953125,15.9375,-32.25,-56.0625
2026-09-28T14:55:34.508453,-6.58203125,0.125,7.2265625,0.0,-0.005859375,0.001953125,14.875,-33.75,-55.4375
2026-09-28T14:55:34.534241,-6.58203125,0.125,7.2265625,0.001953125,-0.0078125,0.0,14.875,-33.75,-55.4375
2026-09-28T14:55:34.558245,-6.58203125,0.125,7.2265625,0.001953125,-0.0078125,0.0,15.5625,-31.5625,-56.4375
2026-09-28T14:55:34.583071,-6.58203125,0.125,7.2265625,0.001953125,0.001953125,0.001953125,15.5625,-31.5625,-56.4375
2026-09-28T14:55:34.603823,-6.58203125,0.125,7.26953125,0.001953125,0.001953125,0.001953125,16.25,-31.5625,-56.8125
2026-09-28T14:55:34.628256,-6.58203125,0.125,7.2265625,0.001953125,0.001953125,0.001953125,16.25,-31.5625,-56.8125
2026-09-28T14:55:34.653996,-6.58203125,0.125,7.2265625,0.001953125,0.001953125,0.001953125,15.6875,-31.6875,-59.5625
2026-09-28T14:55:34.669113,-6.58203125,0.125,7.2265625,0.001953125,0.001953125,0.001953125,15.6875,-31.6875,-59.5625
2026-09-28T14:55:34.697780,-6.58203125,0.125,7.2265625,0.00390625,-0.005859375,0.001953125,15.125,-31.9375,-56.875
2026-09-28T14:55:34.718255,-6.58203125,0.125,7.26953125,0.00390625,-0.005859375,0.001953125,15.125,-31.9375,-56.875
2026-09-28T14:55:34.747161,-6.58203125,0.125,7.2265625,0.0,-0.0078125,0.0,14.5,-31.5625,-56.1875
2026-09-28T14:55:34.763830,-6.58203125,0.125,7.2265625,0.0,-0.0078125,0.0,14.5,-31.5625,-56.1875
2026-09-28T14:55:34.787950,-6.58203125,0.125,7.26953125,0.0,0.001953125,0.001953125,14.5,-31.5625,-56.1875
2026-09-28T14:55:34.813575,-6.58203125,0.125,7.2265625,0.0,0.001953125,0.001953125,16.0,-32.5625,-55.3125
2026-09-28T14:55:34.838421,-6.58203125,0.125,7.26953125,0.001953125,-0.00390625,0.001953125,16.0,-32.5625,-55.3125
2026-09-28T14:55:34.858470,-6.58203125,0.125,7.26953125,0.001953125,-0.00390625,0.001953125,15.0,-30.75,-55.3125
2026-09-28T14:55:34.883916,-6.58203125,0.125,7.2265625,0.0,0.0,0.0,15.0,-30.75,-55.3125
2026-09-28T14:55:34.907254,-6.58203125,0.125,7.2265625,0.0,0.0,0.0,14.875,-30.8125,-56.9375
2026-09-28T14:55:34.931432,-6.58203125,0.125,7.2265625,0.0,0.0,0.0,14.875,-30.8125,-56.9375
2026-09-28T14:55:34.951360,-6.58203125,0.125,7.2265625,0.0,0.0,0.0,15.4375,-33.0625,-57.3125
2026-09-28T14:55:34.976356,-6.54296875,0.125,7.2265625,0.0,0.0,0.0,15.4375,-33.0625,-57.3125
2026-09-28T14:55:35.000312,-6.58203125,0.125,7.2265625,0.0,0.0,0.0,13.9375,-32.4375,-58.9375
2026-09-28T14:55:35.016041,-6.58203125,0.125,7.2265625,0.0,0.0,0.0,13.9375,-32.4375,-58.9375
2026-09-28T14:55:35.039889,-6.58203125,0.125,7.2265625,0.0,0.0,0.0,13.9375,-32.4375,-58.9375
2026-09-28T14:55:35.064124,-6.58203125,0.125,7.2265625,0.0,0.0,0.0,14.8125,-31.9375,-56.1875
2026-09-28T14:55:35.087871,-6.58203125,0.125,7.26953125,-0.00390625,-0.00390625,-0.001953125,14.8125,-31.9375,-56.1875
2026-09-28T14:55:35.107828,-6.58203125,0.125,7.26953125,-0.00390625,-0.00390625,-0.001953125,15.375,-31.875,-54.125
2026-09-28T14:55:35.133340,-6.58203125,0.125,7.2265625,0.001953125,0.001953125,0.001953125,15.375,-31.875,-54.125
2026-09-28T14:55:35.157862,-6.58203125,0.125,7.2265625,0.001953125,0.001953125,0.001953125,14.8125,-32.3125,-56.5625
2026-09-28T14:55:35.181498,-6.58203125,0.125,7.2265625,-0.001953125,-0.001953125,-0.00390625,14.8125,-32.3125,-56.5625
2026-09-28T14:55:35.201365,-6.58203125,0.125,7.2265625,-0.001953125,-0.001953125,-0.00390625,14.8125,-31.625,-56.9375
2026-09-28T14:55:35.226144,-6.58203125,0.125,7.2265625,0.0,0.001953125,0.0,14.8125,-31.625,-56.9375
2026-09-28T14:55:35.251108,-6.58203125,0.125,7.26953125,0.0,0.001953125,0.0,14.6875,-32.0625,-58.5
2026-09-28T14:55:35.276225,-6.58203125,0.125,7.26953125,0.0,0.001953125,0.0,14.6875,-32.0625,-58.5
2026-09-28T14:55:35.296788,-6.58203125,0.125,7.2265625,-0.001953125,0.005859375,-0.001953125,14.375,-33.0625,-57.375
2026-09-28T14:55:35.317777,-6.58203125,0.125,7.26953125,-0.001953125,0.005859375,-0.001953125,14.375,-33.0625,-57.375
2026-09-28T14:55:35.346720,-6.58203125,0.125,7.2265625,0.0078125,-0.001953125,0.0,15.9375,-32.5625,-55.6875
2026-09-28T14:55:35.366889,-6.58203125,0.125,7.2265625,0.0078125,-0.001953125,0.0,15.9375,-32.5625,-55.6875
2026-09-28T14:55:35.387445,-6.58203125,0.125,7.2265625,-0.001953125,0.001953125,0.0,15.9375,-32.5625,-55.6875
2026-09-28T14:55:35.412303,-6.58203125,0.125,7.2265625,-0.001953125,0.001953125,0.0,15.25,-32.1875,-54.9375
2026-09-28T14:55:35.436557,-6.58203125,0.125,7.2265625,-0.001953125,0.009765625,-0.00390625,15.25,-32.1875,-54.9375
2026-09-28T14:55:35.461471,-6.58203125,0.125,7.26953125,-0.001953125,0.009765625,-0.00390625,15.5625,-32.625,-55.6875
2026-09-28T14:55:35.481396,-6.58203125,0.125,7.26953125,0.0,0.00390625,0.001953125,15.5625,-32.625,-55.6875
2026-09-28T14:55:35.506207,-6.58203125,0.125,7.26953125,0.0,0.00390625,0.001953125,16.6875,-31.875,-55.5625
2026-09-28T14:55:35.531110,-6.58203125,0.125,7.2265625,-0.001953125,-0.005859375,-0.001953125,16.6875,-31.875,-55.5625
2026-09-28T14:55:35.555464,-6.58203125,0.125,7.2265625,-0.001953125,-0.005859375,-0.001953125,14.0,-30.9375,-58.125
2026-09-28T14:55:35.576306,-6.58203125,0.125,7.2265625,-0.005859375,0.001953125,0.0,14.0,-30.9375,-58.125
2026-09-28T14:55:35.600171,-6.58203125,0.125,7.26953125,-0.005859375,0.001953125,0.0,14.4375,-32.6875,-56.9375
2026-09-28T14:55:35.625105,-6.58203125,0.125,7.2265625,-0.001953125,0.001953125,0.0,14.4375,-32.6875,-56.9375
2026-09-28T14:55:35.639990,-6.58203125,0.125,7.2265625,-0.001953125,0.001953125,0.0,14.4375,-32.6875,-56.9375
2026-09-28T14:55:35.665117,-6.58203125,0.125,7.26953125,-0.001953125,0.001953125,0.0,15.4375,-30.875,-58.0
2026-09-28T14:55:35.688956,-6.58203125,0.125,7.26953125,0.0,-0.00390625,0.0,15.4375,-30.875,-58.0
2026-09-28T14:55:35.713120,-6.58203125,0.125,7.2265625,0.0,-0.00390625,0.0,14.9375,-31.875,-55.0
2026-09-28T14:55:35.733048,-6.58203125,0.125,7.2265625,0.0,-0.013671875,0.0,14.9375,-31.875,-55.0
2026-09-28T14:55:35.757443,-6.58203125,0.125,7.2265625,0.0,-0.013671875,0.0,15.9375,-30.8125,-56.75
2026-09-28T14:55:35.782880,-6.58203125,0.125,7.26953125,0.0,-0.0078125,-0.001953125,15.9375,-30.8125,-56.75
2026-09-28T14:55:35.806647,-6.54296875,0.125,7.2265625,0.0,-0.0078125,-0.001953125,15.1875,-31.9375,-56.125
2026-09-28T14:55:35.827307,-6.54296875,0.125,7.2265625,0.00390625,-0.005859375,0.0,15.1875,-31.9375,-56.125
2026-09-28T14:55:35.852495,-6.58203125,0.125,7.2265625,0.00390625,-0.005859375,0.0,14.125,-32.3125,-56.625
2026-09-28T14:55:35.877356,-6.54296875,0.125,7.2265625,0.005859375,-0.0078125,0.0,14.125,-32.3125,-56.625
2026-09-28T14:55:35.902789,-6.58203125,0.125,7.26953125,0.005859375,-0.0078125,0.0,15.375,-32.0625,-58.8125
2026-09-28T14:55:35.918163,-6.58203125,0.125,7.26953125,0.005859375,-0.0078125,0.0,15.375,-32.0625,-58.8125
2026-09-28T14:55:35.947350,-6.58203125,0.125,7.26953125,0.001953125,-0.005859375,0.001953125,14.4375,-31.25,-57.3125
2026-09-28T14:55:35.967312,-6.54296875,0.125,7.26953125,0.001953125,-0.005859375,0.001953125,14.4375,-31.25,-57.3125
2026-09-28T14:55:35.987239,-6.54296875,0.125,7.26953125,0.00390625,-0.001953125,0.0,14.4375,-31.25,-57.3125
2026-09-28T14:55:36.012447,-6.58203125,0.125,7.26953125,0.00390625,-0.001953125,0.0,16.75,-31.8125,-55.1875
2026-09-28T14:55:36.037235,-6.54296875,0.125,7.26953125,0.0,0.005859375,0.0,16.75,-31.8125,-55.1875
2026-09-28T14:55:36.062772,-6.58203125,0.125,7.26953125,0.0,0.005859375,0.0,15.625,-31.5,-55.25
2026-09-28T14:55:36.086482,-6.58203125,0.125,7.26953125,0.005859375,0.001953125,0.001953125,15.625,-31.5,-55.25
2026-09-28T14:55:36.106742,-6.54296875,0.125,7.26953125,0.005859375,0.001953125,0.001953125,13.875,-31.9375,-54.6875
2026-09-28T14:55:36.132435,-6.54296875,0.125,7.26953125,-0.001953125,0.0078125,0.0,13.875,-31.9375,-54.6875
2026-09-28T14:55:36.157140,-6.58203125,0.125,7.26953125,-0.001953125,0.0078125,0.0,15.1875,-31.5625,-56.5
2026-09-28T14:55:36.182699,-6.54296875,0.125,7.2265625,-0.001953125,0.0078125,-0.001953125,15.1875,-31.5625,-56.5
2026-09-28T14:55:36.202688,-6.54296875,0.125,7.2265625,-0.001953125,0.0078125,-0.001953125,16.6875,-32.1875,-55.625
2026-09-28T14:55:36.227058,-6.58203125,0.125,7.2265625,0.0,0.0,0.0,16.6875,-32.1875,-55.625
2026-09-28T14:55:36.252676,-6.58203125,0.125,7.26953125,0.0,0.0,0.0,15.8125,-31.5625,-57.625
2026-09-28T14:55:36.267545,-6.58203125,0.125,7.26953125,0.0,0.0,0.0,15.8125,-31.5625,-57.625
2026-09-28T14:55:36.296032,-6.58203125,0.125,7.26953125,0.0,0.0,0.0,14.875,-31.5625,-56.5625
2026-09-28T14:55:36.316996,-6.54296875,0.08984375,7.265625,0.0,0.0,0.0,14.875,-31.5625,-56.5625
2026-09-28T14:55:36.345209,-6.58203125,0.125,7.26953125,0.0,0.0,0.0,14.9375,-31.5625,-55.75
2026-09-28T14:55:36.361567,-6.58203125,0.125,7.26953125,0.0,0.0,0.0,14.9375,-31.5625,-55.75
2026-09-28T14:55:36.385766,-6.54296875,0.125,7.2265625,0.0,-0.00390625,-0.00390625,14.9375,-31.5625,-55.75
2026-09-28T14:55:36.411003,-6.58203125,0.125,7.26953125,0.0,-0.00390625,-0.00390625,16.75,-31.8125,-55.1875
2026-09-28T14:55:36.435673,-6.54296875,0.125,7.26953125,-0.001953125,-0.0078125,-0.001953125,16.75,-31.8125,-55.1875
2026-09-28T14:55:36.456677,-6.54296875,0.125,7.26953125,-0.001953125,-0.0078125,-0.001953125,16.0,-31.875,-55.25
2026-09-28T14:55:36.482140,-6.54296875,0.125,7.26953125,0.001953125,0.0,0.0,16.0,-31.875,-55.25
2026-09-28T14:55:36.506780,-6.54296875,0.125,7.26953125,0.001953125,0.0,0.0,15.25,-32.1875,-55.3125
2026-09-28T14:55:36.532129,-6.58203125,0.125,7.26953125,0.001953125,-0.013671875,0.0,15.25,-32.1875,-55.3125
2026-09-28T14:55:36.556107,-6.58203125,0.125,7.26953125,0.001953125,-0.013671875,0.0,16.25,-31.1875,-56.75
2026-09-28T14:55:36.576675,-6.58203125,0.125,7.26953125,-0.00390625,-0.001953125,-0.001953125,16.25,-31.1875,-56.75
2026-09-28T14:55:36.601954,-6.54296875,0.125,7.26953125,-0.00390625,-0.001953125,-0.001953125,14.875,-31.1875,-56.0625
2026-09-28T14:55:36.626634,-6.58203125,0.125,7.26953125,-0.00390625,-0.0078125,0.00390625,14.875,-31.1875,-56.0625
2026-09-28T14:55:36.651240,-6.58203125,0.125,7.26953125,-0.00390625,-0.0078125,0.00390625,14.6875,-32.375,-58.0625
2026-09-28T14:55:36.666676,-6.54296875,0.125,7.26953125,-0.00390625,-0.0078125,0.00390625,14.6875,-32.375,-58.0625
2026-09-28T14:55:36.696036,-6.54296875,0.125,7.26953125,0.0,-0.015625,0.00390625,16.0,-32.5625,-55.3125
2026-09-28T14:55:36.716298,-6.58203125,0.125,7.26953125,0.0,-0.015625,0.00390625,16.0,-32.5625,-55.3125
2026-09-28T14:55:36.736499,-6.58203125,0.125,7.26953125,-0.001953125,-0.00390625,0.0,16.0,-32.5625,-55.3125
2026-09-28T14:55:36.762268,-6.54296875,0.125,7.26953125,-0.001953125,-0.00390625,0.0,15.625,-31.875,-55.3125
2026-09-28T14:55:36.786539,-6.58203125,0.125,7.2265625,0.001953125,-0.001953125,0.001953125,15.625,-31.875,-55.3125
2026-09-28T14:55:36.809832,-6.54296875,0.125,7.2265625,0.001953125,-0.001953125,0.001953125,15.0625,-30.75,-54.5
2026-09-28T14:55:36.829404,-6.54296875,0.125,7.2265625,0.001953125,-0.00390625,-0.001953125,15.0625,-30.75,-54.5
2026-09-28T14:55:36.853850,-6.54296875,0.125,7.26953125,0.001953125,-0.00390625,-0.001953125,15.4375,-31.25,-58.0
2026-09-28T14:55:36.879027,-6.54296875,0.125,7.26953125,-0.001953125,-0.005859375,0.001953125,15.4375,-31.25,-58.0
2026-09-28T14:55:36.903074,-6.58203125,0.125,7.26953125,-0.001953125,-0.005859375,0.001953125,14.9375,-32.375,-59.25
2026-09-28T14:55:36.923340,-6.58203125,0.125,7.26953125,-0.001953125,-0.005859375,0.001953125,14.9375,-32.375,-59.25
2026-09-28T14:55:36.946536,-6.54296875,0.125,7.2265625,-0.001953125,0.00390625,0.0,14.0,-30.9375,-58.125
2026-09-28T14:55:36.966556,-6.54296875,0.125,7.26953125,-0.001953125,0.00390625,0.0,14.0,-30.9375,-58.125
2026-09-28T14:55:36.986544,-6.54296875,0.125,7.26953125,0.0,-0.001953125,-0.001953125,14.0,-30.9375,-58.125
2026-09-28T14:55:37.011778,-6.54296875,0.125,7.26953125,0.0,-0.001953125,-0.001953125,15.625,-31.125,-56.0625
2026-09-28T14:55:37.036453,-6.54296875,0.125,7.26953125,0.0,-0.001953125,0.001953125,15.625,-31.125,-56.0625
2026-09-28T14:55:37.060241,-6.58203125,0.125,7.26953125,0.0,-0.001953125,0.001953125,14.25,-32.25,-54.625
2026-09-28T14:55:37.080383,-6.58203125,0.125,7.26953125,0.00390625,0.009765625,0.0,14.25,-32.25,-54.625
2026-09-28T14:55:37.105552,-6.54296875,0.125,7.26953125,0.00390625,0.009765625,0.0,15.9375,-31.1875,-56.5
2026-09-28T14:55:37.130036,-6.54296875,0.125,7.2265625,0.0,-0.001953125,0.0,15.9375,-31.1875,-56.5
2026-09-28T14:55:37.154663,-6.54296875,0.125,7.2265625,0.0,-0.001953125,0.0,14.375,-32.75,-57.8125
2026-09-28T14:55:37.175468,-6.54296875,0.125,7.26953125,0.0,0.0,-0.001953125,14.375,-32.75,-57.8125
2026-09-28T14:55:37.199890,-6.58203125,0.125,7.26953125,0.0,0.0,-0.001953125,14.375,-32.0,-57.75
2026-09-28T14:55:37.224029,-6.58203125,0.125,7.26953125,0.0,0.001953125,0.0,14.375,-32.0,-57.75
2026-09-28T14:55:37.238622,-6.58203125,0.125,7.26953125,0.0,0.001953125,0.0,14.375,-32.0,-57.75
2026-09-28T14:55:37.263674,-6.54296875,0.125,7.26953125,0.0,0.001953125,0.0,15.0625,-32.0,-58.125
2026-09-28T14:55:37.287753,-6.54296875,0.125,7.2265625,0.0,0.00390625,0.001953125,15.0625,-32.0,-58.125
2026-09-28T14:55:37.311954,-6.54296875,0.125,7.26953125,0.0,0.00390625,0.001953125,16.0625,-31.5,-54.875
2026-09-28T14:55:37.331880,-6.54296875,0.125,7.26953125,0.00390625,-0.0078125,-0.001953125,16.0625,-31.5,-54.875
2026-09-28T14:55:37.356045,-6.54296875,0.125,7.26953125,0.00390625,-0.0078125,-0.001953125,15.625,-31.5,-55.25
2026-09-28T14:55:37.382113,-6.54296875,0.125,7.26953125,0.0,0.0,0.0,15.625,-31.5,-55.25
2026-09-28T14:55:37.406076,-6.54296875,0.125,7.26953125,0.0,0.0,0.0,16.6875,-30.375,-56.75
2026-09-28T14:55:37.426496,-6.54296875,0.125,7.26953125,0.0,0.0,0.0,16.6875,-30.375,-56.75
2026-09-28T14:55:37.451328,-6.54296875,0.125,7.26953125,0.0,0.0,0.0,14.5,-32.3125,-56.5625
2026-09-28T14:55:37.476124,-6.54296875,0.125,7.2265625,0.0,0.0,0.0,14.5,-32.3125,-56.5625
2026-09-28T14:55:37.500736,-6.54296875,0.125,7.2265625,0.0,0.0,0.0,15.75,-32.3125,-58.0
2026-09-28T14:55:37.516050,-6.54296875,0.125,7.26953125,0.0,0.0,0.0,15.75,-32.3125,-58.0
2026-09-28T14:55:37.545441,-6.54296875,0.125,7.26953125,0.0,0.0,0.0,14.5,-33.0625,-56.25
2026-09-28T14:55:37.565728,-6.54296875,0.125,7.26953125,0.0,0.0,0.0,14.5,-33.0625,-56.25
2026-09-28T14:55:37.586014,-6.54296875,0.125,7.26953125,0.0,0.0,0.0,14.5,-33.0625,-56.25
2026-09-28T14:55:37.611547,-6.58203125,0.125,7.26953125,0.0,0.0,0.0,15.375,-31.125,-54.5625
2026-09-28T14:55:37.636040,-6.58203125,0.125,7.26953125,0.0,0.0,0.0,15.375,-31.125,-54.5625
2026-09-28T14:55:37.661628,-6.54296875,0.125,7.26953125,0.0,0.0,0.0,14.9375,-32.25,-55.375
2026-09-28T14:55:37.685303,-6.54296875,0.125,7.26953125,0.0,0.0,0.0,14.9375,-32.25,-55.375
2026-09-28T14:55:37.705543,-6.54296875,0.125,7.26953125,0.0,0.0,0.0,15.375,-31.875,-54.125
2026-09-28T14:55:37.731238,-6.54296875,0.125,7.2265625,0.0,0.0,0.0,15.375,-31.875,-54.125
2026-09-28T14:55:37.755219,-6.54296875,0.125,7.26953125,0.0,0.0,0.0,15.875,-32.625,-56.5625
2026-09-28T14:55:37.779640,-6.58203125,0.125,7.26953125,0.0,0.0,0.0,15.875,-32.625,-56.5625
2026-09-28T14:55:37.799782,-6.58203125,0.125,7.26953125,0.0,0.0,0.0,14.75,-32.3125,-57.6875
2026-09-28T14:55:37.824919,-6.54296875,0.125,7.26953125,0.0,0.0,0.0,14.75,-32.3125,-57.6875
2026-09-28T14:55:37.849649,-6.54296875,0.125,7.26953125,0.0,0.0,0.0,15.0625,-32.0,-57.6875
2026-09-28T14:55:37.865585,-6.54296875,0.125,7.26953125,0.0,0.0,0.0,15.0625,-32.0,-57.6875
2026-09-28T14:55:37.895021,-6.54296875,0.125,7.26953125,0.0,0.0,0.0,14.8125,-31.5625,-56.5
2026-09-28T14:55:37.915352,-6.54296875,0.125,7.26953125,0.0,0.0,0.0,14.8125,-31.5625,-56.5
2026-09-28T14:55:37.938684,-6.54296875,0.125,7.26953125,0.0,0.0,0.0,14.8125,-31.5625,-56.5
2026-09-28T14:55:37.958933,-6.54296875,0.125,7.26953125,0.0,0.0,0.0,14.5625,-32.625,-55.0625
2026-09-28T14:55:37.983254,-6.54296875,0.125,7.26953125,0.0,0.0,0.0,14.5625,-32.625,-55.0625
2026-09-28T14:55:38.007394,-6.54296875,0.125,7.26953125,0.0,0.0,0.0,15.6875,-31.875,-54.9375
2026-09-28T14:55:38.031442,-6.54296875,0.125,7.26953125,0.0,0.0,0.0,15.6875,-31.875,-54.9375
2026-09-28T14:55:38.051278,-6.54296875,0.125,7.26953125,0.0,0.0,0.0,15.5625,-32.25,-55.6875
2026-09-28T14:55:38.075710,-6.54296875,0.125,7.26953125,0.0,0.0,0.0,15.5625,-32.25,-55.6875
2026-09-28T14:55:38.101450,-6.54296875,0.125,7.26953125,0.0,0.0,0.0,15.0625,-31.25,-58.0
2026-09-28T14:55:38.116343,-6.54296875,0.125,7.26953125,0.0,0.0,0.0,15.0625,-31.25,-58.0
2026-09-28T14:55:38.144670,-6.54296875,0.125,7.26953125,0.0,0.0,0.0,15.9375,-31.125,-56.0625
2026-09-28T14:55:38.165550,-6.54296875,0.125,7.26953125,0.0,0.0,0.0,15.9375,-31.125,-56.0625
2026-09-28T14:55:38.193097,-6.54296875,0.125,7.26953125,0.0,0.0,0.0,14.0625,-31.625,-57.375
2026-09-28T14:55:38.209151,-6.54296875,0.125,7.26953125,0.0,0.0,0.0,14.0625,-31.625,-57.375
2026-09-28T14:55:38.234329,-6.54296875,0.125,7.26953125,0.0,0.0,0.0,14.0625,-31.625,-57.375
2026-09-28T14:55:38.258181,-6.54296875,0.125,7.26953125,0.0,0.0,0.0,14.875,-32.1875,-55.0
2026-09-28T14:55:38.282330,-6.54296875,0.125,7.26953125,0.0,0.0,0.0,14.875,-32.1875,-55.0
2026-09-28T14:55:38.301771,-6.54296875,0.125,7.26953125,0.0,0.0,0.0,14.1875,-31.9375,-55.4375
2026-09-28T14:55:38.325340,-6.54296875,0.125,7.26953125,0.0,0.0,0.0,14.1875,-31.9375,-55.4375
2026-09-28T14:55:38.350812,-6.54296875,0.125,7.26953125,0.0,0.0,0.0,14.6875,-32.0625,-58.5
2026-09-28T14:55:38.365822,-6.54296875,0.125,7.26953125,0.0,0.0,0.0,14.6875,-32.0625,-58.5
2026-09-28T14:55:38.395201,-6.54296875,0.125,7.26953125,0.0,0.0,0.0,16.375,-31.875,-55.25
2026-09-28T14:55:38.415427,-6.54296875,0.125,7.26953125,0.0,0.0,0.0,16.375,-31.875,-55.25
2026-09-28T14:55:38.442915,-6.58203125,0.125,7.26953125,0.0,0.0,0.0,15.5,-32.625,-56.5
2026-09-28T14:55:38.459029,-6.58203125,0.125,7.26953125,0.0,0.0,0.0,15.5,-32.625,-56.5
2026-09-28T14:55:38.484114,-6.54296875,0.125,7.26953125,0.0,0.0,0.0,15.5,-32.625,-56.5
2026-09-28T14:55:38.509201,-6.54296875,0.125,7.26953125,0.0,0.0,0.0,15.5625,-33.0,-55.6875
2026-09-28T14:55:38.533616,-6.58203125,0.125,7.26953125,0.0,0.0,0.0,15.5625,-33.0,-55.6875
2026-09-28T14:55:38.554419,-6.58203125,0.125,7.26953125,0.0,0.0,0.0,15.625,-31.875,-55.6875
2026-09-28T14:55:38.579086,-6.54296875,0.125,7.26953125,0.0,0.0,0.0,15.625,-31.875,-55.6875
2026-09-28T14:55:38.603867,-6.54296875,0.125,7.26953125,0.0,0.0,0.0,15.9375,-31.1875,-56.75
2026-09-28T14:55:38.627976,-6.54296875,0.125,7.26953125,0.0,0.0,0.0,15.9375,-31.1875,-56.75
2026-09-28T14:55:38.647782,-6.54296875,0.125,7.26953125,0.0,0.0,0.0,14.875,-31.9375,-56.5
2026-09-28T14:55:38.672898,-6.54296875,0.125,7.26953125,0.0,0.0,0.0,14.875,-31.9375,-56.5
2026-09-28T14:55:38.695605,-6.54296875,0.125,7.26953125,0.0,0.0,0.0,15.4375,-32.6875,-57.3125
2026-09-28T14:55:38.711993,-6.54296875,0.125,7.26953125,0.0,0.0,0.0,15.4375,-32.6875,-57.3125
2026-09-28T14:55:38.735412,-6.54296875,0.125,7.26953125,0.0,0.0,0.0,15.4375,-32.6875,-57.3125
2026-09-28T14:55:38.760793,-6.58203125,0.125,7.26953125,0.0,0.0,0.0,15.75,-31.0625,-54.0625
2026-09-28T14:55:38.784647,-6.58203125,0.125,7.26953125,0.0,0.0,0.0,15.75,-31.0625,-54.0625
2026-09-28T14:55:38.805026,-6.54296875,0.125,7.26953125,0.0,0.0,0.0,15.625,-31.875,-55.3125
2026-09-28T14:55:38.828936,-6.54296875,0.125,7.26953125,0.0,0.0,0.0,15.625,-31.875,-55.3125
2026-09-28T14:55:38.853565,-6.54296875,0.125,7.26953125,0.0,0.0,0.0,15.5,-32.25,-56.5625
2026-09-28T14:55:38.877920,-6.54296875,0.125,7.26953125,0.0,0.0,0.0,15.5,-32.25,-56.5625
2026-09-28T14:55:38.898000,-6.54296875,0.125,7.26953125,0.0,0.0,0.0,15.5625,-32.625,-56.125
2026-09-28T14:55:38.922993,-6.54296875,0.125,7.26953125,0.0,0.0,0.0,15.5625,-32.625,-56.125
2026-09-28T14:55:38.945750,-6.54296875,0.125,7.26953125,0.0,0.0,0.0,14.0,-32.375,-57.75
2026-09-28T14:55:38.962025,-6.54296875,0.125,7.26953125,0.0,0.0,0.0,14.0,-32.375,-57.75
2026-09-28T14:55:38.985069,-6.54296875,0.125,7.26953125,0.0,0.0,0.0,14.0,-32.375,-57.75
2026-09-28T14:55:39.010186,-6.54296875,0.125,7.26953125,0.0,0.0,0.0,16.0,-31.5,-55.25
2026-09-28T14:55:39.034733,-6.54296875,0.125,7.26953125,0.0,0.0,0.0,16.0,-31.5,-55.25
2026-09-28T14:55:39.054461,-6.54296875,0.125,7.26953125,0.0,0.0,0.0,15.3125,-32.5625,-54.1875
2026-09-28T14:55:39.079089,-6.54296875,0.125,7.26953125,0.0,0.0,0.0,15.3125,-32.5625,-54.1875
2026-09-28T14:55:39.103722,-6.54296875,0.125,7.26953125,0.0,0.0,0.0,14.0,-30.9375,-58.4375
2026-09-28T14:55:39.128409,-6.54296875,0.125,7.26953125,0.0,0.0,0.0,14.0,-30.9375,-58.4375
2026-09-28T14:55:39.148214,-6.54296875,0.125,7.26953125,0.0,0.0,0.0,16.125,-32.3125,-58.0625
2026-09-28T14:55:39.172446,-6.54296875,0.125,7.26953125,0.0,0.0,0.0,16.125,-32.3125,-58.0625
2026-09-28T14:55:39.195142,-6.54296875,0.125,7.26953125,0.0,0.0,0.0,14.0,-31.6875,-58.125
2026-09-28T14:55:39.211419,-6.54296875,0.125,7.26953125,0.0,0.0,0.0,14.0,-31.6875,-58.125
2026-09-28T14:55:39.234774,-6.54296875,0.125,7.26953125,0.0,0.0,0.0,14.0,-31.6875,-58.125
2026-09-28T14:55:39.260525,-6.50390625,0.125,7.26953125,0.0,0.0,0.0,15.625,-31.875,-55.375
2026-09-28T14:55:39.284282,-6.54296875,0.125,7.26953125,0.0,0.0,0.0,15.625,-31.875,-55.375
2026-09-28T14:55:39.304636,-6.54296875,0.125,7.26953125,0.0,0.0,0.0,14.9375,-31.5625,-55.75
2026-09-28T14:55:39.328515,-6.54296875,0.125,7.30859375,0.0,0.0,0.0,14.9375,-31.5625,-55.75
2026-09-28T14:55:39.353113,-6.50390625,0.125,7.26953125,0.0,0.0,0.0,15.125,-31.5625,-56.9375
2026-09-28T14:55:39.377414,-6.54296875,0.125,7.26953125,-0.001953125,-0.005859375,0.00390625,15.125,-31.5625,-56.9375
2026-09-28T14:55:39.397425,-6.54296875,0.125,7.26953125,-0.001953125,-0.005859375,0.00390625,14.375,-31.6875,-58.0625
2026-09-28T14:55:39.422388,-6.54296875,0.125,7.26953125,0.0,-0.005859375,0.0,14.375,-31.6875,-58.0625
2026-09-28T14:55:39.445122,-6.54296875,0.125,7.26953125,0.0,-0.005859375,0.0,15.4375,-32.0,-58.0
2026-09-28T14:55:39.461393,-6.54296875,0.125,7.26953125,0.0,-0.005859375,0.0,15.4375,-32.0,-58.0
2026-09-28T14:55:39.484584,-6.54296875,0.125,7.26953125,-0.001953125,0.005859375,-0.001953125,15.4375,-32.0,-58.0
2026-09-28T14:55:39.509150,-6.54296875,0.125,7.30859375,-0.001953125,0.005859375,-0.001953125,15.0,-31.5,-54.5
2026-09-28T14:55:39.528247,-6.54296875,0.125,7.30859375,-0.001953125,0.005859375,0.0,15.0,-31.5,-54.5
2026-09-28T14:55:39.552180,-6.54296875,0.125,7.26953125,-0.001953125,0.005859375,0.0,15.8125,-31.5625,-57.625
2026-09-28T14:55:39.575369,-6.54296875,0.125,7.26953125,0.0,-0.00390625,0.001953125,15.8125,-31.5625,-57.625
2026-09-28T14:55:39.599818,-6.54296875,0.125,7.30859375,0.0,-0.00390625,0.001953125,14.9375,-32.75,-59.25
2026-09-28T14:55:39.614572,-6.54296875,0.125,7.30859375,0.0,-0.00390625,0.001953125,14.9375,-32.75,-59.25
2026-09-28T14:55:39.643757,-6.54296875,0.125,7.26953125,0.001953125,0.00390625,0.0,14.5625,-33.0,-55.5
2026-09-28T14:55:39.664105,-6.54296875,0.125,7.26953125,0.001953125,0.00390625,0.0,14.5625,-33.0,-55.5
2026-09-28T14:55:39.684076,-6.54296875,0.125,7.26953125,0.0,-0.005859375,0.001953125,14.5625,-33.0,-55.5
2026-09-28T14:55:39.708188,-6.54296875,0.125,7.26953125,0.0,-0.005859375,0.001953125,13.5,-32.25,-54.6875
2026-09-28T14:55:39.733125,-6.54296875,0.125,7.26953125,0.0,0.0,0.0,13.5,-32.25,-54.6875
2026-09-28T14:55:39.757384,-6.54296875,0.125,7.26953125,0.0,0.0,0.0,15.75,-32.5,-53.75
2026-09-28T14:55:39.777291,-6.54296875,0.125,7.26953125,0.0,-0.0078125,-0.001953125,15.75,-32.5,-53.75
2026-09-28T14:55:39.802062,-6.54296875,0.125,7.26953125,0.0,-0.0078125,-0.001953125,15.125,-31.625,-57.3125
2026-09-28T14:55:39.825831,-6.54296875,0.125,7.30859375,-0.00390625,-0.001953125,-0.001953125,15.125,-31.625,-57.3125
2026-09-28T14:55:39.849670,-6.54296875,0.125,7.26953125,-0.00390625,-0.001953125,-0.001953125,14.6875,-32.375,-58.125
2026-09-28T14:55:39.864655,-6.54296875,0.125,7.26953125,-0.00390625,-0.001953125,-0.001953125,14.6875,-32.375,-58.125
2026-09-28T14:55:39.893816,-6.54296875,0.125,7.26953125,-0.00390625,-0.021484375,-0.001953125,15.5625,-33.0,-55.3125
2026-09-28T14:55:39.914385,-6.54296875,0.125,7.26953125,-0.00390625,-0.021484375,-0.001953125,15.5625,-33.0,-55.3125
2026-09-28T14:55:39.934348,-6.54296875,0.125,7.26953125,0.0,0.00390625,0.0,15.5625,-33.0,-55.3125
2026-09-28T14:55:39.959595,-6.50390625,0.125,7.26953125,0.0,0.00390625,0.0,14.9375,-31.5,-55.3125
2026-09-28T14:55:39.984241,-6.54296875,0.125,7.26953125,0.00390625,0.01171875,0.001953125,14.9375,-31.5,-55.3125
2026-09-28T14:55:40.008026,-6.54296875,0.125,7.26953125,0.00390625,0.01171875,0.001953125,14.6875,-30.75,-54.1875
2026-09-28T14:55:40.027803,-6.54296875,0.125,7.26953125,0.0,-0.021484375,0.0,14.6875,-30.75,-54.1875
2026-09-28T14:55:40.051881,-6.54296875,0.125,7.30859375,0.0,-0.021484375,0.0,14.875,-32.25,-56.1875
2026-09-28T14:55:40.075936,-6.54296875,0.125,7.26953125,0.0,-0.009765625,0.0,14.875,-32.25,-56.1875
2026-09-28T14:55:40.099917,-6.54296875,0.125,7.30859375,0.0,-0.009765625,0.0,15.0,-32.375,-58.875
2026-09-28T14:55:40.114889,-6.54296875,0.125,7.30859375,0.0,-0.009765625,0.0,15.0,-32.375,-58.875
2026-09-28T14:55:40.143737,-6.54296875,0.125,7.30859375,0.001953125,0.00390625,0.0,14.4375,-33.0625,-56.625
2026-09-28T14:55:40.164408,-6.50390625,0.125,7.26953125,0.001953125,0.00390625,0.0,14.4375,-33.0625,-56.625
2026-09-28T14:55:40.184308,-6.50390625,0.125,7.26953125,0.001953125,0.001953125,0.0,14.4375,-33.0625,-56.625
2026-09-28T14:55:40.209670,-6.50390625,0.125,7.26953125,0.001953125,0.001953125,0.0,15.125,-32.25,-56.5625
2026-09-28T14:55:40.234182,-6.54296875,0.125,7.26953125,0.001953125,-0.009765625,0.0,15.125,-32.25,-56.5625
2026-09-28T14:55:40.257694,-6.54296875,0.125,7.26953125,0.001953125,-0.009765625,0.0,15.625,-31.125,-55.625
2026-09-28T14:55:40.276893,-6.54296875,0.125,7.26953125,-0.00390625,0.00390625,0.001953125,15.625,-31.125,-55.625
2026-09-28T14:55:40.301001,-6.54296875,0.125,7.26953125,-0.00390625,0.00390625,0.001953125,14.9375,-31.9375,-55.8125
2026-09-28T14:55:40.324166,-6.50390625,0.125,7.26953125,0.0,0.0078125,0.0,14.9375,-31.9375,-55.8125
2026-09-28T14:55:40.341722,-6.50390625,0.125,7.26953125,0.0,0.0078125,0.0,14.625,-33.5,-58.9375
2026-09-28T14:55:40.361792,-6.54296875,0.125,7.26953125,0.0,0.0078125,0.0,14.625,-33.5,-58.9375
2026-09-28T14:55:40.383942,-6.54296875,0.125,7.30859375,0.0,0.0,0.0,14.625,-33.5,-58.9375
2026-09-28T14:55:40.403522,-6.54296875,0.125,7.30859375,0.0,0.0,0.0,14.1875,-31.9375,-55.75
2026-09-28T14:55:40.428045,-6.54296875,0.125,7.26953125,0.0,0.0,0.0,14.1875,-31.9375,-55.75
2026-09-28T14:55:40.452549,-6.54296875,0.125,7.30859375,0.0,0.0,0.0,14.375,-33.125,-57.75
2026-09-28T14:55:40.476694,-6.54296875,0.125,7.26953125,0.0,0.0,0.0,14.375,-33.125,-57.75
2026-09-28T14:55:40.496221,-6.54296875,0.125,7.26953125,0.0,0.0,0.0,15.875,-32.625,-56.8125
2026-09-28T14:55:40.520209,-6.54296875,0.125,7.30859375,0.0,0.0,0.0,15.875,-32.625,-56.8125
2026-09-28T14:55:40.543296,-6.54296875,0.125,7.26953125,0.0,0.0,0.0,13.6875,-31.6875,-57.375
2026-09-28T14:55:40.559181,-6.54296875,0.125,7.26953125,0.0,0.0,0.0,13.6875,-31.6875,-57.375
2026-09-28T14:55:40.583885,-6.54296875,0.08984375,7.3046875,0.0,0.0,0.0,13.6875,-31.6875,-57.375
2026-09-28T14:55:40.609199,-6.54296875,0.125,7.26953125,0.0,0.0,0.0,15.6875,-32.5625,-54.125
2026-09-28T14:55:40.633360,-6.54296875,0.125,7.26953125,0.0,0.0,0.0,15.6875,-32.5625,-54.125
2026-09-28T14:55:40.653833,-6.54296875,0.125,7.26953125,0.0,0.0,0.0,14.25,-31.9375,-55.0625
2026-09-28T14:55:40.679270,-6.54296875,0.125,7.26953125,0.0,0.0,0.0,14.25,-31.9375,-55.0625
2026-09-28T14:55:40.703818,-6.50390625,0.125,7.26953125,0.0,0.0,0.0,14.125,-30.1875,-56.9375
2026-09-28T14:55:40.728250,-6.54296875,0.08984375,7.3046875,0.0,-0.033203125,-0.001953125,14.125,-30.1875,-56.9375
2026-09-28T14:55:40.748910,-6.54296875,0.08984375,7.3046875,0.0,-0.033203125,-0.001953125,13.6875,-31.6875,-57.75
2026-09-28T14:55:40.773741,-6.54296875,0.125,7.30859375,-0.001953125,0.01171875,0.0,13.6875,-31.6875,-57.75
2026-09-28T14:55:40.798898,-6.50390625,0.125,7.26953125,-0.001953125,0.01171875,0.0,16.1875,-33.375,-56.875
2026-09-28T14:55:40.813638,-6.50390625,0.125,7.26953125,-0.001953125,0.01171875,0.0,16.1875,-33.375,-56.875
2026-09-28T14:55:40.842683,-6.54296875,0.125,7.30859375,0.0,0.0,0.00390625,13.8125,-32.0,-55.875
2026-09-28T14:55:40.863152,-6.54296875,0.125,7.30859375,0.0,0.0,0.00390625,13.8125,-32.0,-55.875
2026-09-28T14:55:40.886625,-6.54296875,0.125,7.30859375,0.0,-0.01953125,0.001953125,13.8125,-32.0,-55.875
2026-09-28T14:55:40.906471,-6.54296875,0.125,7.30859375,0.0,-0.01953125,0.001953125,16.4375,-30.6875,-55.1875
2026-09-28T14:55:40.931224,-6.54296875,0.125,7.30859375,0.005859375,-0.005859375,0.001953125,16.4375,-30.6875,-55.1875
2026-09-28T14:55:40.954355,-6.50390625,0.125,7.26953125,0.005859375,-0.005859375,0.001953125,14.875,-32.625,-56.1875
2026-09-28T14:55:40.978955,-6.50390625,0.125,7.26953125,0.00390625,0.00390625,0.00390625,14.875,-32.625,-56.1875
2026-09-28T14:55:40.999158,-6.50390625,0.125,7.26953125,0.00390625,0.00390625,0.00390625,16.3125,-33.3125,-55.6875
2026-09-28T14:55:41.023554,-6.50390625,0.125,7.30859375,0.005859375,-0.009765625,-0.001953125,16.3125,-33.3125,-55.6875
2026-09-28T14:55:41.048779,-6.50390625,0.125,7.30859375,0.005859375,-0.009765625,-0.001953125,15.375,-32.6875,-58.125
2026-09-28T14:55:41.063756,-6.50390625,0.125,7.30859375,0.005859375,-0.009765625,-0.001953125,15.375,-32.6875,-58.125
2026-09-28T14:55:41.092746,-6.50390625,0.125,7.26953125,0.001953125,0.001953125,0.0,15.1875,-31.5625,-56.125
2026-09-28T14:55:41.113283,-6.50390625,0.125,7.26953125,0.001953125,0.001953125,0.0,15.1875,-31.5625,-56.125
2026-09-28T14:55:41.142557,-6.54296875,0.125,7.30859375,-0.001953125,0.001953125,-0.00390625,14.125,-32.3125,-56.25
2026-09-28T14:55:41.158119,-6.54296875,0.125,7.30859375,-0.001953125,0.001953125,-0.00390625,14.125,-32.3125,-56.25
2026-09-28T14:55:41.182208,-6.50390625,0.125,7.30859375,-0.005859375,0.001953125,-0.001953125,14.125,-32.3125,-56.25
2026-09-28T14:55:41.206923,-6.54296875,0.125,7.26953125,-0.005859375,0.001953125,-0.001953125,16.4375,-31.0625,-54.8125
2026-09-28T14:55:41.230574,-6.54296875,0.125,7.26953125,-0.001953125,0.00390625,-0.00390625,16.4375,-31.0625,-54.8125
2026-09-28T14:55:41.249955,-6.54296875,0.125,7.26953125,-0.001953125,0.00390625,-0.00390625,16.0,-32.1875,-55.25
2026-09-28T14:55:41.273172,-6.50390625,0.125,7.26953125,-0.001953125,0.013671875,0.001953125,16.0,-32.1875,-55.25
2026-09-28T14:55:41.296584,-6.54296875,0.125,7.30859375,-0.001953125,0.013671875,0.001953125,14.25,-32.125,-59.3125
2026-09-28T14:55:41.312754,-6.54296875,0.125,7.30859375,-0.001953125,0.013671875,0.001953125,14.25,-32.125,-59.3125
2026-09-28T14:55:41.336206,-6.50390625,0.125,7.30859375,-0.005859375,-0.0078125,0.0,14.25,-32.125,-59.3125
2026-09-28T14:55:41.360276,-6.50390625,0.125,7.30859375,-0.005859375,-0.0078125,0.0,15.625,-32.1875,-55.375
2026-09-28T14:55:41.382687,-6.50390625,0.125,7.30859375,0.001953125,0.013671875,0.0,15.625,-32.1875,-55.375
2026-09-28T14:55:41.403231,-6.54296875,0.125,7.26953125,0.001953125,0.013671875,0.0,15.0,-32.1875,-54.1875
2026-09-28T14:55:41.428454,-6.50390625,0.125,7.26953125,-0.00390625,-0.017578125,0.0,15.0,-32.1875,-54.1875
2026-09-28T14:55:41.453068,-6.50390625,0.125,7.30859375,-0.00390625,-0.017578125,0.0,14.9375,-31.5625,-55.75
2026-09-28T14:55:41.477041,-6.50390625,0.125,7.30859375,0.001953125,0.01953125,0.0,14.9375,-31.5625,-55.75
2026-09-28T14:55:41.495745,-6.50390625,0.125,7.30859375,0.001953125,0.01953125,0.0,14.875,-31.9375,-56.5625
2026-09-28T14:55:41.519579,-6.50390625,0.125,7.26953125,0.001953125,0.01953125,0.0,14.875,-31.9375,-56.5625
2026-09-28T14:55:41.533856,-6.50390625,0.125,7.26953125,-0.001953125,-0.01953125,-0.001953125,14.875,-31.9375,-56.5625
2026-09-28T14:55:41.558702,-6.50390625,0.125,7.30859375,-0.001953125,-0.01953125,-0.001953125,13.9375,-31.3125,-59.25
2026-09-28T14:55:41.583130,-6.50390625,0.125,7.30859375,-0.001953125,0.0234375,-0.001953125,13.9375,-31.3125,-59.25
2026-09-28T14:55:41.606799,-6.54296875,0.125,7.26953125,-0.001953125,0.0234375,-0.001953125,15.375,-31.125,-54.5625
2026-09-28T14:55:41.625936,-6.54296875,0.125,7.26953125,-0.001953125,-0.03125,0.0,15.375,-31.125,-54.5625
2026-09-28T14:55:41.649951,-6.50390625,0.125,7.30859375,-0.001953125,-0.03125,0.0,14.5,-31.25,-56.875
2026-09-28T14:55:41.673061,-6.50390625,0.125,7.30859375,0.005859375,0.001953125,0.001953125,14.5,-31.25,-56.875
2026-09-28T14:55:41.698200,-6.50390625,0.125,7.26953125,0.005859375,0.001953125,0.001953125,13.5625,-32.75,-58.1875
2026-09-28T14:55:41.713359,-6.50390625,0.125,7.26953125,0.005859375,0.001953125,0.001953125,13.5625,-32.75,-58.1875
2026-09-28T14:55:41.742406,-6.50390625,0.125,7.30859375,-0.00390625,-0.009765625,0.0,14.1875,-31.5625,-55.4375
2026-09-28T14:55:41.762850,-6.50390625,0.125,7.30859375,-0.00390625,-0.009765625,0.0,14.1875,-31.5625,-55.4375
2026-09-28T14:55:41.782726,-6.50390625,0.125,7.30859375,0.0,0.005859375,0.001953125,14.1875,-31.5625,-55.4375
2026-09-28T14:55:41.806906,-6.50390625,0.125,7.30859375,0.0,0.005859375,0.001953125,15.625,-30.75,-56.0625
2026-09-28T14:55:41.830953,-6.54296875,0.125,7.26953125,-0.001953125,-0.01171875,0.001953125,15.625,-30.75,-56.0625
2026-09-28T14:55:41.855367,-6.50390625,0.125,7.30859375,-0.001953125,-0.01171875,0.001953125,15.3125,-32.1875,-54.25
2026-09-28T14:55:41.875295,-6.50390625,0.125,7.30859375,0.005859375,-0.005859375,0.001953125,15.3125,-32.1875,-54.25
2026-09-28T14:55:41.899252,-6.50390625,0.125,7.30859375,0.005859375,-0.005859375,0.001953125,14.75,-31.625,-57.75
2026-09-28T14:55:41.922762,-6.50390625,0.125,7.26953125,-0.001953125,-0.00390625,-0.001953125,14.75,-31.625,-57.75
2026-09-28T14:55:41.947258,-6.50390625,0.125,7.26953125,-0.001953125,-0.00390625,-0.001953125,14.8125,-31.25,-57.3125
2026-09-28T14:55:41.962748,-6.50390625,0.125,7.26953125,-0.001953125,-0.00390625,-0.001953125,14.8125,-31.25,-57.3125
2026-09-28T14:55:41.990471,-6.50390625,0.125,7.30859375,-0.001953125,-0.001953125,0.0,14.9375,-31.5,-55.3125
2026-09-28T14:55:42.004921,-6.50390625,0.125,7.30859375,-0.001953125,-0.001953125,0.0,14.9375,-31.5,-55.3125
2026-09-28T14:55:42.029076,-6.50390625,0.125,7.26953125,0.001953125,0.005859375,-0.001953125,14.9375,-31.5,-55.3125
2026-09-28T14:55:42.052603,-6.50390625,0.125,7.30859375,0.001953125,0.005859375,-0.001953125,14.9375,-31.5,-55.3125
2026-09-28T14:55:42.076593,-6.50390625,0.125,7.30859375,0.001953125,0.01171875,0.0,14.9375,-31.5,-55.3125
2026-09-28T14:55:42.096307,-6.50390625,0.125,7.30859375,0.001953125,0.01171875,0.0,15.5,-32.25,-56.5
2026-09-28T14:55:42.120324,-6.54296875,0.125,7.30859375,0.0,-0.01953125,0.0,15.5,-32.25,-56.5
2026-09-28T14:55:42.142760,-6.50390625,0.125,7.26953125,0.0,-0.01953125,0.0,14.0,-31.3125,-58.1875
2026-09-28T14:55:42.158900,-6.50390625,0.125,7.26953125,0.0,-0.01953125,0.0,14.0,-31.3125,-58.1875
2026-09-28T14:55:42.182598,-6.50390625,0.125,7.30859375,0.001953125,0.0,-0.001953125,14.0,-31.3125,-58.1875
2026-09-28T14:55:42.206353,-6.54296875,0.125,7.30859375,0.001953125,0.0,-0.001953125,14.875,-30.8125,-55.6875
2026-09-28T14:55:42.224530,-6.54296875,0.125,7.30859375,-0.001953125,0.015625,0.001953125,14.875,-30.8125,-55.6875
2026-09-28T14:55:42.248315,-6.50390625,0.125,7.30859375,-0.001953125,0.015625,0.001953125,14.6875,-31.6875,-58.5
2026-09-28T14:55:42.272655,-6.50390625,0.125,7.30859375,0.0,0.0,0.001953125,14.6875,-31.6875,-58.5
2026-09-28T14:55:42.298061,-6.50390625,0.125,7.30859375,0.0,0.0,0.001953125,13.25,-33.125,-57.9375
2026-09-28T14:55:42.312909,-6.50390625,0.125,7.30859375,0.0,0.0,0.001953125,13.25,-33.125,-57.9375
2026-09-28T14:55:42.341876,-6.50390625,0.125,7.30859375,0.0,-0.005859375,0.0,15.625,-31.875,-55.3125
2026-09-28T14:55:42.362378,-6.50390625,0.125,7.30859375,0.0,-0.005859375,0.0,15.625,-31.875,-55.3125
2026-09-28T14:55:42.390196,-6.50390625,0.08984375,7.3046875,0.0,-0.005859375,0.0,14.125,-32.0,-56.1875
2026-09-28T14:55:42.405363,-6.50390625,0.08984375,7.3046875,0.0,-0.005859375,0.0,14.125,-32.0,-56.1875
2026-09-28T14:55:42.429258,-6.50390625,0.125,7.30859375,0.0,0.013671875,0.00390625,14.125,-32.0,-56.1875
2026-09-28T14:55:42.452486,-6.54296875,0.125,7.26953125,0.0,0.013671875,0.00390625,15.625,-32.1875,-55.375
2026-09-28T14:55:42.472276,-6.54296875,0.125,7.26953125,-0.001953125,-0.01953125,-0.001953125,15.625,-32.1875,-55.375
2026-09-28T14:55:42.496273,-6.50390625,0.125,7.30859375,-0.001953125,-0.01953125,-0.001953125,15.0625,-32.0,-57.6875
2026-09-28T14:55:42.520932,-6.50390625,0.125,7.30859375,0.001953125,0.029296875,0.001953125,15.0625,-32.0,-57.6875
2026-09-28T14:55:42.545073,-6.50390625,0.125,7.30859375,0.001953125,0.029296875,0.001953125,15.8125,-31.25,-58.0
2026-09-28T14:55:42.561127,-6.50390625,0.08984375,7.3046875,0.001953125,0.029296875,0.001953125,15.8125,-31.25,-58.0
2026-09-28T14:55:42.584529,-6.50390625,0.125,7.30859375,0.0,-0.01171875,0.0,15.8125,-31.25,-58.0
2026-09-28T14:55:42.608274,-6.50390625,0.125,7.30859375,0.0,-0.01171875,0.0,16.0625,-31.5,-54.875
2026-09-28T14:55:42.628021,-6.50390625,0.125,7.30859375,0.0,-0.02734375,-0.00390625,16.0625,-31.5,-54.875
2026-09-28T14:55:42.652327,-6.50390625,0.125,7.30859375,0.0,-0.02734375,-0.00390625,15.9375,-30.75,-56.375
2026-09-28T14:55:42.677524,-6.50390625,0.125,7.30859375,0.001953125,0.001953125,0.0,15.9375,-30.75,-56.375
2026-09-28T14:55:42.702072,-6.50390625,0.125,7.30859375,0.001953125,0.001953125,0.0,15.875,-32.625,-56.5
2026-09-28T14:55:42.721869,-6.50390625,0.125,7.30859375,-0.001953125,0.01171875,0.0,15.875,-32.625,-56.5
2026-09-28T14:55:42.745515,-6.50390625,0.125,7.30859375,-0.001953125,0.01171875,0.0,14.75,-32.0,-58.0625
2026-09-28T14:55:42.770154,-6.50390625,0.125,7.26953125,-0.001953125,0.01171875,0.0,14.75,-32.0,-58.0625
2026-09-28T14:55:42.784612,-6.50390625,0.125,7.26953125,0.0,-0.03125,0.0,14.75,-32.0,-58.0625
2026-09-28T14:55:42.808441,-6.50390625,0.125,7.30859375,0.0,-0.03125,0.0,14.0,-31.6875,-58.5625
2026-09-28T14:55:42.832054,-6.50390625,0.125,7.34375,0.001953125,0.00390625,0.0,14.0,-31.6875,-58.5625
2026-09-28T14:55:42.855927,-6.50390625,0.125,7.30859375,0.001953125,0.00390625,0.0,15.0,-31.125,-55.375
2026-09-28T14:55:42.875702,-6.50390625,0.125,7.30859375,0.0,0.001953125,0.001953125,15.0,-31.125,-55.375
2026-09-28T14:55:42.899994,-6.50390625,0.125,7.26953125,0.0,0.001953125,0.001953125,13.8125,-31.625,-56.25
2026-09-28T14:55:42.922626,-6.50390625,0.125,7.26953125,0.0,0.001953125,0.001953125,13.8125,-31.625,-56.25
2026-09-28T14:55:42.942146,-6.50390625,0.125,7.30859375,0.0,-0.005859375,0.0,13.5625,-31.75,-59.375
2026-09-28T14:55:42.962145,-6.50390625,0.125,7.30859375,0.0,-0.005859375,0.0,13.5625,-31.75,-59.375
2026-09-28T14:55:42.984092,-6.50390625,0.125,7.30859375,0.005859375,-0.015625,0.0,13.5625,-31.75,-59.375
2026-09-28T14:55:43.002704,-6.50390625,0.125,7.30859375,0.005859375,-0.015625,0.0,14.5625,-32.25,-55.8125
2026-09-28T14:55:43.027476,-6.50390625,0.125,7.30859375,0.0,0.025390625,0.00390625,14.5625,-32.25,-55.8125
2026-09-28T14:55:43.051615,-6.50390625,0.125,7.30859375,0.0,0.025390625,0.00390625,15.125,-31.625,-57.3125
2026-09-28T14:55:43.074557,-6.50390625,0.125,7.30859375,0.0,-0.001953125,-0.001953125,15.125,-31.625,-57.3125
2026-09-28T14:55:43.094339,-6.50390625,0.125,7.30859375,0.0,-0.001953125,-0.001953125,15.4375,-31.625,-57.625
2026-09-28T14:55:43.118351,-6.50390625,0.125,7.30859375,0.0,-0.001953125,-0.001953125,15.4375,-31.625,-57.625
2026-09-28T14:55:43.132670,-6.50390625,0.125,7.30859375,0.0,0.001953125,0.0,15.4375,-31.625,-57.625
2026-09-28T14:55:43.157690,-6.50390625,0.125,7.30859375,0.0,0.001953125,0.0,15.875,-31.5625,-56.875
2026-09-28T14:55:43.182025,-6.50390625,0.125,7.30859375,-0.001953125,0.01171875,-0.00390625,15.875,-31.5625,-56.875
2026-09-28T14:55:43.205937,-6.50390625,0.125,7.30859375,-0.001953125,0.01171875,-0.00390625,14.5625,-31.9375,-55.8125
2026-09-28T14:55:43.224522,-6.50390625,0.125,7.30859375,0.001953125,0.00390625,0.0,14.5625,-31.9375,-55.8125
2026-09-28T14:55:43.248142,-6.50390625,0.125,7.30859375,0.001953125,0.00390625,0.0,14.9375,-30.8125,-55.75
2026-09-28T14:55:43.271867,-6.50390625,0.125,7.30859375,0.0,0.0,-0.001953125,14.9375,-30.8125,-55.75
2026-09-28T14:55:43.296118,-6.50390625,0.125,7.30859375,0.0,0.0,-0.001953125,15.0,-32.0625,-58.5
2026-09-28T14:55:43.311427,-6.50390625,0.125,7.30859375,0.0,0.0,-0.001953125,15.0,-32.0625,-58.5
2026-09-28T14:55:43.334839,-6.50390625,0.125,7.30859375,0.0,0.01171875,0.0,15.0,-32.0625,-58.5
2026-09-28T14:55:43.358710,-6.50390625,0.125,7.30859375,0.0,0.01171875,0.0,15.625,-31.875,-55.375
2026-09-28T14:55:43.377908,-6.50390625,0.125,7.30859375,-0.001953125,-0.013671875,0.0,15.625,-31.875,-55.375
2026-09-28T14:55:43.401583,-6.50390625,0.125,7.30859375,-0.001953125,-0.013671875,0.0,14.4375,-31.25,-57.3125
2026-09-28T14:55:43.426369,-6.50390625,0.125,7.30859375,0.0,0.001953125,0.0,14.4375,-31.25,-57.3125
2026-09-28T14:55:43.445619,-6.50390625,0.125,7.30859375,0.0,0.001953125,0.0,15.4375,-31.625,-57.625
2026-09-28T14:55:43.470375,-6.50390625,0.125,7.30859375,0.0,0.001953125,-0.001953125,15.4375,-31.625,-57.625
2026-09-28T14:55:43.494241,-6.50390625,0.125,7.30859375,0.0,0.001953125,-0.001953125,13.75,-32.3125,-56.6875
2026-09-28T14:55:43.513194,-6.50390625,0.125,7.30859375,0.0,0.001953125,-0.001953125,13.75,-32.3125,-56.6875
2026-09-28T14:55:43.532462,-6.50390625,0.125,7.30859375,-0.00390625,-0.005859375,0.001953125,13.75,-32.3125,-56.6875
2026-09-28T14:55:43.556833,-6.50390625,0.125,7.30859375,-0.00390625,-0.005859375,0.001953125,14.125,-32.0,-56.625
2026-09-28T14:55:43.581322,-6.50390625,0.125,7.30859375,0.0,0.0,0.0,14.125,-32.0,-56.625
2026-09-28T14:55:43.601219,-6.50390625,0.125,7.30859375,0.0,0.0,0.0,14.25,-33.0,-54.6875
2026-09-28T14:55:43.625345,-6.50390625,0.125,7.30859375,0.0,0.0,0.0,14.25,-33.0,-54.6875
2026-09-28T14:55:43.649638,-6.50390625,0.08984375,7.3046875,0.0,0.0,0.0,15.125,-32.625,-56.5625
2026-09-28T14:55:43.672444,-6.50390625,0.08984375,7.3046875,0.0,0.0,0.0,15.125,-32.625,-56.5625
2026-09-28T14:55:43.692035,-6.50390625,0.125,7.30859375,0.0,0.0,0.0,15.5625,-30.4375,-57.1875
2026-09-28T14:55:43.711719,-6.50390625,0.125,7.30859375,0.0,0.0,0.0,15.5625,-30.4375,-57.1875
2026-09-28T14:55:43.734283,-6.50390625,0.125,7.34375,0.0,0.0,0.0,15.5625,-30.4375,-57.1875
2026-09-28T14:55:43.753887,-6.50390625,0.125,7.34375,0.0,0.0,0.0,14.9375,-32.1875,-55.0
2026-09-28T14:55:43.777783,-6.50390625,0.125,7.30859375,0.0,0.0,0.0,14.9375,-32.1875,-55.0
2026-09-28T14:55:43.801048,-6.50390625,0.125,7.30859375,0.0,0.0,0.0,15.125,-32.6875,-56.9375
2026-09-28T14:55:43.821015,-6.50390625,0.125,7.30859375,0.0,0.0,0.0,15.125,-32.6875,-56.9375
2026-09-28T14:55:43.844829,-6.50390625,0.125,7.30859375,0.0,0.0,0.0,13.9375,-31.3125,-59.3125
2026-09-28T14:55:43.869122,-6.50390625,0.125,7.30859375,0.0,0.0,0.0,13.9375,-31.3125,-59.3125
2026-09-28T14:55:43.883516,-6.50390625,0.125,7.30859375,0.0,0.0,0.0,13.9375,-31.3125,-59.3125
2026-09-28T14:55:43.907604,-6.50390625,0.125,7.30859375,0.0,0.0,0.0,14.6875,-31.3125,-58.8125
2026-09-28T14:55:43.931394,-6.50390625,0.125,7.30859375,0.0,0.0,0.0,14.6875,-31.3125,-58.8125
2026-09-28T14:55:43.955184,-6.50390625,0.125,7.30859375,0.0,0.0,0.0,14.625,-32.625,-54.6875
2026-09-28T14:55:43.974752,-6.50390625,0.125,7.30859375,0.0,0.0,0.0,14.625,-32.625,-54.6875
2026-09-28T14:55:43.999280,-6.50390625,0.125,7.34375,0.0,0.0,0.0,14.0625,-34.125,-56.3125
2026-09-28T14:55:44.022710,-6.50390625,0.125,7.30859375,0.0,0.0,0.0,14.0625,-34.125,-56.3125
2026-09-28T14:55:44.041746,-6.50390625,0.125,7.30859375,0.0,0.0,0.0,14.4375,-31.25,-57.75
2026-09-28T14:55:44.061368,-6.50390625,0.125,7.30859375,0.0,0.0,0.0,14.4375,-31.25,-57.75
2026-09-28T14:55:44.089583,-6.50390625,0.125,7.30859375,0.0,0.0,0.0,14.875,-30.8125,-56.5625
2026-09-28T14:55:44.108536,-6.50390625,0.125,7.30859375,0.0,0.0,0.0,14.875,-30.8125,-56.5625
2026-09-28T14:55:44.127429,-6.50390625,0.125,7.30859375,0.0,0.0,0.0,14.875,-30.8125,-56.5625
2026-09-28T14:55:44.151274,-6.50390625,0.125,7.30859375,0.0,0.0,0.0,13.375,-32.0,-56.3125
2026-09-28T14:55:44.174819,-6.50390625,0.125,7.30859375,0.0,0.0,0.0,13.375,-32.0,-56.3125
2026-09-28T14:55:44.194322,-6.50390625,0.125,7.30859375,0.0,0.0,0.0,15.0625,-31.625,-57.6875
2026-09-28T14:55:44.218857,-6.50390625,0.125,7.30859375,0.0,0.0,0.0,15.0625,-31.625,-57.6875
2026-09-28T14:55:44.241717,-6.50390625,0.125,7.30859375,0.0,0.0,0.0,13.3125,-32.375,-57.0625
2026-09-28T14:55:44.257587,-6.50390625,0.125,7.30859375,0.0,0.0,0.0,13.3125,-32.375,-57.0625
2026-09-28T14:55:44.281035,-6.50390625,0.125,7.30859375,0.0,0.0,0.0,13.3125,-32.375,-57.0625
2026-09-28T14:55:44.305253,-6.50390625,0.125,7.30859375,0.0,0.0,0.0,14.625,-32.25,-55.0
2026-09-28T14:55:44.323138,-6.50390625,0.125,7.30859375,0.0,0.0,0.0,14.625,-32.25,-55.0
2026-09-28T14:55:44.346788,-6.50390625,0.125,7.30859375,0.0,0.0,0.0,15.5,-30.5,-57.9375
2026-09-28T14:55:44.370883,-6.50390625,0.125,7.30859375,0.0,0.0,0.0,15.5,-30.5,-57.9375
2026-09-28T14:55:44.394612,-6.50390625,0.125,7.30859375,0.0,0.0,0.0,13.9375,-32.75,-58.5625
2026-09-28T14:55:44.410239,-6.50390625,0.125,7.30859375,0.0,0.0,0.0,13.9375,-32.75,-58.5625
2026-09-28T14:55:44.433757,-6.46484375,0.125,7.34375,0.0,0.0,0.0,13.9375,-32.75,-58.5625
2026-09-28T14:55:44.457234,-6.46484375,0.125,7.30859375,0.0,0.0,0.0,14.5625,-32.25,-55.8125
2026-09-28T14:55:44.477073,-6.46484375,0.125,7.30859375,0.0,0.0,0.0,14.5625,-32.25,-55.8125
2026-09-28T14:55:44.500949,-6.50390625,0.125,7.30859375,0.0,0.0,0.0,15.5625,-32.625,-55.75
2026-09-28T14:55:44.524677,-6.46484375,0.125,7.34375,0.0,0.0,0.0,15.5625,-32.625,-55.75
2026-09-28T14:55:44.542903,-6.46484375,0.125,7.34375,0.0,0.0,0.0,14.4375,-31.25,-57.3125
2026-09-28T14:55:44.567250,-6.50390625,0.125,7.34375,0.0,0.0,0.0,14.4375,-31.25,-57.3125
2026-09-28T14:55:44.590302,-6.50390625,0.125,7.30859375,0.0,0.0,0.0,14.0625,-32.0,-57.0
2026-09-28T14:55:44.605324,-6.50390625,0.125,7.30859375,0.0,0.0,0.0,14.0625,-32.0,-57.0
2026-09-28T14:55:44.629477,-6.46484375,0.125,7.30859375,0.0,0.0,0.0,14.0625,-32.0,-57.0
2026-09-28T14:55:44.653280,-6.50390625,0.125,7.30859375,0.0,0.0,0.0,15.0,-31.5,-54.9375
2026-09-28T14:55:44.676690,-6.50390625,0.125,7.30859375,0.001953125,0.005859375,-0.001953125,15.0,-31.5,-54.9375
2026-09-28T14:55:44.696434,-6.50390625,0.125,7.30859375,0.001953125,0.005859375,-0.001953125,14.125,-32.6875,-56.25
2026-09-28T14:55:44.720795,-6.50390625,0.125,7.30859375,-0.005859375,-0.001953125,-0.001953125,14.125,-32.6875,-56.25
2026-09-28T14:55:44.745293,-6.50390625,0.125,7.34375,-0.005859375,-0.001953125,-0.001953125,13.9375,-31.75,-59.375
2026-09-28T14:55:44.760546,-6.50390625,0.125,7.34375,-0.005859375,-0.001953125,-0.001953125,13.9375,-31.75,-59.375
2026-09-28T14:55:44.783728,-6.50390625,0.125,7.30859375,0.0,0.0078125,0.0,13.9375,-31.75,-59.375
2026-09-28T14:55:44.807211,-6.50390625,0.125,7.34375,0.0,0.0078125,0.0,14.875,-33.0,-55.8125
2026-09-28T14:55:44.830107,-6.50390625,0.125,7.34375,0.0,-0.01171875,0.0,14.875,-33.0,-55.8125
2026-09-28T14:55:44.849963,-6.50390625,0.125,7.30859375,0.0,-0.01171875,0.0,14.9375,-32.25,-55.375
2026-09-28T14:55:44.874107,-6.50390625,0.125,7.30859375,0.001953125,0.0,-0.001953125,14.9375,-32.25,-55.375
2026-09-28T14:55:44.898034,-6.50390625,0.125,7.30859375,0.001953125,0.0,-0.001953125,13.6875,-31.6875,-57.375
2026-09-28T14:55:44.917140,-6.50390625,0.125,7.30859375,0.001953125,0.0,-0.001953125,13.6875,-31.6875,-57.375
2026-09-28T14:55:44.940075,-6.50390625,0.125,7.30859375,0.0,-0.005859375,0.0,14.3125,-32.75,-58.5625
2026-09-28T14:55:44.960214,-6.50390625,0.125,7.30859375,0.0,-0.005859375,0.0,14.3125,-32.75,-58.5625
2026-09-28T14:55:44.980496,-6.50390625,0.125,7.30859375,-0.005859375,0.005859375,0.0,14.3125,-32.75,-58.5625
2026-09-28T14:55:45.004235,-6.50390625,0.125,7.30859375,-0.005859375,0.005859375,0.0,15.25,-31.5625,-55.75
2026-09-28T14:55:45.028009,-6.50390625,0.125,7.30859375,-0.001953125,0.0,0.001953125,15.25,-31.5625,-55.75
2026-09-28T14:55:45.050875,-6.46484375,0.125,7.30859375,-0.001953125,0.0,0.001953125,14.5,-33.0,-55.875
2026-09-28T14:55:45.070527,-6.46484375,0.125,7.30859375,0.005859375,-0.001953125,-0.001953125,14.5,-33.0,-55.875
2026-09-28T14:55:45.094325,-6.50390625,0.125,7.34375,0.005859375,-0.001953125,-0.001953125,15.0625,-32.3125,-57.3125
2026-09-28T14:55:45.118586,-6.50390625,0.125,7.34375,0.005859375,-0.001953125,-0.001953125,15.0625,-32.3125,-57.3125
2026-09-28T14:55:45.132549,-6.50390625,0.125,7.34375,-0.001953125,0.0,-0.001953125,15.0625,-32.3125,-57.3125
2026-09-28T14:55:45.156244,-6.50390625,0.125,7.30859375,-0.001953125,0.0,-0.001953125,15.0,-31.625,-58.4375
2026-09-28T14:55:45.179400,-6.50390625,0.125,7.34375,-0.00390625,0.00390625,0.001953125,15.0,-31.625,-58.4375
2026-09-28T14:55:45.199624,-6.50390625,0.125,7.34375,-0.00390625,0.00390625,0.001953125,13.8125,-32.3125,-55.875
2026-09-28T14:55:45.224178,-6.46484375,0.125,7.30859375,0.0,0.00390625,0.001953125,13.8125,-32.3125,-55.875
2026-09-28T14:55:45.247219,-6.50390625,0.125,7.30859375,0.0,0.00390625,0.001953125,15.9375,-30.8125,-56.8125
2026-09-28T14:55:45.261512,-6.50390625,0.125,7.30859375,0.0,0.00390625,0.001953125,15.9375,-30.8125,-56.8125
2026-09-28T14:55:45.289421,-6.50390625,0.125,7.30859375,-0.00390625,0.0078125,-0.00390625,14.0625,-31.625,-57.0
2026-09-28T14:55:45.309465,-6.46484375,0.125,7.30859375,-0.00390625,0.0078125,-0.00390625,14.0625,-31.625,-57.0
2026-09-28T14:55:45.332508,-6.50390625,0.125,7.34375,0.0,0.0,0.0,14.0625,-31.625,-57.0
2026-09-28T14:55:45.351145,-6.50390625,0.125,7.34375,0.0,0.0,0.0,14.9375,-31.1875,-55.75
2026-09-28T14:55:45.375791,-6.46484375,0.08984375,7.34765625,0.0,0.005859375,-0.001953125,14.9375,-31.1875,-55.75
2026-09-28T14:55:45.398892,-6.50390625,0.125,7.30859375,0.0,0.005859375,-0.001953125,13.0,-32.0625,-57.125
2026-09-28T14:55:45.419023,-6.50390625,0.125,7.30859375,0.0,0.005859375,-0.001953125,13.0,-32.0625,-57.125
2026-09-28T14:55:45.440955,-6.50390625,0.125,7.30859375,0.0,0.005859375,-0.001953125,15.1875,-30.8125,-56.875
2026-09-28T14:55:45.460371,-6.46484375,0.125,7.30859375,0.0,0.005859375,-0.001953125,15.1875,-30.8125,-56.875
2026-09-28T14:55:45.479728,-6.46484375,0.125,7.30859375,-0.001953125,-0.00390625,-0.001953125,15.1875,-30.8125,-56.875
2026-09-28T14:55:45.503935,-6.50390625,0.125,7.30859375,-0.001953125,-0.00390625,-0.001953125,15.1875,-30.8125,-56.875
2026-09-28T14:55:45.527409,-6.50390625,0.125,7.30859375,-0.005859375,0.001953125,-0.001953125,15.1875,-30.8125,-56.875
2026-09-28T14:55:45.549390,-6.50390625,0.125,7.30859375,-0.005859375,0.001953125,-0.001953125,14.8125,-32.6875,-56.625
2026-09-28T14:55:45.569541,-6.50390625,0.125,7.30859375,0.0,0.00390625,0.0,14.8125,-32.6875,-56.625
2026-09-28T14:55:45.592682,-6.50390625,0.125,7.30859375,0.0,0.00390625,0.0,14.0,-32.75,-57.875
2026-09-28T14:55:45.607982,-6.50390625,0.125,7.30859375,0.0,0.00390625,0.0,14.0,-32.75,-57.875
2026-09-28T14:55:45.630926,-6.46484375,0.125,7.34375,0.001953125,-0.005859375,0.0,14.0,-32.75,-57.875
2026-09-28T14:55:45.655823,-6.50390625,0.125,7.30859375,0.001953125,-0.005859375,0.0,14.25,-31.9375,-54.6875
2026-09-28T14:55:45.679678,-6.50390625,0.125,7.30859375,0.0,0.0,0.0,14.25,-31.9375,-54.6875
2026-09-28T14:55:45.699939,-6.50390625,0.125,7.30859375,0.0,0.0,0.0,14.5625,-32.25,-55.4375
2026-09-28T14:55:45.724061,-6.50390625,0.125,7.30859375,0.0,0.0,0.0,14.5625,-32.25,-55.4375
2026-09-28T14:55:45.747560,-6.50390625,0.125,7.30859375,0.0,0.0,0.0,14.5,-32.0,-56.625
2026-09-28T14:55:45.770847,-6.50390625,0.125,7.30859375,0.0,0.0,0.0,14.5,-32.0,-56.625
2026-09-28T14:55:45.790149,-6.50390625,0.125,7.30859375,0.0,0.0,0.0,14.3125,-31.6875,-58.875
2026-09-28T14:55:45.809685,-6.50390625,0.125,7.30859375,0.0,0.0,0.0,14.3125,-31.6875,-58.875
2026-09-28T14:55:45.832539,-6.46484375,0.125,7.34375,0.0,0.0,0.0,14.3125,-31.6875,-58.875
2026-09-28T14:55:45.852145,-6.46484375,0.125,7.34375,0.0,0.0,0.0,15.25,-32.25,-55.375
2026-09-28T14:55:45.876193,-6.50390625,0.125,7.30859375,0.0,0.0,0.0,15.25,-32.25,-55.375
2026-09-28T14:55:45.900006,-6.50390625,0.125,7.30859375,0.0,0.0,0.0,15.25,-32.1875,-55.3125
2026-09-28T14:55:45.919903,-6.50390625,0.125,7.30859375,0.0,0.0,0.0,15.25,-32.1875,-55.3125
2026-09-28T14:55:45.944160,-6.46484375,0.125,7.30859375,0.0,0.0,0.0,14.0,-32.375,-58.1875
2026-09-28T14:55:45.968326,-6.50390625,0.125,7.34375,0.0,0.0,0.0,14.0,-32.375,-58.1875
2026-09-28T14:55:45.982267,-6.50390625,0.125,7.34375,0.0,0.0,0.0,14.0,-32.375,-58.1875
2026-09-28T14:55:46.006048,-6.46484375,0.125,7.34375,0.0,0.0,0.0,12.8125,-33.5625,-58.3125
2026-09-28T14:55:46.029928,-6.46484375,0.125,7.34375,0.0,0.0,0.0,12.8125,-33.5625,-58.3125
2026-09-28T14:55:46.054326,-6.46484375,0.125,7.30859375,0.0,0.0,0.0,15.3125,-32.5625,-54.625
2026-09-28T14:55:46.073798,-6.46484375,0.125,7.30859375,0.0,0.0,0.0,15.3125,-32.5625,-54.625
2026-09-28T14:55:46.098272,-6.50390625,0.125,7.34375,0.0,0.0,0.0,13.375,-32.3125,-56.6875
2026-09-28T14:55:46.122381,-6.46484375,0.125,7.34375,0.0,0.0,0.0,13.375,-32.3125,-56.6875
2026-09-28T14:55:46.141303,-6.46484375,0.125,7.34375,0.0,0.0,0.0,14.75,-31.25,-58.125
2026-09-28T14:55:46.160229,-6.46484375,0.125,7.34375,0.0,0.0,0.0,14.75,-31.25,-58.125
2026-09-28T14:55:46.189011,-6.46484375,0.125,7.30859375,0.0,0.0,0.0,13.4375,-32.0,-55.5
2026-09-28T14:55:46.209290,-6.46484375,0.125,7.30859375,0.0,0.0,0.0,13.4375,-32.0,-55.5
2026-09-28T14:55:46.229494,-6.46484375,0.125,7.30859375,0.0,0.0,0.0,13.4375,-32.0,-55.5
2026-09-28T14:55:46.253915,-6.54296875,0.125,7.30859375,0.0,0.0,0.0,14.375,-31.125,-53.8125
2026-09-28T14:55:46.278359,-6.4296875,0.125,7.34765625,0.0,-0.00390625,0.001953125,14.375,-31.125,-53.8125
2026-09-28T14:55:46.302742,-6.4296875,0.125,7.34765625,0.0,-0.00390625,0.001953125,14.125,-32.3125,-56.25
2026-09-28T14:55:46.321969,-6.50390625,0.125,7.30859375,0.001953125,-0.00390625,0.001953125,14.125,-32.3125,-56.25
2026-09-28T14:55:46.345834,-6.50390625,0.125,7.30859375,0.001953125,-0.00390625,0.001953125,13.8125,-30.1875,-56.625
2026-09-28T14:55:46.359950,-6.50390625,0.125,7.30859375,0.001953125,-0.00390625,0.001953125,13.8125,-30.1875,-56.625
2026-09-28T14:55:46.388547,-6.46484375,0.125,7.34375,0.001953125,0.01953125,-0.001953125,14.0625,-33.4375,-56.6875
2026-09-28T14:55:46.408599,-6.50390625,0.125,7.34375,0.001953125,0.01953125,-0.001953125,14.0625,-33.4375,-56.6875
2026-09-28T14:55:46.431804,-6.46484375,0.125,7.30859375,-0.00390625,0.01953125,-0.001953125,14.0625,-33.4375,-56.6875
2026-09-28T14:55:46.450883,-6.46484375,0.125,7.30859375,-0.00390625,0.01953125,-0.001953125,15.0,-33.3125,-54.3125
2026-09-28T14:55:46.475259,-6.50390625,0.125,7.30859375,0.001953125,-0.017578125,-0.001953125,15.0,-33.3125,-54.3125
2026-09-28T14:55:46.499503,-6.50390625,0.125,7.34375,0.001953125,-0.017578125,-0.001953125,14.5,-31.1875,-56.5625
2026-09-28T14:55:46.523234,-6.46484375,0.125,7.30859375,0.0,0.029296875,0.001953125,14.5,-31.1875,-56.5625
2026-09-28T14:55:46.542155,-6.46484375,0.125,7.30859375,0.0,0.029296875,0.001953125,14.8125,-32.0,-57.3125
2026-09-28T14:55:46.566784,-6.46484375,0.125,7.30859375,0.0,0.029296875,0.001953125,14.8125,-32.0,-57.3125
2026-09-28T14:55:46.589743,-6.46484375,0.125,7.34375,0.0,-0.0078125,0.0,14.0,-31.3125,-58.1875
2026-09-28T14:55:46.605637,-6.46484375,0.125,7.34375,0.0,-0.0078125,0.0,14.0,-31.3125,-58.1875
2026-09-28T14:55:46.629425,-6.46484375,0.125,7.34375,-0.001953125,0.00390625,0.0,14.0,-31.3125,-58.1875
2026-09-28T14:55:46.653180,-6.46484375,0.125,7.30859375,-0.001953125,0.00390625,0.0,14.5625,-32.25,-55.375
2026-09-28T14:55:46.672008,-6.46484375,0.125,7.30859375,-0.001953125,-0.01953125,-0.001953125,14.5625,-32.25,-55.375
2026-09-28T14:55:46.695752,-6.46484375,0.125,7.34375,-0.001953125,-0.01953125,-0.001953125,14.0625,-30.5,-58.125
2026-09-28T14:55:46.719325,-6.50390625,0.125,7.34375,0.001953125,0.015625,0.00390625,14.0625,-30.5,-58.125
2026-09-28T14:55:46.743023,-6.50390625,0.125,7.34375,0.001953125,0.015625,0.00390625,14.3125,-31.3125,-58.875
2026-09-28T14:55:46.758580,-6.50390625,0.125,7.34375,0.001953125,0.015625,0.00390625,14.3125,-31.3125,-58.875
2026-09-28T14:55:46.781527,-6.50390625,0.125,7.34375,-0.001953125,-0.021484375,-0.001953125,14.3125,-31.3125,-58.875
2026-09-28T14:55:46.805037,-6.46484375,0.125,7.34375,-0.001953125,-0.021484375,-0.001953125,14.1875,-31.9375,-55.8125
2026-09-28T14:55:46.824719,-6.46484375,0.125,7.34375,0.0,0.009765625,-0.001953125,14.1875,-31.9375,-55.8125
2026-09-28T14:55:46.848845,-6.46484375,0.125,7.30859375,0.0,0.009765625,-0.001953125,15.9375,-31.125,-56.0625
2026-09-28T14:55:46.871991,-6.50390625,0.125,7.34375,0.0,-0.009765625,-0.001953125,15.9375,-31.125,-56.0625
2026-09-28T14:55:46.890604,-6.50390625,0.125,7.34375,0.0,-0.009765625,-0.001953125,15.125,-30.875,-57.6875
2026-09-28T14:55:46.909305,-6.46484375,0.125,7.34375,0.0,-0.009765625,-0.001953125,15.125,-30.875,-57.6875
2026-09-28T14:55:46.932037,-6.46484375,0.125,7.34375,0.0,0.009765625,0.001953125,15.125,-30.875,-57.6875
2026-09-28T14:55:46.951582,-6.46484375,0.125,7.34375,0.0,0.009765625,0.001953125,14.625,-31.5,-54.625
2026-09-28T14:55:46.975418,-6.46484375,0.125,7.30859375,-0.001953125,-0.01171875,0.001953125,14.625,-31.5,-54.625
2026-09-28T14:55:46.999117,-6.46484375,0.125,7.34375,-0.001953125,-0.01171875,0.001953125,13.375,-30.5,-57.0
2026-09-28T14:55:47.022600,-6.46484375,0.125,7.34375,0.0,0.0078125,0.0,13.375,-30.5,-57.0
2026-09-28T14:55:47.042223,-6.46484375,0.125,7.34375,0.0,0.0078125,0.0,16.25,-31.9375,-56.875
2026-09-28T14:55:47.066758,-6.46484375,0.125,7.30859375,-0.001953125,-0.001953125,0.0,16.25,-31.9375,-56.875
2026-09-28T14:55:47.081068,-6.46484375,0.125,7.30859375,-0.001953125,-0.001953125,0.0,16.25,-31.9375,-56.875
2026-09-28T14:55:47.105273,-6.50390625,0.125,7.34375,-0.001953125,-0.001953125,0.0,13.5625,-32.125,-59.0
2026-09-28T14:55:47.129094,-6.46484375,0.125,7.34375,-0.001953125,0.015625,0.001953125,13.5625,-32.125,-59.0
2026-09-28T14:55:47.152666,-6.46484375,0.125,7.34375,-0.001953125,0.015625,0.001953125,13.4375,-31.25,-55.875
2026-09-28T14:55:47.171984,-6.46484375,0.125,7.34375,0.0,0.015625,0.0,13.4375,-31.25,-55.875
2026-09-28T14:55:47.195392,-6.50390625,0.125,7.30859375,0.0,0.015625,0.0,15.875,-32.25,-56.4375
2026-09-28T14:55:47.219027,-6.46484375,0.125,7.30859375,0.0,0.001953125,-0.001953125,15.875,-32.25,-56.4375
2026-09-28T14:55:47.242054,-6.46484375,0.125,7.30859375,0.0,0.001953125,-0.001953125,14.25,-32.0625,-59.25
2026-09-28T14:55:47.257650,-6.46484375,0.125,7.34375,0.0,0.001953125,-0.001953125,14.25,-32.0625,-59.25
2026-09-28T14:55:47.280422,-6.46484375,0.125,7.34375,0.0,0.005859375,0.001953125,14.25,-32.0625,-59.25
2026-09-28T14:55:47.299038,-6.46484375,0.125,7.34375,0.0,0.005859375,0.001953125,14.1875,-31.9375,-55.8125
2026-09-28T14:55:47.322044,-6.46484375,0.125,7.30859375,0.0,0.00390625,0.0,14.1875,-31.9375,-55.8125
2026-09-28T14:55:47.346577,-6.46484375,0.125,7.30859375,0.0,0.00390625,0.0,14.1875,-31.9375,-55.8125
2026-09-28T14:55:47.369754,-6.46484375,0.125,7.30859375,0.0,-0.04296875,0.0,14.1875,-31.9375,-55.8125
2026-09-28T14:55:47.389499,-6.46484375,0.125,7.30859375,0.0,-0.04296875,0.0,14.3125,-32.375,-58.5625
2026-09-28T14:55:47.409148,-6.46484375,0.125,7.34375,0.0,-0.04296875,0.0,14.3125,-32.375,-58.5625
2026-09-28T14:55:47.438035,-6.50390625,0.125,7.34375,-0.001953125,0.0234375,0.0,14.4375,-32.0,-56.9375
2026-09-28T14:55:47.453849,-6.50390625,0.125,7.34375,-0.001953125,0.0234375,0.0,14.4375,-32.0,-56.9375
2026-09-28T14:55:47.477568,-6.54296875,0.05078125,7.30859375,-0.123046875,0.0390625,0.134765625,14.4375,-32.0,-56.9375
2026-09-28T14:55:47.501792,-6.4296875,0.1640625,7.38671875,-0.123046875,0.0390625,0.134765625,14.1875,-31.5625,-56.1875
2026-09-28T14:55:47.520794,-6.4296875,0.1640625,7.38671875,-0.00390625,0.013671875,-0.005859375,14.1875,-31.5625,-56.1875
2026-09-28T14:55:47.544454,-6.46875,0.125,7.2265625,-0.00390625,0.013671875,-0.005859375,14.8125,-32.3125,-57.0
2026-09-28T14:55:47.568514,-6.5078125,0.08984375,7.3046875,-0.001953125,-0.15234375,0.001953125,14.8125,-32.3125,-57.0
2026-09-28T14:55:47.591695,-6.390625,0.08984375,7.5,-0.001953125,-0.15234375,0.001953125,14.3125,-33.125,-58.5625
2026-09-28T14:55:47.607352,-6.390625,0.08984375,7.5,-0.001953125,-0.15234375,0.001953125,14.3125,-33.125,-58.5625
2026-09-28T14:55:47.630654,-6.5078125,0.125,7.26953125,0.005859375,0.083984375,0.001953125,14.3125,-33.125,-58.5625
2026-09-28T14:55:47.653802,-6.46875,0.08984375,7.265625,0.005859375,0.083984375,0.001953125,13.4375,-32.3125,-55.9375
2026-09-28T14:55:47.672385,-6.46875,0.08984375,7.265625,0.00390625,-0.091796875,0.0,13.4375,-32.3125,-55.9375
2026-09-28T14:55:47.696677,-6.4296875,0.125,7.421875,0.00390625,-0.091796875,0.0,14.875,-32.25,-56.5625
2026-09-28T14:55:47.720015,-6.46875,0.08984375,7.34765625,0.001953125,0.060546875,0.0,14.875,-32.25,-56.5625
2026-09-28T14:55:47.739039,-6.46875,0.08984375,7.34765625,0.001953125,0.060546875,0.0,13.625,-31.3125,-58.5625
2026-09-28T14:55:47.758729,-6.46875,0.125,7.2265625,0.001953125,0.060546875,0.0,13.625,-31.3125,-58.5625
2026-09-28T14:55:47.787618,-6.5078125,0.125,7.34375,-0.01171875,-0.064453125,-0.001953125,13.0625,-32.0,-55.5625
2026-09-28T14:55:47.806361,-6.5078125,0.125,7.34375,-0.01171875,-0.064453125,-0.001953125,13.0625,-32.0,-55.5625
2026-09-28T14:55:47.826226,-6.46875,0.125,7.3828125,0.00390625,0.04296875,0.001953125,13.0625,-32.0,-55.5625
2026-09-28T14:55:47.848847,-6.46875,0.125,7.30859375,0.00390625,0.04296875,0.001953125,14.5,-33.0,-55.8125
2026-09-28T14:55:47.872430,-6.46875,0.08984375,7.34765625,-0.001953125,-0.052734375,0.0,14.5,-33.0,-55.8125
2026-09-28T14:55:47.891779,-6.46875,0.08984375,7.34765625,-0.001953125,-0.052734375,0.0,15.5625,-31.5625,-56.5
2026-09-28T14:55:47.916193,-6.46875,0.125,7.3828125,0.0,0.037109375,0.0,15.5625,-31.5625,-56.5
2026-09-28T14:55:47.938472,-6.46875,0.125,7.30859375,0.0,0.037109375,0.0,13.625,-32.75,-57.875
2026-09-28T14:55:47.954433,-6.46875,0.125,7.30859375,0.0,0.037109375,0.0,13.625,-32.75,-57.875
2026-09-28T14:55:47.978468,-6.46875,0.125,7.30859375,0.0,-0.025390625,0.0,13.625,-32.75,-57.875
2026-09-28T14:55:48.003016,-6.46875,0.125,7.3828125,0.0,-0.025390625,0.0,15.3125,-31.5,-54.5625
2026-09-28T14:55:48.027011,-6.46875,0.125,7.3828125,0.00390625,0.033203125,0.0,15.3125,-31.5,-54.5625
2026-09-28T14:55:48.047351,-6.46875,0.125,7.34375,0.00390625,0.033203125,0.0,14.5,-31.5625,-56.1875
2026-09-28T14:55:48.070979,-6.5078125,0.125,7.30859375,-0.001953125,-0.0234375,0.0,14.5,-31.5625,-56.1875
2026-09-28T14:55:48.094662,-6.46875,0.125,7.34375,-0.001953125,-0.0234375,0.0,14.0,-31.6875,-58.5625
2026-09-28T14:55:48.108749,-6.46875,0.125,7.34375,-0.001953125,-0.0234375,0.0,14.0,-31.6875,-58.5625
2026-09-28T14:55:48.137409,-6.46875,0.125,7.34375,0.0,0.025390625,0.0,14.1875,-31.9375,-55.8125
2026-09-28T14:55:48.157367,-6.46875,0.125,7.30859375,0.0,0.025390625,0.0,14.1875,-31.9375,-55.8125
2026-09-28T14:55:48.177483,-6.46875,0.125,7.30859375,-0.001953125,-0.02734375,0.0,14.1875,-31.9375,-55.8125
2026-09-28T14:55:48.201750,-6.46875,0.125,7.34375,-0.001953125,-0.02734375,0.0,14.25,-31.5625,-55.375
2026-09-28T14:55:48.225221,-6.46875,0.125,7.34375,0.00390625,0.009765625,-0.001953125,14.25,-31.5625,-55.375
2026-09-28T14:55:48.248145,-6.46875,0.125,7.34375,0.00390625,0.009765625,-0.001953125,14.1875,-31.1875,-56.1875
2026-09-28T14:55:48.267722,-6.46875,0.125,7.34375,0.001953125,-0.00390625,0.001953125,14.1875,-31.1875,-56.1875
2026-09-28T14:55:48.291869,-6.46875,0.125,7.34375,0.001953125,-0.00390625,0.001953125,14.75,-30.875,-58.4375
2026-09-28T14:55:48.315734,-6.46875,0.125,7.34375,-0.001953125,-0.001953125,0.0,14.75,-30.875,-58.4375
2026-09-28T14:55:48.330106,-6.46875,0.125,7.34375,-0.001953125,-0.001953125,0.0,14.75,-30.875,-58.4375
2026-09-28T14:55:48.354369,-6.46875,0.125,7.34375,-0.001953125,-0.001953125,0.0,14.9375,-31.6875,-59.25
2026-09-28T14:55:48.378159,-6.46875,0.125,7.34375,-0.001953125,0.001953125,0.001953125,14.9375,-31.6875,-59.25
2026-09-28T14:55:48.397833,-6.46875,0.125,7.34375,-0.001953125,0.001953125,0.001953125,15.0,-30.75,-55.3125
2026-09-28T14:55:48.421753,-6.46875,0.125,7.34375,0.0,-0.001953125,0.0,15.0,-30.75,-55.3125
2026-09-28T14:55:48.445314,-6.4296875,0.125,7.34765625,0.0,-0.001953125,0.0,14.8125,-32.3125,-57.0
2026-09-28T14:55:48.459289,-6.4296875,0.125,7.34765625,0.0,-0.001953125,0.0,14.8125,-32.3125,-57.0
2026-09-28T14:55:48.487141,-6.46875,0.125,7.34375,0.0,-0.005859375,0.0,14.125,-31.25,-56.625
2026-09-28T14:55:48.507134,-6.46875,0.125,7.30859375,0.0,-0.005859375,0.0,14.125,-31.25,-56.625
2026-09-28T14:55:48.530286,-6.46875,0.125,7.34375,0.0,0.0,0.001953125,14.125,-31.25,-56.625
2026-09-28T14:55:48.549349,-6.46875,0.125,7.34375,0.0,0.0,0.001953125,15.3125,-31.5,-54.5625
2026-09-28T14:55:48.573671,-6.46875,0.125,7.34375,0.0,0.001953125,0.0,15.3125,-31.5,-54.5625
2026-09-28T14:55:48.598009,-6.46875,0.125,7.34375,0.0,0.001953125,0.0,15.125,-32.625,-56.5625
2026-09-28T14:55:48.622439,-6.46875,0.125,7.34375,0.0,-0.005859375,0.001953125,15.125,-32.625,-56.5625
2026-09-28T14:55:48.642122,-6.46875,0.125,7.34375,0.0,-0.005859375,0.001953125,15.5,-30.8125,-57.25
2026-09-28T14:55:48.666834,-6.46875,0.125,7.34375,-0.001953125,-0.001953125,-0.001953125,15.5,-30.8125,-57.25
2026-09-28T14:55:48.689497,-6.46875,0.125,7.34375,-0.001953125,-0.001953125,-0.001953125,12.9375,-32.375,-57.9375
2026-09-28T14:55:48.705479,-6.46875,0.125,7.34375,-0.001953125,-0.001953125,-0.001953125,12.9375,-32.375,-57.9375
2026-09-28T14:55:48.728668,-6.46875,0.125,7.34375,0.001953125,-0.001953125,0.0,12.9375,-32.375,-57.9375
2026-09-28T14:55:48.753055,-6.46875,0.08984375,7.34765625,0.001953125,-0.001953125,0.0,13.8125,-32.0,-55.875
2026-09-28T14:55:48.771731,-6.46875,0.08984375,7.34765625,0.0,0.015625,0.0,13.8125,-32.0,-55.875
2026-09-28T14:55:48.796513,-6.46875,0.125,7.34375,0.0,0.015625,0.0,14.875,-31.1875,-56.5625
2026-09-28T14:55:48.820438,-6.46875,0.125,7.34375,0.001953125,-0.017578125,0.0,14.875,-31.1875,-56.5625
2026-09-28T14:55:48.844006,-6.46875,0.125,7.34375,0.001953125,-0.017578125,0.0,15.6875,-33.0625,-58.4375
2026-09-28T14:55:48.858230,-6.46875,0.125,7.34375,0.001953125,-0.017578125,0.0,15.6875,-33.0625,-58.4375
2026-09-28T14:55:48.884862,-6.46875,0.125,7.34375,0.00390625,0.009765625,0.0,13.1875,-30.875,-55.875
2026-09-28T14:55:48.898891,-6.46875,0.125,7.34375,0.00390625,0.009765625,0.0,13.1875,-30.875,-55.875
2026-09-28T14:55:48.923589,-6.46875,0.125,7.34375,-0.00390625,-0.0078125,0.0,13.1875,-30.875,-55.875
2026-09-28T14:55:48.947708,-6.46875,0.125,7.34375,-0.00390625,-0.0078125,0.0,16.0,-31.5,-55.6875
2026-09-28T14:55:48.971871,-6.46875,0.125,7.34375,-0.001953125,-0.009765625,0.0,16.0,-31.5,-55.6875
2026-09-28T14:55:48.991309,-6.46875,0.125,7.34375,-0.001953125,-0.009765625,0.0,14.375,-30.875,-58.125
2026-09-28T14:55:49.015143,-6.46875,0.125,7.34375,0.001953125,0.0,-0.001953125,14.375,-30.875,-58.125
2026-09-28T14:55:49.038070,-6.46875,0.125,7.34375,0.001953125,0.0,-0.001953125,12.9375,-32.125,-58.25
2026-09-28T14:55:49.054479,-6.46875,0.125,7.34375,0.001953125,0.0,-0.001953125,12.9375,-32.125,-58.25
2026-09-28T14:55:49.077984,-6.46875,0.125,7.34375,0.001953125,-0.005859375,0.0,12.9375,-32.125,-58.25
2026-09-28T14:55:49.103432,-6.46875,0.125,7.34375,0.001953125,-0.005859375,0.0,15.25,-32.1875,-54.9375
2026-09-28T14:55:49.127069,-6.46875,0.125,7.34375,-0.001953125,0.001953125,0.0,15.25,-32.1875,-54.9375
2026-09-28T14:55:49.147098,-6.46875,0.125,7.34375,-0.001953125,0.001953125,0.0,14.1875,-31.1875,-55.8125
2026-09-28T14:55:49.171516,-6.46875,0.125,7.30859375,-0.00390625,-0.017578125,0.0,14.1875,-31.1875,-55.8125
2026-09-28T14:55:49.196206,-6.46875,0.125,7.34375,-0.00390625,-0.017578125,0.0,13.3125,-32.375,-57.4375
2026-09-28T14:55:49.218895,-6.46875,0.125,7.34375,0.0,0.009765625,0.00390625,13.3125,-32.375,-57.4375
2026-09-28T14:55:49.237737,-6.46875,0.125,7.34375,0.0,0.009765625,0.00390625,14.375,-32.375,-57.8125
2026-09-28T14:55:49.257259,-6.46875,0.125,7.34375,0.0,0.009765625,0.00390625,14.375,-32.375,-57.8125
2026-09-28T14:55:49.280474,-6.46875,0.125,7.34375,0.001953125,-0.0078125,0.001953125,14.375,-32.375,-57.8125
2026-09-28T14:55:49.297889,-6.46875,0.125,7.34375,0.001953125,-0.0078125,0.001953125,14.9375,-30.8125,-55.75
2026-09-28T14:55:49.322794,-6.46875,0.125,7.34375,0.005859375,-0.005859375,0.001953125,14.9375,-30.8125,-55.75
2026-09-28T14:55:49.347142,-6.46875,0.125,7.34375,0.005859375,-0.005859375,0.001953125,14.875,-30.8125,-56.5625
2026-09-28T14:55:49.367280,-6.46875,0.125,7.34375,0.0,0.005859375,0.001953125,14.875,-30.8125,-56.5625
2026-09-28T14:55:49.390970,-6.46875,0.125,7.34375,0.0,0.005859375,0.001953125,14.0,-33.125,-57.875
2026-09-28T14:55:49.415448,-6.46875,0.125,7.34375,0.0,0.005859375,0.001953125,14.0,-33.125,-57.875
2026-09-28T14:55:49.429551,-6.46875,0.125,7.34375,0.00390625,-0.00390625,0.0,14.0,-33.125,-57.875
2026-09-28T14:55:49.453564,-6.46875,0.08984375,7.34765625,0.00390625,-0.00390625,0.0,15.0,-31.6875,-58.875
2026-09-28T14:55:49.477200,-6.46875,0.125,7.34375,0.0,0.0,0.0,15.0,-31.6875,-58.875
2026-09-28T14:55:49.502453,-6.46875,0.125,7.34375,0.0,0.0,0.0,14.1875,-32.625,-55.0625
2026-09-28T14:55:49.522504,-6.46875,0.125,7.34375,0.001953125,-0.00390625,-0.001953125,14.1875,-32.625,-55.0625
2026-09-28T14:55:49.547024,-6.46875,0.08984375,7.34765625,0.001953125,-0.00390625,-0.001953125,15.4375,-33.0625,-56.9375
2026-09-28T14:55:49.571393,-6.46875,0.125,7.34375,0.0,0.013671875,0.0,15.4375,-33.0625,-56.9375
2026-09-28T14:55:49.595201,-6.46875,0.125,7.34375,0.0,0.013671875,0.0,14.0625,-31.25,-57.375
2026-09-28T14:55:49.614853,-6.46875,0.125,7.34375,0.0,0.013671875,0.0,14.0625,-31.25,-57.375
2026-09-28T14:55:49.637597,-6.46875,0.125,7.34375,0.0,-0.0078125,-0.001953125,14.0,-32.75,-57.875
2026-09-28T14:55:49.657462,-6.46875,0.125,7.34375,0.0,-0.0078125,-0.001953125,14.0,-32.75,-57.875
2026-09-28T14:55:49.677087,-6.46875,0.125,7.34375,0.001953125,0.0078125,0.0,14.0,-32.75,-57.875
2026-09-28T14:55:49.700912,-6.46875,0.08984375,7.34765625,0.001953125,0.0078125,0.0,13.8125,-32.0,-55.875
2026-09-28T14:55:49.724014,-6.46875,0.125,7.34375,0.0,-0.0078125,0.0,13.8125,-32.0,-55.875
2026-09-28T14:55:49.743209,-6.46875,0.125,7.34375,0.0,-0.0078125,0.0,15.3125,-31.875,-54.9375
2026-09-28T14:55:49.767114,-6.46875,0.125,7.34375,-0.001953125,0.015625,-0.001953125,15.3125,-31.875,-54.9375
2026-09-28T14:55:49.791305,-6.46875,0.125,7.34375,-0.001953125,0.015625,-0.001953125,14.8125,-32.0,-57.3125
2026-09-28T14:55:49.806324,-6.46875,0.125,7.34375,-0.001953125,0.015625,-0.001953125,14.8125,-32.0,-57.3125
2026-09-28T14:55:49.829371,-6.46875,0.125,7.34375,-0.001953125,0.0,-0.001953125,14.8125,-32.0,-57.3125
2026-09-28T14:55:49.853258,-6.46875,0.125,7.34375,-0.001953125,0.0,-0.001953125,15.25,-31.5625,-55.75
2026-09-28T14:55:49.876351,-6.46875,0.125,7.34375,0.0078125,0.0,0.001953125,15.25,-31.5625,-55.75
2026-09-28T14:55:49.896669,-6.46875,0.125,7.34375,0.0078125,0.0,0.001953125,15.1875,-30.8125,-56.5
2026-09-28T14:55:49.921282,-6.46875,0.125,7.34375,0.001953125,0.0078125,0.00390625,15.1875,-30.8125,-56.5
2026-09-28T14:55:49.945699,-6.46875,0.125,7.34375,0.001953125,0.0078125,0.00390625,14.0,-30.5625,-58.5
2026-09-28T14:55:49.969195,-6.46875,0.125,7.34375,0.0,-0.001953125,0.0,14.0,-30.5625,-58.5
2026-09-28T14:55:49.988288,-6.46875,0.125,7.34375,0.0,-0.001953125,0.0,13.25,-32.75,-57.875
2026-09-28T14:55:50.007470,-6.46875,0.125,7.34375,0.0,-0.001953125,0.0,13.25,-32.75,-57.875
2026-09-28T14:55:50.035481,-6.46875,0.125,7.34375,0.0,0.001953125,0.0,13.6875,-32.3125,-57.0625
2026-09-28T14:55:50.051624,-6.46875,0.125,7.34375,0.0,0.001953125,0.0,13.6875,-32.3125,-57.0625
2026-09-28T14:55:50.075552,-6.46875,0.125,7.34375,-0.001953125,-0.00390625,0.001953125,13.6875,-32.3125,-57.0625
2026-09-28T14:55:50.099963,-6.46875,0.125,7.34375,-0.001953125,-0.00390625,0.001953125,14.9375,-32.25,-55.4375
2026-09-28T14:55:50.119556,-6.46875,0.125,7.34375,0.001953125,0.00390625,0.0,14.9375,-32.25,-55.4375
2026-09-28T14:55:50.143400,-6.46875,0.125,7.34375,0.001953125,0.00390625,0.0,14.75,-32.3125,-57.75
2026-09-28T14:55:50.166656,-6.46875,0.08984375,7.34765625,0.0,0.0,0.0,14.75,-32.3125,-57.75
2026-09-28T14:55:50.190479,-6.46875,0.125,7.34375,0.0,0.0,0.0,14.375,-32.375,-57.8125
2026-09-28T14:55:50.207558,-6.46875,0.125,7.34375,0.0,0.0,0.0,14.375,-32.375,-57.8125
2026-09-28T14:55:50.402360,-6.4296875,0.125,7.34765625,0.0,0.0,0.0,14.5625,-32.125,-60.0625
2026-09-28T14:55:50.472279,-6.46875,0.125,7.34375,-0.00390625,0.0,-0.001953125,15.0,-31.3125,-59.25
2026-09-28T14:55:50.539032,-6.46875,0.125,7.34375,0.0,0.01171875,-0.005859375,15.1875,-31.9375,-56.5625
2026-09-28T14:55:50.602015,-6.46875,0.125,7.34375,0.0,-0.00390625,-0.001953125,12.5,-31.375,-59.4375
2026-09-28T14:55:50.665844,-6.46875,0.125,7.30859375,0.001953125,0.0,0.0,12.9375,-30.9375,-58.625
2026-09-28T14:55:50.725481,-6.46875,0.125,7.34375,-0.001953125,0.00390625,0.0,14.375,-31.625,-57.75
2026-09-28T14:55:50.777076,-6.46875,0.125,7.34375,0.00390625,-0.001953125,0.0,14.3125,-30.75,-54.625
2026-09-28T14:55:50.846594,-6.46875,0.125,7.34375,0.0,0.001953125,0.0,13.375,-30.875,-57.375
2026-09-28T14:55:50.896579,-6.4296875,0.125,7.34765625,-0.001953125,-0.00390625,-0.001953125,13.5625,-33.125,-58.25
2026-09-28T14:55:50.956731,-6.46875,0.125,7.34375,0.0,-0.001953125,-0.001953125,13.9375,-32.4375,-59.0
2026-09-28T14:55:51.019228,-6.46875,0.125,7.34375,0.001953125,-0.005859375,0.001953125,14.0,-32.375,-58.1875
2026-09-28T14:55:51.076273,-6.4296875,0.125,7.34765625,0.0,-0.001953125,-0.001953125,15.125,-31.25,-57.6875
2026-09-28T14:55:51.136540,-6.4296875,0.125,7.34765625,0.005859375,-0.009765625,-0.001953125,14.5625,-32.25,-55.0625
2026-09-28T14:55:51.193312,-6.4296875,0.125,7.34765625,-0.00390625,-0.005859375,0.0,13.1875,-30.625,-59.375
2026-09-28T14:55:51.246281,-6.46875,0.125,7.34375,0.0,0.001953125,0.0,14.75,-31.25,-58.125
2026-09-28T14:55:51.306230,-6.4296875,0.08984375,7.34375,0.0,0.015625,0.0,14.0,-32.75,-57.875
2026-09-28T14:55:51.368444,-6.4296875,0.125,7.34765625,0.0,0.009765625,0.0,13.5625,-31.75,-59.375
2026-09-28T14:55:51.423621,-6.4296875,0.125,7.38671875,0.001953125,0.009765625,0.001953125,13.75,-31.625,-57.0
2026-09-28T14:55:51.477359,-6.46875,0.125,7.34375,-0.001953125,0.0078125,0.001953125,14.25,-31.9375,-54.6875
2026-09-28T14:55:51.538184,-6.46875,0.125,7.34375,0.0,0.005859375,-0.001953125,14.0625,-32.0,-57.375
2026-09-28T14:55:51.591834,-6.4296875,0.125,7.34765625,0.001953125,0.005859375,-0.001953125,13.875,-32.8125,-59.375
2026-09-28T14:55:51.646225,-6.46875,0.125,7.34375,0.00390625,0.001953125,0.0,13.6875,-31.6875,-57.375
2026-09-28T14:55:51.703378,-6.46875,0.125,7.34375,0.0,-0.0078125,-0.001953125,12.875,-32.8125,-58.3125
2026-09-28T14:55:51.767009,-6.46875,0.125,7.34375,0.001953125,-0.0078125,0.0,15.5,-32.25,-56.9375
2026-09-28T14:55:51.820813,-6.46875,0.125,7.34375,0.0,-0.0078125,0.001953125,14.625,-32.375,-59.3125
2026-09-28T14:55:51.870887,-6.4296875,0.125,7.34765625,0.0,-0.001953125,-0.001953125,14.8125,-32.6875,-56.625
2026-09-28T14:55:51.927003,-6.46875,0.125,7.34375,0.001953125,0.0,0.0,15.0625,-33.8125,-57.0
2026-09-28T14:55:51.986173,-6.46875,0.125,7.34375,0.0,-0.009765625,-0.001953125,14.875,-30.8125,-56.5625
2026-09-28T14:55:52.041789,-6.46875,0.125,7.34375,0.001953125,-0.001953125,0.001953125,14.0,-31.3125,-58.1875
2026-09-28T14:55:52.101059,-6.46875,0.125,7.34375,0.0,-0.00390625,0.001953125,13.8125,-32.4375,-60.125
2026-09-28T14:55:52.152877,-6.46875,0.125,7.34375,0.001953125,0.0,-0.001953125,13.6875,-29.875,-58.5
2026-09-28T14:55:52.215087,-6.4296875,0.125,7.38671875,0.00390625,0.01171875,0.0,14.3125,-31.3125,-59.25
2026-09-28T14:55:52.265524,-6.4296875,0.08984375,7.34375,0.0,-0.009765625,0.001953125,14.375,-33.4375,-57.0625
2026-09-28T14:55:52.323289,-6.46875,0.125,7.3828125,-0.00390625,0.01171875,0.0,13.9375,-32.75,-58.5625
2026-09-28T14:55:52.464652,-6.4296875,0.125,7.34765625,-0.00390625,-0.005859375,0.001953125,15.75,-32.0,-58.8125
2026-09-28T14:55:52.491379,-6.46875,0.125,7.3828125,-0.00390625,-0.005859375,0.001953125,14.6875,-32.0625,-58.5
2026-09-28T14:55:52.514962,-6.46875,0.125,7.34375,-0.001953125,0.005859375,-0.00390625,14.6875,-32.0625,-58.5
2026-09-28T14:55:52.532938,-6.46875,0.125,7.34375,-0.001953125,0.005859375,-0.00390625,15.0,-32.0625,-58.5
2026-09-28T14:55:52.551100,-6.4296875,0.125,7.34765625,-0.001953125,0.005859375,-0.00390625,15.0,-32.0625,-58.5
2026-09-28T14:55:52.572251,-6.46875,0.08984375,7.38671875,0.0,-0.015625,0.001953125,15.0,-32.0625,-58.5
2026-09-28T14:55:52.592649,-6.46875,0.08984375,7.38671875,0.0,-0.015625,0.001953125,14.625,-30.4375,-55.6875
2026-09-28T14:55:52.617795,-6.46875,0.125,7.3828125,0.00390625,0.005859375,0.001953125,14.625,-30.4375,-55.6875
2026-09-28T14:55:52.641188,-6.4296875,0.125,7.34765625,0.00390625,0.005859375,0.001953125,14.625,-30.4375,-55.6875
2026-09-28T14:55:52.656359,-6.4296875,0.125,7.34765625,0.00390625,0.005859375,0.001953125,14.625,-30.4375,-55.6875
2026-09-28T14:55:52.685076,-6.46875,0.125,7.34375,-0.001953125,-0.013671875,0.0,14.1875,-30.4375,-56.125
2026-09-28T14:55:52.704402,-6.4296875,0.125,7.34765625,-0.001953125,-0.013671875,0.0,14.1875,-30.4375,-56.125
2026-09-28T14:55:52.727282,-6.4296875,0.125,7.34765625,0.00390625,0.00390625,0.0,14.1875,-30.4375,-56.125
2026-09-28T14:55:52.748379,-6.4296875,0.125,7.34765625,0.00390625,0.00390625,0.0,14.0625,-33.8125,-56.3125
2026-09-28T14:55:52.773513,-6.46875,0.125,7.34375,0.0,-0.005859375,0.0,14.0625,-33.8125,-56.3125
2026-09-28T14:55:52.798611,-6.46875,0.125,7.3828125,0.0,-0.005859375,0.0,14.5625,-31.9375,-55.375
2026-09-28T14:55:52.822038,-6.46875,0.125,7.3828125,-0.001953125,0.01171875,0.001953125,14.5625,-31.9375,-55.375
2026-09-28T14:55:52.840866,-6.4296875,0.125,7.38671875,-0.001953125,0.01171875,0.001953125,13.875,-31.1875,-55.0625
2026-09-28T14:55:52.864893,-6.4296875,0.125,7.34765625,0.0,-0.005859375,0.0,13.875,-31.1875,-55.0625
2026-09-28T14:55:52.890365,-6.4296875,0.125,7.38671875,0.0,-0.005859375,0.0,12.9375,-31.75,-58.625
2026-09-28T14:55:52.904748,-6.4296875,0.125,7.38671875,0.0,-0.005859375,0.0,12.9375,-31.75,-58.625
2026-09-28T14:55:52.927004,-6.4296875,0.125,7.34765625,0.001953125,0.0,0.0,12.9375,-31.75,-58.625
2026-09-28T14:55:52.949236,-6.4296875,0.08984375,7.34375,0.001953125,0.0,0.0,14.1875,-30.4375,-56.125
2026-09-28T14:55:52.967240,-6.4296875,0.08984375,7.34375,-0.001953125,0.001953125,-0.001953125,14.1875,-30.4375,-56.125
2026-09-28T14:55:52.989946,-6.4296875,0.125,7.34765625,-0.001953125,0.001953125,-0.001953125,15.1875,-31.5625,-56.125
2026-09-28T14:55:53.013235,-6.4296875,0.125,7.34765625,-0.001953125,0.001953125,-0.001953125,15.1875,-31.5625,-56.125
2026-09-28T14:55:53.026168,-6.4296875,0.08984375,7.34375,0.0,0.001953125,0.001953125,15.1875,-31.5625,-56.125
2026-09-28T14:55:53.050251,-6.46875,0.125,7.34375,0.0,0.001953125,0.001953125,13.75,-31.25,-56.625
2026-09-28T14:55:53.072833,-6.46875,0.125,7.34375,0.0078125,0.005859375,0.0,13.75,-31.25,-56.625
2026-09-28T14:55:53.090868,-6.4296875,0.125,7.34765625,0.0078125,0.005859375,0.0,14.5625,-31.1875,-55.75
2026-09-28T14:55:53.113604,-6.4296875,0.125,7.34765625,-0.00390625,0.00390625,0.001953125,14.5625,-31.1875,-55.75
2026-09-28T14:55:53.126602,-6.4296875,0.125,7.34765625,-0.00390625,0.00390625,0.001953125,14.5625,-31.1875,-55.75
2026-09-28T14:55:53.149738,-6.46875,0.125,7.34375,-0.00390625,0.00390625,0.001953125,13.625,-32.375,-57.875
2026-09-28T14:55:53.172230,-6.4296875,0.125,7.34765625,0.0,0.005859375,-0.001953125,13.625,-32.375,-57.875
2026-09-28T14:55:53.190602,-6.4296875,0.125,7.34765625,0.0,0.005859375,-0.001953125,14.4375,-32.0,-57.0
2026-09-28T14:55:53.212605,-6.46875,0.125,7.34375,0.0,0.001953125,0.0,14.4375,-32.0,-57.0
2026-09-28T14:55:53.234545,-6.46875,0.125,7.3828125,0.0,0.001953125,0.0,13.875,-32.8125,-58.9375
2026-09-28T14:55:53.249290,-6.46875,0.125,7.3828125,0.0,0.001953125,0.0,13.875,-32.8125,-58.9375
2026-09-28T14:55:53.272023,-6.4296875,0.125,7.34765625,0.0,0.01171875,0.0,13.875,-32.8125,-58.9375
2026-09-28T14:55:53.294357,-6.46875,0.125,7.3828125,0.0,0.01171875,0.0,14.5625,-31.9375,-55.8125
2026-09-28T14:55:53.313608,-6.46875,0.125,7.3828125,-0.001953125,-0.0078125,0.0,14.5625,-31.9375,-55.8125
2026-09-28T14:55:53.334421,-6.4296875,0.125,7.38671875,-0.001953125,-0.0078125,0.0,13.8125,-32.8125,-59.75
2026-09-28T14:55:53.352958,-6.4296875,0.125,7.38671875,-0.001953125,-0.0078125,0.0,13.8125,-32.8125,-59.75
2026-09-28T14:55:53.370846,-6.46875,0.08984375,7.38671875,0.0,0.00390625,0.00390625,13.8125,-32.8125,-59.75
2026-09-28T14:55:53.394239,-6.46875,0.125,7.3828125,0.0,0.00390625,0.00390625,16.0,-32.5625,-55.375
2026-09-28T14:55:53.418088,-6.4296875,0.125,7.38671875,0.0,0.00390625,0.001953125,16.0,-32.5625,-55.375
2026-09-28T14:55:53.436980,-6.4296875,0.125,7.38671875,0.0,0.00390625,0.001953125,14.0625,-31.625,-57.375
2026-09-28T14:55:53.454792,-6.4296875,0.08984375,7.3828125,0.0,0.00390625,0.001953125,14.0625,-31.625,-57.375
2026-09-28T14:55:53.476806,-6.4296875,0.08984375,7.3828125,-0.001953125,0.0078125,0.0,14.0625,-31.625,-57.375
2026-09-28T14:55:53.495755,-6.46875,0.08984375,7.38671875,-0.001953125,0.0078125,0.0,14.5625,-31.5625,-55.375
2026-09-28T14:55:53.519584,-6.46875,0.08984375,7.38671875,-0.00390625,-0.005859375,0.0,14.5625,-31.5625,-55.375
2026-09-28T14:55:53.541649,-6.46875,0.08984375,7.38671875,-0.00390625,-0.005859375,0.0,14.125,-31.25,-56.625
2026-09-28T14:55:53.554996,-6.4296875,0.125,7.34765625,-0.00390625,-0.005859375,0.0,14.125,-31.25,-56.625
2026-09-28T14:55:53.576207,-6.4296875,0.125,7.38671875,-0.001953125,0.009765625,0.0,14.125,-31.25,-56.625
2026-09-28T14:55:53.595003,-6.4296875,0.125,7.38671875,-0.001953125,0.009765625,0.0,13.5625,-29.75,-55.4375
2026-09-28T14:55:53.618249,-6.4296875,0.125,7.38671875,-0.001953125,-0.00390625,-0.001953125,13.5625,-29.75,-55.4375
2026-09-28T14:55:53.640465,-6.4296875,0.125,7.34765625,-0.001953125,-0.00390625,-0.001953125,13.6875,-31.25,-57.375
2026-09-28T14:55:53.654330,-6.4296875,0.125,7.34765625,-0.001953125,-0.00390625,-0.001953125,13.6875,-31.25,-57.375
2026-09-28T14:55:53.676332,-6.4296875,0.125,7.34765625,-0.015625,0.0234375,-0.009765625,13.6875,-31.25,-57.375
2026-09-28T14:55:53.699885,-6.4296875,0.08984375,7.3828125,-0.015625,0.0234375,-0.009765625,15.0,-30.75,-55.0
2026-09-28T14:55:53.718317,-6.4296875,0.08984375,7.3828125,0.0,0.001953125,0.0,15.0,-30.75,-55.0
2026-09-28T14:55:53.740748,-6.4296875,0.125,7.34765625,0.0,0.001953125,0.0,15.75,-33.0625,-58.0625
2026-09-28T14:55:53.754128,-6.4296875,0.125,7.34765625,0.0,0.001953125,0.0,15.75,-33.0625,-58.0625
2026-09-28T14:55:53.776256,-6.46875,0.125,7.34375,0.0,-0.0625,-0.001953125,15.75,-33.0625,-58.0625
2026-09-28T14:55:53.799281,-6.4296875,0.125,7.38671875,0.0,-0.0625,-0.001953125,13.8125,-32.0,-55.875
2026-09-28T14:55:53.817746,-6.4296875,0.125,7.38671875,0.001953125,-0.00390625,0.001953125,13.8125,-32.0,-55.875
2026-09-28T14:55:53.840297,-6.4296875,0.125,7.38671875,0.001953125,-0.00390625,0.001953125,14.0625,-32.0,-57.375
2026-09-28T14:55:53.863624,-6.46875,0.125,7.3828125,0.00390625,0.01953125,0.001953125,14.0625,-32.0,-57.375
2026-09-28T14:55:53.876665,-6.46875,0.125,7.3828125,0.00390625,0.01953125,0.001953125,14.0625,-32.0,-57.375
2026-09-28T14:55:53.899746,-6.4296875,0.125,7.38671875,0.00390625,0.01953125,0.001953125,14.75,-32.6875,-57.375
2026-09-28T14:55:53.921234,-6.4296875,0.125,7.38671875,0.005859375,-0.02734375,0.0,14.75,-32.6875,-57.375
2026-09-28T14:55:53.939633,-6.4296875,0.125,7.38671875,0.005859375,-0.02734375,0.0,15.625,-30.375,-55.6875
2026-09-28T14:55:53.962878,-6.4296875,0.125,7.38671875,-0.00390625,-0.017578125,0.001953125,15.625,-30.375,-55.6875
2026-09-28T14:55:53.975837,-6.4296875,0.125,7.38671875,-0.00390625,-0.017578125,0.001953125,15.625,-30.375,-55.6875
2026-09-28T14:55:53.999112,-6.4296875,0.125,7.38671875,-0.00390625,-0.017578125,0.001953125,14.3125,-32.75,-58.1875
2026-09-28T14:55:54.021973,-6.46875,0.125,7.3828125,0.0,0.015625,-0.001953125,14.3125,-32.75,-58.1875
2026-09-28T14:55:54.043769,-6.46875,0.125,7.3828125,0.0,0.015625,-0.001953125,13.8125,-31.5625,-55.875
2026-09-28T14:55:54.062978,-6.46875,0.125,7.3828125,0.0,-0.01171875,-0.001953125,13.8125,-31.5625,-55.875
2026-09-28T14:55:54.083851,-6.4296875,0.125,7.38671875,0.0,-0.01171875,-0.001953125,15.0,-32.0625,-58.5
2026-09-28T14:55:54.098663,-6.4296875,0.125,7.38671875,0.0,-0.01171875,-0.001953125,15.0,-32.0625,-58.5
2026-09-28T14:55:54.121121,-6.4296875,0.125,7.38671875,0.0,-0.01171875,0.00390625,15.0,-32.0625,-58.5
2026-09-28T14:55:54.143902,-6.4296875,0.125,7.38671875,0.0,-0.01171875,0.00390625,13.8125,-31.5625,-55.875
2026-09-28T14:55:54.163065,-6.4296875,0.125,7.38671875,-0.001953125,0.01171875,-0.001953125,13.8125,-31.5625,-55.875
2026-09-28T14:55:54.184004,-6.4296875,0.125,7.38671875,-0.001953125,0.01171875,-0.001953125,14.4375,-30.5,-58.125
2026-09-28T14:55:54.203177,-6.4296875,0.125,7.38671875,-0.001953125,0.01171875,-0.001953125,14.4375,-30.5,-58.125
2026-09-28T14:55:54.221649,-6.46875,0.125,7.34375,0.0,-0.0078125,0.0,14.4375,-30.5,-58.125
2026-09-28T14:55:54.243565,-6.4296875,0.125,7.38671875,0.0,-0.0078125,0.0,14.125,-32.6875,-55.875
2026-09-28T14:55:54.265178,-6.4296875,0.125,7.38671875,0.0,-0.033203125,0.001953125,14.125,-32.6875,-55.875
2026-09-28T14:55:54.283481,-6.4296875,0.125,7.38671875,0.0,-0.033203125,0.001953125,15.0,-31.6875,-58.8125
2026-09-28T14:55:54.302696,-6.46875,0.125,7.34375,0.0,-0.033203125,0.001953125,15.0,-31.6875,-58.8125
2026-09-28T14:55:54.319810,-6.46875,0.125,7.34375,-0.00390625,-0.005859375,0.0,15.0,-31.6875,-58.8125
2026-09-28T14:55:54.342377,-6.4296875,0.125,7.38671875,-0.00390625,-0.005859375,0.0,15.1875,-30.8125,-56.875
2026-09-28T14:55:54.363235,-6.4296875,0.125,7.38671875,0.00390625,0.021484375,0.0,15.1875,-30.8125,-56.875
2026-09-28T14:55:54.376218,-6.4296875,0.125,7.38671875,0.00390625,0.021484375,0.0,15.1875,-30.8125,-56.875
2026-09-28T14:55:54.398897,-6.4296875,0.125,7.34765625,0.00390625,0.021484375,0.0,14.3125,-30.9375,-59.3125
2026-09-28T14:55:54.420779,-6.4296875,0.125,7.34765625,0.0,-0.009765625,0.0,14.3125,-30.9375,-59.3125
2026-09-28T14:55:54.439272,-6.4296875,0.125,7.38671875,0.0,-0.009765625,0.0,14.3125,-31.125,-54.625
2026-09-28T14:55:54.462438,-6.4296875,0.125,7.38671875,-0.001953125,-0.005859375,-0.001953125,14.3125,-31.125,-54.625
2026-09-28T14:55:54.475360,-6.4296875,0.125,7.38671875,-0.001953125,-0.005859375,-0.001953125,14.3125,-31.125,-54.625
2026-09-28T14:55:54.498996,-6.4296875,0.125,7.38671875,-0.001953125,-0.005859375,-0.001953125,14.3125,-31.125,-54.625
2026-09-28T14:55:54.521487,-6.4296875,0.125,7.34765625,0.001953125,0.001953125,0.0,14.3125,-31.125,-54.625
2026-09-28T14:55:54.539049,-6.4296875,0.125,7.34765625,0.001953125,0.001953125,0.0,15.1875,-31.9375,-56.125
2026-09-28T14:55:54.561467,-6.4296875,0.125,7.34765625,0.001953125,0.00390625,-0.001953125,15.1875,-31.9375,-56.125
2026-09-28T14:55:54.583559,-6.4296875,0.125,7.34765625,0.001953125,0.00390625,-0.001953125,13.25,-31.3125,-58.5625
2026-09-28T14:55:54.601156,-6.4296875,0.125,7.34765625,0.001953125,0.00390625,-0.001953125,13.25,-31.3125,-58.5625
2026-09-28T14:55:54.623522,-6.4296875,0.125,7.38671875,0.00390625,-0.015625,-0.001953125,13.25,-31.3125,-58.5625
2026-09-28T14:55:54.646214,-6.4296875,0.125,7.38671875,0.00390625,-0.015625,-0.001953125,14.0625,-32.3125,-57.375
2026-09-28T14:55:54.663777,-6.4296875,0.125,7.38671875,0.0,0.0,0.0,14.0625,-32.3125,-57.375
2026-09-28T14:55:54.685978,-6.4296875,0.125,7.38671875,0.0,0.0,0.0,13.5625,-32.125,-58.9375
2026-09-28T14:55:54.703601,-6.4296875,0.125,7.34765625,0.0,0.0,0.0,13.5625,-32.125,-58.9375
2026-09-28T14:55:54.722629,-6.4296875,0.125,7.34765625,0.0,0.0,0.001953125,13.5625,-32.125,-58.9375
2026-09-28T14:55:54.744201,-6.4296875,0.125,7.34765625,0.0,0.0,0.001953125,14.125,-32.3125,-56.25
2026-09-28T14:55:54.766152,-6.4296875,0.125,7.34765625,0.0,0.009765625,0.001953125,14.125,-32.3125,-56.25
2026-09-28T14:55:54.783732,-6.4296875,0.125,7.34765625,0.0,0.009765625,0.001953125,15.125,-31.625,-57.3125
2026-09-28T14:55:54.802636,-6.4296875,0.125,7.34765625,0.0,0.009765625,0.001953125,15.125,-31.625,-57.3125
2026-09-28T14:55:54.820426,-6.4296875,0.125,7.34765625,-0.001953125,0.00390625,0.0,15.125,-31.625,-57.3125
2026-09-28T14:55:54.843344,-6.4296875,0.125,7.34765625,-0.001953125,0.00390625,0.0,15.25,-30.8125,-56.0625
2026-09-28T14:55:54.865883,-6.4296875,0.125,7.34765625,0.0,-0.00390625,0.0,15.25,-30.8125,-56.0625
2026-09-28T14:55:54.883466,-6.4296875,0.125,7.34765625,0.0,-0.00390625,0.0,15.4375,-31.625,-58.0625
2026-09-28T14:55:54.902398,-6.4296875,0.125,7.38671875,0.0,-0.00390625,0.0,15.4375,-31.625,-58.0625
2026-09-28T14:55:54.923893,-6.4296875,0.125,7.38671875,0.0,0.013671875,0.0,15.4375,-31.625,-58.0625
2026-09-28T14:55:54.942894,-6.4296875,0.125,7.38671875,0.0,0.013671875,0.0,13.875,-31.5625,-55.0625
2026-09-28T14:55:54.965858,-6.4296875,0.125,7.34765625,0.0,0.00390625,0.001953125,13.875,-31.5625,-55.0625
2026-09-28T14:55:54.989113,-6.4296875,0.125,7.34765625,0.0,0.00390625,0.001953125,14.375,-31.25,-58.125
2026-09-28T14:55:55.003011,-6.4296875,0.125,7.34765625,0.0,0.00390625,0.001953125,14.375,-31.25,-58.125
2026-09-28T14:55:55.025226,-6.4296875,0.125,7.34765625,0.0,-0.0078125,0.00390625,14.375,-31.25,-58.125
2026-09-28T14:55:55.046945,-6.4296875,0.125,7.38671875,0.0,-0.0078125,0.00390625,14.5,-32.25,-56.1875
2026-09-28T14:55:55.064593,-6.4296875,0.125,7.38671875,-0.00390625,-0.001953125,0.001953125,14.5,-32.25,-56.1875
2026-09-28T14:55:55.087137,-6.4296875,0.125,7.38671875,-0.00390625,-0.001953125,0.001953125,13.625,-31.3125,-58.5625
2026-09-28T14:55:55.101695,-6.4296875,0.125,7.38671875,-0.00390625,-0.001953125,0.001953125,13.625,-31.3125,-58.5625
2026-09-28T14:55:55.123238,-6.46875,0.08984375,7.38671875,-0.001953125,-0.005859375,0.0,13.625,-31.3125,-58.5625
2026-09-28T14:55:55.146128,-6.4296875,0.125,7.38671875,-0.001953125,-0.005859375,0.0,14.25,-30.125,-55.375
2026-09-28T14:55:55.163792,-6.4296875,0.125,7.38671875,0.00390625,0.0078125,0.001953125,14.25,-30.125,-55.375
2026-09-28T14:55:55.185985,-6.4296875,0.125,7.38671875,0.00390625,0.0078125,0.001953125,14.375,-33.125,-57.8125
2026-09-28T14:55:55.203640,-6.4296875,0.125,7.34765625,0.00390625,0.0078125,0.001953125,14.375,-33.125,-57.8125
2026-09-28T14:55:55.222573,-6.4296875,0.125,7.34765625,-0.001953125,-0.015625,0.001953125,14.375,-33.125,-57.8125
2026-09-28T14:55:55.244410,-6.4296875,0.125,7.38671875,-0.001953125,-0.015625,0.001953125,13.875,-31.9375,-54.6875
2026-09-28T14:55:55.268447,-6.4296875,0.125,7.38671875,0.00390625,0.009765625,0.001953125,13.875,-31.9375,-54.6875
2026-09-28T14:55:55.288650,-6.4296875,0.125,7.38671875,0.00390625,0.009765625,0.001953125,14.8125,-30.875,-57.25
2026-09-28T14:55:55.313048,-6.4296875,0.125,7.34765625,-0.001953125,-0.009765625,0.0,14.8125,-30.875,-57.25
2026-09-28T14:55:55.338333,-6.4296875,0.125,7.38671875,-0.001953125,-0.009765625,0.0,13.9375,-32.4375,-59.0
2026-09-28T14:55:55.353058,-6.4296875,0.125,7.38671875,-0.001953125,-0.009765625,0.0,13.9375,-32.4375,-59.0
2026-09-28T14:55:55.375604,-6.4296875,0.125,7.38671875,-0.001953125,0.01171875,0.0,13.9375,-32.4375,-59.0
2026-09-28T14:55:55.399429,-6.4296875,0.125,7.38671875,-0.001953125,0.01171875,0.0,14.5,-31.9375,-56.1875
2026-09-28T14:55:55.422700,-6.4296875,0.125,7.38671875,0.0,-0.00390625,-0.001953125,14.5,-31.9375,-56.1875
2026-09-28T14:55:55.442868,-6.4296875,0.125,7.38671875,0.0,-0.00390625,-0.001953125,15.1875,-31.1875,-56.4375
2026-09-28T14:55:55.467087,-6.4296875,0.125,7.38671875,-0.001953125,0.013671875,0.0,15.1875,-31.1875,-56.4375
2026-09-28T14:55:55.491318,-6.4296875,0.125,7.38671875,-0.001953125,0.013671875,0.0,13.75,-31.625,-56.6875
2026-09-28T14:55:55.513882,-6.4296875,0.125,7.38671875,-0.0078125,0.001953125,-0.00390625,13.75,-31.625,-56.6875
2026-09-28T14:55:55.533162,-6.4296875,0.125,7.38671875,-0.0078125,0.001953125,-0.00390625,13.9375,-31.0,-59.6875
2026-09-28T14:55:55.552523,-6.4296875,0.125,7.38671875,-0.0078125,0.001953125,-0.00390625,13.9375,-31.0,-59.6875
2026-09-28T14:55:55.572739,-6.4296875,0.125,7.38671875,-0.001953125,0.01171875,-0.00390625,13.9375,-31.0,-59.6875
2026-09-28T14:55:55.597278,-6.46875,0.125,7.3828125,-0.001953125,0.01171875,-0.00390625,13.75,-32.3125,-56.25
2026-09-28T14:55:55.621744,-6.4296875,0.125,7.34765625,0.001953125,0.005859375,0.0,13.75,-32.3125,-56.25
2026-09-28T14:55:55.645589,-6.4296875,0.125,7.38671875,0.001953125,0.005859375,0.0,15.25,-31.5625,-55.75
2026-09-28T14:55:55.665119,-6.4296875,0.125,7.38671875,0.0,0.0,-0.00390625,15.25,-31.5625,-55.75
2026-09-28T14:55:55.688953,-6.4296875,0.125,7.38671875,0.0,0.0,-0.00390625,14.8125,-32.0,-57.3125
2026-09-28T14:55:55.712682,-6.4296875,0.125,7.38671875,-0.001953125,0.013671875,-0.001953125,14.8125,-32.0,-57.3125
2026-09-28T14:55:55.737206,-6.4296875,0.125,7.38671875,-0.001953125,0.013671875,-0.001953125,13.5625,-32.125,-58.9375
2026-09-28T14:55:55.752543,-6.4296875,0.125,7.38671875,-0.001953125,0.013671875,-0.001953125,13.5625,-32.125,-58.9375
2026-09-28T14:55:55.780360,-6.4296875,0.125,7.38671875,0.0,0.0,0.0,15.0,-32.1875,-54.625
2026-09-28T14:55:55.800527,-6.4296875,0.125,7.38671875,0.0,0.0,0.0,15.0,-32.1875,-54.625
2026-09-28T14:55:55.821311,-6.4296875,0.125,7.38671875,-0.001953125,0.00390625,-0.001953125,15.0,-32.1875,-54.625
2026-09-28T14:55:55.846242,-6.4296875,0.125,7.38671875,-0.001953125,0.00390625,-0.001953125,14.25,-31.1875,-55.0
2026-09-28T14:55:55.870107,-6.4296875,0.125,7.38671875,-0.001953125,-0.00390625,0.001953125,14.25,-31.1875,-55.0
2026-09-28T14:55:55.892218,-6.4296875,0.125,7.38671875,-0.001953125,-0.00390625,0.001953125,14.875,-32.25,-55.8125
2026-09-28T14:55:55.912514,-6.4296875,0.125,7.38671875,0.0,0.00390625,0.001953125,14.875,-32.25,-55.8125
2026-09-28T14:55:55.936300,-6.4296875,0.125,7.38671875,0.0,0.00390625,0.001953125,14.0,-32.0625,-58.1875
2026-09-28T14:55:55.961052,-6.4296875,0.125,7.38671875,0.005859375,-0.0234375,-0.00390625,14.0,-32.0625,-58.1875
2026-09-28T14:55:55.980275,-6.4296875,0.125,7.38671875,0.005859375,-0.0234375,-0.00390625,13.875,-31.75,-60.0625
2026-09-28T14:55:56.000113,-6.4296875,0.125,7.38671875,0.005859375,-0.0234375,-0.00390625,13.875,-31.75,-60.0625
2026-09-28T14:55:56.023050,-6.4296875,0.125,7.38671875,0.0,0.005859375,-0.001953125,13.875,-31.75,-60.0625
2026-09-28T14:55:56.042750,-6.4296875,0.125,7.38671875,0.0,0.005859375,-0.001953125,14.5,-32.25,-56.1875
2026-09-28T14:55:56.067710,-6.4296875,0.125,7.34765625,0.00390625,-0.013671875,0.0,14.5,-32.25,-56.1875
2026-09-28T14:55:56.092106,-6.4296875,0.125,7.38671875,0.00390625,-0.013671875,0.0,14.0625,-32.0,-57.0
2026-09-28T14:55:56.115014,-6.4296875,0.125,7.38671875,0.0,-0.00390625,-0.001953125,14.0625,-32.0,-57.0
2026-09-28T14:55:56.133940,-6.4296875,0.125,7.38671875,0.0,-0.00390625,-0.001953125,13.25,-32.0625,-58.25
2026-09-28T14:55:56.152793,-6.4296875,0.125,7.34765625,0.0,-0.00390625,-0.001953125,13.25,-32.0625,-58.25
2026-09-28T14:55:56.175005,-6.4296875,0.125,7.38671875,0.001953125,-0.005859375,0.0,13.25,-32.0625,-58.25
2026-09-28T14:55:56.193725,-6.4296875,0.125,7.38671875,0.001953125,-0.005859375,0.0,14.0625,-34.125,-55.9375
2026-09-28T14:55:56.217584,-6.4296875,0.125,7.38671875,0.0,-0.001953125,0.001953125,14.0625,-34.125,-55.9375
2026-09-28T14:55:56.240929,-6.4296875,0.125,7.38671875,0.0,-0.001953125,0.001953125,14.125,-32.0,-56.625
2026-09-28T14:55:56.261342,-6.4296875,0.125,7.38671875,0.005859375,0.013671875,0.001953125,14.125,-32.0,-56.625
2026-09-28T14:55:56.286341,-6.4296875,0.125,7.38671875,0.005859375,0.013671875,0.001953125,13.25,-32.0625,-58.25
2026-09-28T14:55:56.311235,-6.4296875,0.125,7.38671875,0.0,0.013671875,0.0,13.25,-32.0625,-58.25
2026-09-28T14:55:56.335140,-6.4296875,0.125,7.38671875,0.0,0.013671875,0.0,13.5625,-32.0625,-58.5625
2026-09-28T14:55:56.351427,-6.4296875,0.08984375,7.3828125,0.0,0.013671875,0.0,13.5625,-32.0625,-58.5625
2026-09-28T14:55:56.374377,-6.4296875,0.08984375,7.3828125,0.001953125,0.00390625,0.0,13.5625,-32.0625,-58.5625
2026-09-28T14:55:56.397365,-6.4296875,0.125,7.38671875,0.001953125,0.00390625,0.0,13.4375,-32.625,-55.125
2026-09-28T14:55:56.415919,-6.4296875,0.125,7.38671875,0.005859375,0.0234375,0.0,13.4375,-32.625,-55.125
2026-09-28T14:55:56.439479,-6.4296875,0.125,7.34765625,0.005859375,0.0234375,0.0,14.3125,-32.75,-58.1875
2026-09-28T14:55:56.462100,-6.390625,0.125,7.38671875,-0.00390625,0.013671875,0.0,14.3125,-32.75,-58.1875
2026-09-28T14:55:56.481636,-6.390625,0.125,7.38671875,-0.00390625,0.013671875,0.0,13.5,-31.75,-59.75
2026-09-28T14:55:56.501487,-6.4296875,0.125,7.38671875,-0.00390625,0.013671875,0.0,13.5,-31.75,-59.75
